{
	"display": {
		"icon": {
			"item": "minecraft:player_head",
			"nbt": "{SkullOwner:{Id:[I;35067668,152850181,-2055683214,-1643148636],Name:\"Blue Sheep\",Properties:{textures:[{Value:\"eyJ0ZXh0dXJlcyI6eyJTS0lOIjp7InVybCI6Imh0dHA6Ly90ZXh0dXJlcy5taW5lY3JhZnQubmV0L3RleHR1cmUvNzQwZTI3N2RhNmMzOThiNzQ5YTMyZjlkMDgwZjFjZjRjNGVmM2YxZjIwZGQ5ZTVmNDIyNTA5ZTdmZjU5M2MwIn19fQ==\"}]}}}"
		},
		"title": "Upgrades for Sheep",
		"description": ["",{"text":"Craft 4 custom upgrades for sheep which give them helpful abilities.","color":"aqua"}],
		"show_toast": false,
		"announce_to_chat": false
	},
    "parent": "knize1007:upgrade_mobs_root",
	"criteria": {
		"tick": {
			"trigger": "minecraft:tick"
		}
	}
}
