{
  "type": "minecraft:tree",
  "config": {
    "ignore_vines": true,
    "force_dirt": true,
    "minimum_size": {
      "type": "minecraft:two_layers_feature_size",
      "limit": 1,
      "lower_size": 1,
      "upper_size": 1
    },
    "sapling_provider": {
      "type": "minecraft:simple_state_provider",
      "state": {
        "Name": "minecraft:spruce_sapling",
        "Properties": {
          "stage": "0"
        }
      }
    },
    "dirt_provider": {
      "type": "minecraft:simple_state_provider",
      "state": {
        "Name": "minecraft:dirt"
      }
    },
    "trunk_provider": {
      "type": "minecraft:simple_state_provider",
      "state": {
        "Name": "minecraft:birch_log",
        "Properties": {
          "axis": "y"
        }
      }
    },
    "foliage_provider": {
      "type": "minecraft:simple_state_provider",
      "state": {
        "Name": "minecraft:spruce_leaves",
        "Properties": {
          "distance": "2",
          "persistent": "false"
        }
      }
    },
    "trunk_placer": {
      "type": "minecraft:straight_trunk_placer",
      "base_height": 10,
      "height_rand_a": 0,
      "height_rand_b": 0
    },
	"foliage_placer": {
       "type": "minecraft:fancy_foliage_placer",
       "radius": 1,
       "offset": 0,
       "height": 9
    },
    "decorators": [],
	"foliage_provider": {
        "type": "minecraft:weighted_state_provider",
        "entries": [
        {
        "weight": 1,
        "data": {
        "Name": "minecraft:air"
                        }
    },
        {
        "weight": 90,
        "data": {
        "Name": "minecraft:spruce_leaves",
        "Properties": {
        "distance": "1",
        "persistent": "false"
         }
        }
      }
    ]
   }
  }
}
