{
  "type": "minecraft:random_patch",
  "config": {
    "tries": 64,
    "xz_spread": 5,
    "y_spread": 3,
    "feature": {
      "feature": "norzeteus:sunflower_plains/fresh_wheat",
      "placement": [
        {
          "type": "minecraft:block_predicate_filter",
          "predicate": {
            "type": "minecraft:matching_blocks",
            "offset": [
              0,
              0,
              0
            ],
            "blocks": [
              "minecraft:dirt_path"
            ]
          }
        }
      ]
    }
  }
}
