{
    "type": "minecraft:crafting_shaped",
    "pattern": [
        "#G#",
        "BAB",
        "#P#"
    ],
    "key": {
        "#": {
            "item": "minecraft:redstone"
        },
        "G": {
            "item": "minecraft:ghast_tear"
        },
        "B": {
            "item": "minecraft:blaze_powder"
        },
        "A": {
            "item": "minecraft:amethyst_shard"
        },
        "P": {
            "item": "minecraft:phantom_membrane"
        }
    },
    "result": {
        "item": "knowledge_book"
    }
}