{
  "type": "minecraft:random_selector",
  "config": {
    "features": [],
    "default": {
      "feature": {
        "type": "minecraft:simple_block",
        "config": {
          "to_place": {
            "type": "minecraft:noise_provider",
            "seed": 0,
            "noise": {
              "firstOctave": -7,
              "amplitudes": [
                1,
                1,
                2,
                3,
                0,
                5
              ]
            },
            "scale": 1,
            "states": [
              {
                "Name": "minecraft:magenta_terracotta"
              },
              {
                "Name": "minecraft:magenta_terracotta"
              },
              {
                "Name": "minecraft:coal_block"
              },
              {
                "Name": "minecraft:coal_block"
              },
              {
                "Name": "minecraft:gravel"
              },
              {
                "Name": "minecraft:granite"
              }
            ]
          }
        }
      },
      "placement": [
        {
          "type": "count",
          "count": 255
        },
        {
          "type": "minecraft:random_offset",
          "xz_spread": {
            "type": "minecraft:uniform",
            "value": {
              "min_inclusive": -2,
              "max_inclusive": 2
            }
          },
          "y_spread": {
            "type": "minecraft:uniform",
            "value": {
              "min_inclusive": -16,
              "max_inclusive": 0
            }
          }
        },
        {
          "type": "minecraft:block_predicate_filter",
          "predicate": {
            "type": "minecraft:all_of",
            "predicates": [
              {
                "type": "minecraft:matching_blocks",
                "offset": [
                  0,
                  0,
                  0
                ],
                "blocks": [
                  "minecraft:dirt",
                  "minecraft:grass_block",
                  "minecraft:stone"
                ]
              }
            ]
          }
        }
      ]
    }
  }
}
