{
  "pools": [
    {
      "rolls": 1,
      "entries": [
        {
          "type": "minecraft:item",
          "name": "minecraft:experience_bottle",
          "functions": [
            {
              "function": "minecraft:set_nbt",
              "tag": "{ic:clear}"
            }
          ]
        }
      ]
    },
    {
      "rolls": 10,
      "bonus_rolls": 1,
      "entries": [
        {
          "type": "minecraft:item",
          "weight": 2,
          "name": "minecraft:splash_potion",
          "functions": [
            {
              "function": "set_nbt",
              "tag": "{custom_potion_effects:[{id:\"minecraft:instant_health\",amplifier:2b,duration:20},{id:\"minecraft:regeneration\",amplifier:2b,duration:300}],CustomPotionColor:16720161}"
            }
          ]
        },

        {
          "type": "item",
          "weight": 1,
          "name": "minecraft:netherite_sword",
          "functions": [
            {
              "function": "set_count",
              "count": 1
            },
            {
              "function": "set_nbt",
              "tag": "{HideFlags:2,CustomModelData:1,ic:amethyst_blade,AttributeModifiers:[{AttributeName:\"generic.attack_speed\",Name:\"generic.attack_speed\",Amount:-2.3,Operation:0,UUID:[I;232069848,20531297,-1339166817,1330268803],Slot:\"mainhand\"},{AttributeName:\"generic.attack_damage\",Name:\"generic.attack_damage\",Amount:8,Operation:0,UUID:[I;319156707,1453736356,-1572244117,1901841866],Slot:\"mainhand\"}]}"
            },
            {
              "function": "set_name",
              "name": [
                {
                  "text": "Amethyst Blade",
                  "color": "gold",
                  "italic": false
                }
              ]
            },
            {
              "function": "set_lore",
              "lore": [
                {
                  "text": " "
                },
                {
                  "text": "Deals more damage when enemy ",
                  "color": "gray",
                  "italic": false
                },
                {
                  "text": "is under half health, also has ",
                  "color": "gray",
                  "italic": false
                },
                {
                  "text": "a 20% chance of stealing the ",
                  "color": "gray",
                  "italic": false
                },
                {
                  "text": "enemy's Regeneration effect. ",
                  "color": "gray",
                  "italic": false
                },
                {
                  "text": " "
                },
                {
                  "text": "When in Main Hand:",
                  "color": "gray",
                  "italic": false
                },
                {
                  "text": " 9 Attack Damage ",
                  "color": "dark_green",
                  "italic": false
                },
                {
                  "text": " 1.7 Attack Speed",
                  "color": "dark_green",
                  "italic": false
                }
              ]
            }
          ]
        },
        {
          "type": "minecraft:item",
          "weight": 4,
          "name": "minecraft:experience_bottle",
          "functions": [
            {
              "function": "minecraft:set_count",
              "count": {
                "min": 6,
                "max": 12
              }
            }
          ]
        },
        {
          "type": "minecraft:item",
          "weight": 2,
          "name": "minecraft:ender_eye",
          "functions": [
            {
              "function": "minecraft:set_count",
              "count": {
                "min": 1,
                "max": 3
              }
            },
            {
              "function": "set_nbt",
              "tag": "{ic:rc,rc:teleport,Enchantments:[{}]}"
            },
            {
              "function": "set_name",
              "name": [
                {
                  "text": "Teleport",
                  "color": "aqua",
                  "italic": false
                }
              ]
            },
            {
              "function": "set_lore",
              "lore": [
                {
                  "text": "Right click to teleport in the ",
                  "color": "gray",
                  "italic": false
                },
                {
                  "text": "direction you are looking, range ",
                  "color": "gray",
                  "italic": false
                },
                {
                  "text": " of 20 blocks. Consumes on use. ",
                  "color": "gray",
                  "italic": false
                }
              ]
            }
          ]
        },
        {
          "type": "minecraft:loot_table",
          "weight": 3,
          "name": "infinity_cave:refs/legendary_gear"
        },
        {
          "type": "minecraft:loot_table",
          "weight": 3,
          "name": "infinity_cave:refs/amethyst/legendary"
        }
      ]
    }
  ]
}
