{
  "display": {
    "icon": {
      "item": "minecraft:bone_block"
    },
    "title": "Don't Trip!",
    "description": [
      {
        "text": "Find loot in the Limestone Houses!"
      }
    ],
    "show_toast": true,
    "announce_to_chat": true,
    "hidden": false
  },
  "parent": "infinity_cave:display/root",
  "criteria": {
    "requirement": {
      "trigger": "minecraft:player_generates_container_loot",
      "conditions": {
        "loot_table": "infinity_cave:structures/limestone_houses"
      }
    }
  }
}
