{
  "elements": [
      {
        "element": {
          "element_type": "minecraft:legacy_single_pool_element",
          "location": "minecraft:mushroom_fields/tsuhioshi/entity/cat_black",
          "processors": {"processors": []},
          "projection": "rigid"
        },
        "weight": 30
      },
      {
        "element": {
          "element_type": "minecraft:legacy_single_pool_element",
          "location": "minecraft:mushroom_fields/tsuhioshi/entity/cat_british",
          "processors": {"processors": []},
          "projection": "rigid"
        },
        "weight": 30
      },
      {
        "element": {
          "element_type": "minecraft:legacy_single_pool_element",
          "location": "minecraft:mushroom_fields/tsuhioshi/entity/cat_calico",
          "processors": {"processors": []},
          "projection": "rigid"
        },
        "weight": 30
      },
      {
        "element": {
          "element_type": "minecraft:legacy_single_pool_element",
          "location": "minecraft:mushroom_fields/tsuhioshi/entity/cat_jellie",
          "processors": {"processors": []},
          "projection": "rigid"
        },
        "weight": 30
      },
      {
        "element": {
          "element_type": "minecraft:legacy_single_pool_element",
          "location": "minecraft:mushroom_fields/tsuhioshi/entity/cat_persian",
          "processors": {"processors": []},
          "projection": "rigid"
        },
        "weight": 30
      },
      {
        "element": {
          "element_type": "minecraft:legacy_single_pool_element",
          "location": "minecraft:mushroom_fields/tsuhioshi/entity/cat_ragdoll",
          "processors": {"processors": []},
          "projection": "rigid"
        },
        "weight": 30
      },
      {
        "element": {
          "element_type": "minecraft:legacy_single_pool_element",
          "location": "minecraft:mushroom_fields/tsuhioshi/entity/cat_red",
          "processors": {"processors": []},
          "projection": "rigid"
        },
        "weight": 30
      },
      {
        "element": {
          "element_type": "minecraft:legacy_single_pool_element",
          "location": "minecraft:mushroom_fields/tsuhioshi/entity/cat_siamese",
          "processors": {"processors": []},
          "projection": "rigid"
        },
        "weight": 30
      },
      {
        "element": {
          "element_type": "minecraft:legacy_single_pool_element",
          "location": "minecraft:mushroom_fields/tsuhioshi/entity/cat_tabby",
          "processors": {"processors": []},
          "projection": "rigid"
        },
        "weight": 30
      },
      {
        "element": {
          "element_type": "minecraft:legacy_single_pool_element",
          "location": "minecraft:mushroom_fields/tsuhioshi/entity/cat_white",
          "processors": {"processors": []},
          "projection": "rigid"
        },
        "weight": 30
      },
      {
        "element": {
          "element_type": "minecraft:empty_pool_element"
        },
        "weight": 100
      }
  ],
  "fallback": "minecraft:empty"
}