{
    "elements": [
      {
        "element": {
          "element_type": "minecraft:legacy_single_pool_element",
          "location": "minecraft:mushroom_fields/tsuhioshi/terminators/terminator_1",
          "processors": "mushroom_fields/tsuhioshi/streets",
          "projection": "terrain_matching"
        },
        "weight": 100
      },
      {
        "element": {
          "element_type": "minecraft:legacy_single_pool_element",
          "location": "minecraft:mushroom_fields/tsuhioshi/terminators/terminator_2",
          "processors": "mushroom_fields/tsuhioshi/streets",
          "projection": "terrain_matching"
        },
        "weight": 100
      },
      {
        "element": {
          "element_type": "minecraft:legacy_single_pool_element",
          "location": "minecraft:mushroom_fields/tsuhioshi/terminators/terminator_3",
          "processors": "mushroom_fields/tsuhioshi/streets",
          "projection": "terrain_matching"
        },
        "weight": 100
      },
      {
        "element": {
          "element_type": "minecraft:legacy_single_pool_element",
          "location": "minecraft:mushroom_fields/tsuhioshi/terminators/terminator_4",
          "processors": "mushroom_fields/tsuhioshi/streets",
          "projection": "terrain_matching"
        },
        "weight": 100
      }
    ],
    "fallback": "minecraft:mushroom_fields/tsuhioshi/terminators"
  }