{
    "elements": [
      {
        "element": {
          "element_type": "minecraft:single_pool_element",
          "location": "minecraft:mushroom_fields/tsuhioshi/villagers/baby",
          "processors": {"processors": []},
          "projection": "rigid"
        },
        "weight": 50
      },
      {
        "element": {
          "element_type": "minecraft:single_pool_element",
          "location": "minecraft:mushroom_fields/tsuhioshi/villagers/unemployed",
          "processors": {"processors": []},
          "projection": "rigid"
        },
        "weight": 100
      },
      {
        "element": {
          "element_type": "minecraft:single_pool_element",
          "location": "minecraft:mushroom_fields/tsuhioshi/villagers/nitwit",
          "processors": {"processors": []},
          "projection": "rigid"
        },
        "weight": 20
      }
    ],
    "fallback": "minecraft:mushroom_fields/tsuhioshi/villagers"
  }