{
    "criteria": {
      "requirement": {
        "trigger": "minecraft:item_used_on_block",
        "conditions": {
          "location": [
            {
              "condition": "minecraft:match_tool",
              "predicate": {
                "items": [
                  "minecraft:armor_stand"
                ],
                "nbt": "{ic:light_emblem}"
              }
            }
          ]
        }
      }
    },
    "rewards": {
      "function": "infinity_cave:mechanics/light_emblem/check"
    }
  }
  