{
    "criteria": {
      "requirement": {
        "trigger": "minecraft:item_used_on_block",
        "conditions": {
            "location": [
              {
                "condition": "minecraft:match_tool",
                "predicate": {
                  "items": [
                    "minecraft:white_banner"
                  ],
                  "nbt": "{ic:safety_banner}"
                }
              }
          ]
        }
      }
    },
    "rewards": {
      "function": "infinity_cave:mechanics/safety_banner"
    }
  }
  