{
  "type": "minecraft:crafting_shaped",
  "category": "misc",
  "pattern": [
    "a b",
    "cdc",
    "e e"
  ],
  "key": {
    "a": {
      "item": "gyecko_archeology:carving_tool"
    },
    "b": {
      "item": "minecraft:bone"
    },
    "c": {
      "tag": "minecraft:wooden_slabs"
    },
    "d": {
      "item": "gyecko_archeology:stone_tablet"
    },
    "e": {
      "item": "minecraft:stick"
    }
  },
  "result": {
    "item": "gyecko_archeology:archeologist_table",
    "count": 1
  }
}