{
  "type": "minecraft:random_selector",
  "config": {
    "features": [],
    "default": {
      "feature": {
        "type": "minecraft:simple_block",
        "config": {
          "to_place": {
            "type": "minecraft:noise_provider",
            "seed": 0,
            "noise": {
              "firstOctave": -8,
              "amplitudes": [
                1,
                1,
                2,
                3,
                0,
                0,
                2,
                4
              ]
            },
            "scale": 1,
            "states": [
              {
                "Name": "minecraft:magenta_terracotta"
              },
              {
                "Name": "minecraft:mud"
              },
              {
                "Name": "minecraft:andesite"
              }
            ]
          }
        }
      },
      "placement": [
        {
          "type": "count",
          "count": 255
        },
        {
          "type": "minecraft:random_offset",
          "xz_spread": {
            "type": "minecraft:uniform",
            "value": {
              "min_inclusive": -6,
              "max_inclusive": 11
            }
          },
          "y_spread": {
            "type": "minecraft:uniform",
            "value": {
              "min_inclusive": -2,
              "max_inclusive":  9
            }
          }
        },
        {
          "type": "minecraft:block_predicate_filter",
          "predicate": {
            "type": "minecraft:all_of",
            "predicates": [
              {
                "type": "minecraft:any_of",
                "predicates": [
                  {
                    "type": "minecraft:matching_blocks",
                    "offset": [
                      2,
                      -1,
                      0
                    ],
                    "blocks": [
                      "minecraft:air"
                    ]
                  },
                  {
                    "type": "minecraft:matching_blocks",
                    "offset": [
                      -2,
                      -1,
                      0
                    ],
                    "blocks": [
                      "minecraft:air"
                    ]
                  },
                  {
                    "type": "minecraft:matching_blocks",
                    "offset": [
                      0,
                      -1,
                      2
                    ],
                    "blocks": [
                      "minecraft:air"
                    ]
                  },
                  {
                    "type": "minecraft:matching_blocks",
                    "offset": [
                      0,
                      -1,
                      -2
                    ],
                    "blocks": [
                      "minecraft:air"
                    ]
                  }
                ]
              },
              {
                "type": "minecraft:matching_blocks",
                "offset": [
                  0,
                  0,
                  0
                ],
                "blocks": [
                  "minecraft:dirt",
                  "minecraft:grass_block",
                  "stone"
                ]
              },
              {
                "type": "minecraft:any_of",
                "predicates": [
                  {
                    "type": "minecraft:matching_blocks",
                    "offset": [
                      1,
                      0,
                      0
                    ],
                    "blocks": [
                      "minecraft:air",
                      "minecraft:short_grass",
                      "minecraft:fern"
                    ]
                  },
                  {
                    "type": "minecraft:matching_blocks",
                    "offset": [
                      -1,
                      0,
                      0
                    ],
                    "blocks": [
                      "minecraft:air",
                      "minecraft:short_grass",
                      "minecraft:fern"
                    ]
                  },
                  {
                    "type": "minecraft:matching_blocks",
                    "offset": [
                      0,
                      0,
                      1
                    ],
                    "blocks": [
                      "minecraft:air",
                      "minecraft:short_grass",
                      "minecraft:fern"
                    ]
                  },
                  {
                    "type": "minecraft:matching_blocks",
                    "offset": [
                      0,
                      0,
                      -1
                    ],
                    "blocks": [
                      "minecraft:air",
                      "minecraft:short_grass",
                      "minecraft:fern"
                    ]
                  }
                ]
              }
            ]
          }
        }
      ]
    }
  }
}
