{
	"display": {
		"icon": {
			"item": "firework_rocket"
		},
		"title": "Hero Party",
		"description": ["",{"text":"Celebrate your victory in style.","color":"aqua"}],
		"show_toast": true,
		"announce_to_chat": true
	},
    "parent": "knize1007:unexplosive",
	"criteria": {
		"requirement": {
		  "trigger": "minecraft:started_riding",
		  "conditions": {
			"player": {
			  "vehicle": {
				"type": "minecraft:llama",
				"nbt": "{Tags:[\"light_gray_carpet\"]}"
			  },
			  "effects": {
				"minecraft:hero_of_the_village": {}
			  }
			}
		  }
		}
	  }
}
