{
	"display": {
		"icon": {
			"item": "purpur_block"
		},
		"title": "Is It Worth The Effort?",
		"description": ["",{"text":"Get a shulker bullet popper llama to an end city.","color":"aqua"}],
		"show_toast": true,
		"announce_to_chat": true,
		"frame": "challenge"
	},
    "parent": "knize1007:warden_calmer",
	"criteria": {
		"requirement": {
		  "trigger": "minecraft:started_riding",
		  "conditions": {
			"player": {
			  "location": {
				"structure": "minecraft:end_city"
			  },
			  "vehicle": {
				"type": "minecraft:llama",
				"nbt": "{Tags:[\"white_carpet\"]}"
			  }
			}
		  }
		}
	  }
}
