{
	"display": {
		"icon": {
			"item": "water_bucket"
		},
		"title": "Nonflammable",
		"description": ["",{"text":"Mansions are too flammable, don't you think?","color":"aqua"}],
		"show_toast": true,
		"announce_to_chat": true,
		"frame": "challenge"
	},
    "parent": "knize1007:is_it_worth_it",
	"criteria": {
		"requirement": {
		  "trigger": "minecraft:started_riding",
		  "conditions": {
			"player": {
			  "location": {
				"structure": "minecraft:mansion"
			  },
			  "vehicle": {
				"type": "minecraft:llama",
				"nbt": "{Tags:[\"orange_carpet\"]}"
			  }
			}
		  }
		}
	  }
}
