{
	"display": {
		"icon": {
			"item": "flint_and_steel"
		},
		"title": "Un-explosive",
		"description": ["",{"text":"Detonate a pacified charged creeper.","color":"aqua"}],
		"show_toast": true,
		"announce_to_chat": true
	},
    "parent": "knize1007:friendly_reminder",
	"criteria": {
		"requirement": {
		  "trigger": "minecraft:player_interacted_with_entity",
		  "conditions": {
			"item": {
			  "tag": "minecraft:creeper_igniters"
			},
			"entity": {
			  "type": "minecraft:creeper",
			  "nbt": "{powered:1b,ExplosionRadius:0b}"
			}
		  }
		}
	  }
}
