{
	"display": {
		"icon": {
			"item": "sculk_shrieker"
		},
		"title": "Deep Dark Conqueror",
		"description": ["",{"text":"Visit an ancient city with a llama which has a smell and sound disrupting carpet.","color":"aqua"}],
		"show_toast": true,
		"announce_to_chat": true,
		"frame": "goal"
	},
    "parent": "knize1007:hero_party",
	"criteria": {
		"requirement": {
		  "trigger": "minecraft:started_riding",
		  "conditions": {
			"player": {
			  "location": {
				"structure": "minecraft:ancient_city"
			  },
			  "vehicle": {
				"type": "minecraft:llama",
				"nbt": "{Tags:[\"cyan_carpet\"]}"
			  }
			}
		  }
		}
	}
}
