{
	"type": "minecraft:tree",
  "config": {
    "decorators": [
	  {
        "type": "minecraft:trunk_vine"
      },
      {
        "type": "minecraft:leave_vine",
		"probability": 0.25
      } 
	  ],
    "ignore_vines": false,
    "force_dirt": true,
    "dirt_provider": {
      "state": {
        "Name": "minecraft:dirt"
      },
      "type": "minecraft:simple_state_provider"
    },
    "minimum_size": {
      "limit": 1,
      "lower_size": 0,
      "upper_size": 2,
      "type": "minecraft:two_layers_feature_size"
    },
    "trunk_provider": {
      "state": {
        "Properties": {
          "axis": "y"
        },
        "Name": "minecraft:acacia_log"
      },
      "type": "minecraft:simple_state_provider"
    },
    "trunk_placer": {
      "base_height": 6,
      "height_rand_a": 2,
      "height_rand_b": 2,
      "type": "minecraft:forking_trunk_placer"
    },
    "foliage_provider": {
      "state": {
        "Properties": {
          "persistent": "false",
          "distance": "7"
        },
        "Name": "minecraft:jungle_leaves"
      },
      "type": "minecraft:simple_state_provider"
    },
    "foliage_placer": {
      "radius": 2,
      "offset": 0,
      "type": "minecraft:acacia_foliage_placer"
    }
      
  }
}