{
  "type": "minecraft:random_selector",
  "config": {
    "features": [],
    "default": {
      "feature": {
        "type": "minecraft:disk",
        "config": {
          "half_height": 4,
          "radius": {
            "type": "minecraft:uniform",
            "value": {
              "min_inclusive": 2,
              "max_inclusive": 4
            }
          },
          "state_provider": {
            "fallback": {
              "type": "minecraft:simple_state_provider",
              "state": {
                "Name": "minecraft:cyan_concrete"
              }
            },
            "rules": []
          },
          "target": {
            "type": "minecraft:matching_blocks",
            "blocks": [
              "minecraft:red_sand",
              "minecraft:sand",
              "minecraft:dirt",
              "minecraft:grass_block"
            ]
          }
        }
      },
      "placement": [
        {
          "type": "minecraft:block_predicate_filter",
          "predicate": {
            "type": "minecraft:matching_fluids",
            "fluids": "minecraft:water"
          }
        }
      ]
    }
  }
}
