{
  "config": {
    "tries": 40,
    "xz_spread": 5,
    "y_spread": 3,
    "feature": {
      "feature": {
        "config": {
          "to_place": {
            "state": {
              "Properties": {
                "half": "lower"
              },
              "Name": "minecraft:tall_grass"
            },
            "type": "minecraft:simple_state_provider"
          }
        },
        "type": "minecraft:simple_block"
      },
      "placement": [
        {
          "predicate": {
            "blocks": [
              "minecraft:air"
            ],
            "type": "minecraft:matching_blocks"
          },
          "type": "minecraft:block_predicate_filter"
        }
      ]
    }
  },
  "type": "minecraft:random_patch"
}