{
	"display": {
		"icon": {
			"item": "minecraft:player_head",
			"nbt": "{SkullOwner:{Id:[I;331091154,-831306847,-1792330377,780116157],Name:\"\",Properties:{textures:[{Value:\"eyJ0ZXh0dXJlcyI6eyJTS0lOIjp7InVybCI6Imh0dHA6Ly90ZXh0dXJlcy5taW5lY3JhZnQubmV0L3RleHR1cmUvYjY0MzlhNDNlNTY4NzAwODgxNWEyZGQxZmY0YTEzNGMxMjIyMWI3ODIzMzY2NzhiOTc5YWQxM2RjZTM5NjY1ZSJ9fX0=\"}]}}}"
		},
		"title": "Upgradeable Wolves",
		"description": ["",{"text":"Craft upgrades for wolves to make them stronger and increase their survivability.","color":"aqua"}],
		"show_toast": false,
		"announce_to_chat": false
	},
    "parent": "knize1007:upgrade_mobs_root",
	"criteria": {
		"tick": {
			"trigger": "minecraft:tick"
		}
	}
}
