{
  "pools": [
    {
      "rolls": 1,
      "entries": [
        {
          "type": "minecraft:item",
          "name": "minecraft:experience_bottle",
          "functions": [
            {
              "function": "minecraft:set_nbt",
              "tag": "{ic:clear}"
            }
          ]
        }
      ]
    },
    {
      "rolls": 10,
      "bonus_rolls": 1,
      "entries": [
        {
          "type": "minecraft:item",
          "weight": 2,
          "name": "minecraft:splash_potion",
          "functions": [
            {
              "function": "set_nbt",
              "tag": "{custom_potion_effects:[{id:\"minecraft:instant_health\",amplifier:2b,duration:20},{id:\"minecraft:regeneration\",amplifier:2b,duration:300}],CustomPotionColor:16720161}"
            }
          ]
        },
        {
          "type": "minecraft:item",
          "weight": 2,
          "name": "minecraft:coal_block",
          "functions": [
            {
              "function": "minecraft:set_count",
              "count": {
                "min": 32,
                "max": 64
              }
            }
          ]
        },

        {
          "type": "minecraft:item",
          "weight": 4,
          "name": "minecraft:experience_bottle",
          "functions": [
            {
              "function": "minecraft:set_count",
              "count": {
                "min": 6,
                "max": 12
              }
            }
          ]
        },
        {
          "type": "minecraft:loot_table",
          "weight": 3,
          "name": "infinity_cave:refs/legendary_gear"
        },
        {
          "type": "minecraft:loot_table",
          "weight": 3,
          "name": "infinity_cave:refs/limestone/legendary"
        }
      ]
    }
  ]
}
