{
    "criteria": {
      "requirement": {
        "trigger": "minecraft:fall_from_height",
        "conditions": {
          "player": [
            {
                "condition": "minecraft:entity_scores",
                "entity": "this",
                "scores": {
                  "ic.frozen_bt": 1
                }
              },
            {
              "condition": "minecraft:entity_properties",
              "entity": "this",
              "predicate": {
                "stepping_on": {
                  "block": {
                    "blocks": [
                      "minecraft:frosted_ice",
                      "minecraft:blue_ice",
                      "minecraft:ice",
                      "minecraft:packed_ice"
                    ]
                  }
                }
              }
            }
          ],
          "start_position": {},
          "distance": {
            "absolute": {
              "min": 0
            }
          }
        }
      }
    },
    "rewards": {
      "function": "infinity_cave:mechanics/armor/frozen_bt"
    }
  }
  