{
  "type": "minecraft:random_patch",
  "config": {
    "tries": 16,
    "xz_spread": 0,
    "y_spread": 5,
    "feature": {
      "feature": {
        "type": "minecraft:vegetation_patch",
        "config": {
          "surface": "floor",
          "depth": 2,
          "vertical_range": 3,
          "extra_bottom_block_chance": 1,
          "extra_edge_column_chance": 0.5,
          "vegetation_chance": 1,
          "xz_radius": {
            "type": "minecraft:biased_to_bottom",
            "value": {
              "min_inclusive": 0,
              "max_inclusive": 1
            }
          },
          "replaceable": "#minecraft:dirt",
          "ground_state": {
            "type": "minecraft:simple_state_provider",
            "state": {
              "Name": "minecraft:cobblestone"
            }
          },
          "vegetation_feature": {
            "feature": {
              "type": "minecraft:simple_block",
              "config": {
                "to_place": {
                  "type": "minecraft:simple_state_provider",
                  "state": {
                    "Name": "minecraft:cobblestone"
                  }
                }
              }
            },
            "placement": []
          }
        }
      },
      "placement": []
    }
  }
}