{
  "type": "minecraft:tree",
  "config": {
    "ignore_vines": true,
    "force_dirt": true,
    "minimum_size": {
      "type": "minecraft:two_layers_feature_size",
      "limit": 1,
      "lower_size": 0,
      "upper_size": 2
    },
    "dirt_provider": {
      "type": "minecraft:simple_state_provider",
      "state": {
        "Name": "minecraft:jungle_log",
        "Properties": {
          "axis": "y"
        }
      }
    },
    "trunk_provider": {
      "type": "minecraft:simple_state_provider",
      "state": {
        "Name": "minecraft:jungle_log",
        "Properties": {
          "axis": "y"
        }
      }
    },
    "foliage_provider": {
      "type": "minecraft:simple_state_provider",
      "state": {
        "Name": "minecraft:dark_oak_leaves",
        "Properties": {
          "persistent": "false",
          "distance": "7",
          "waterlogged": "false"
        }
      }
    },
    "trunk_placer": {
      "type": "minecraft:fancy_trunk_placer",
      "base_height": 11,
      "height_rand_a": 2,
      "height_rand_b": 6
    },
    "foliage_placer": {
      "type": "minecraft:acacia_foliage_placer",
      "radius": 3,
      "offset": 1
    },
    "decorators": []
  }
}
