{
  "criteria": {
    "requirement": {
      "trigger": "minecraft:player_hurt_entity",
      "conditions": {
        "player": [
          {
            "condition": "minecraft:entity_scores",
            "entity": "this",
            "scores": {
              "ic.amethyst_blade": {
                "min": 11
              }
            }
          }
        ],
        "damage": {
          "type": {
            "tags": [
              {
                "id": "infinity_cave:player_attack",
                "expected": true
              }
            ],
            "source_entity": {
              "equipment": {
                "mainhand": {
                  "nbt": "{ic:amethyst_blade}"
                }
              }
            }
          }
        },
        "entity": {
          "type": "#infinity_cave:all_living"
        }
      }
    }
  },
  "rewards": {
    "function": "infinity_cave:mechanics/weapons/amethyst_blade/hit_match"
  }
}
