{
    "display": {
      "icon": {
        "item": "minecraft:ender_eye",
        "nbt": "{CustomModelData:1}"
      },
      "title": "Enchantmentulet?",
      "description": [
        {
          "text": "Find your first Enchantlet!"
        }
      ],
      "show_toast": true,
      "announce_to_chat": true,
      "hidden": false
    },
    "parent": "infinity_cave:display/root",
    "criteria": {
      "requirement": {
        "trigger": "minecraft:inventory_changed",
        "conditions": {
          "items": [
            {
              "items": [
                "minecraft:ender_eye"
              ],
              "nbt": "{rc:enchant}"
            }
          ]
        }
      }
    }
  }
  