{
  "display": {
    "icon": {
      "item": "minecraft:ender_eye",
      "nbt": "{CustomModelData:4}"
    },
    "title": "TIER 4 SUBS EXIST?!",
    "description": [
      {
        "text": "Find your first Tier IV Enchantlet!"
      }
    ],
    "show_toast": true,
    "announce_to_chat": true,
    "hidden": false
  },
  "parent": "infinity_cave:display/enchantlet/3",
  "criteria": {
    "requirement": {
      "trigger": "minecraft:inventory_changed",
      "conditions": {
        "items": [
          {
            "items": [
              "minecraft:ender_eye"
            ],
            "nbt": "{ec:4}"
          }
        ]
      }
    }
  }
}
