{
    "display": {
      "icon": {
        "item": "minecraft:diamond_sword"
      },
      "title": "WOAH BE CAREFUL, THAT'S REALLY SHARP!",
      "description": [
        {
          "text": "Obtain sharpness VI+"
        }
      ],
      "show_toast": true,
      "announce_to_chat": true,
      "hidden": false
    },
    "parent": "infinity_cave:display/enchantlet/4",
    "criteria": {
      "requirement": {
        "trigger": "minecraft:inventory_changed",
        "conditions": {
          "items": [
            {
              "tag": "infinity_cave:sharpness",
              "enchantments": [
                {
                  "enchantment": "minecraft:sharpness",
                  "levels": {
                    "min": 6
                  }
                }
              ]
            }
          ]
        }
      }
    }
  }
  