{
    "criteria": {
      "requirement": {
        "trigger": "minecraft:player_killed_entity",
        "conditions": {
          "player": [],
          "entity": {
            "type": "minecraft:slime",
            "team": "ic.mob_team",
            "equipment": {
                "chest": {
                  "items": [
                    "minecraft:leather_chestplate"
                  ]
                }
              }
            }
        }
      }
    },
    "rewards": {
      "function": "infinity_cave:mechanics/slime/common"
    }
  }
  