{
    "criteria": {
      "requirement": {
        "trigger": "minecraft:player_killed_entity",
        "conditions": {
          "player": [],
          "entity": {
            "type": "minecraft:slime",
            "team": "ic.mob_team",
            "equipment": {
              "chest": {
                "items": [
                  "minecraft:chainmail_chestplate"
                ]
              }
            }
          }
        }
      }
    },
    "rewards": {
      "function": "infinity_cave:mechanics/slime/uncommon"
    }
  }
  