{
  "feature": {
    "type": "minecraft:netherrack_replace_blobs",
    "config": {
      "state": {
        "Name": "minecraft:red_sandstone"
      },
      "target": {
        "Name": "minecraft:light_gray_terracotta"
      },
      "radius": {
        "type": "minecraft:uniform",
        "value": {
          "min_inclusive": 7,
          "max_inclusive": 12
        }
      }
    }
  },
  "placement": [
    {
      "type": "minecraft:count",
      "count": 2
    },
    {
      "type": "minecraft:count",
      "count": 200
    },
    {
      "type": "minecraft:in_square"
    },
    {
      "type": "minecraft:heightmap",
      "heightmap": "OCEAN_FLOOR"
    },
    {
      "type": "minecraft:biome"
    }
  ]
}
