{
  "criteria": {
    "requirement": {
      "trigger": "minecraft:player_hurt_entity",
      "conditions": {
        "player": [
          {
            "condition": "minecraft:random_chance",
            "chance": 0.2
          },
          {
            "condition": "minecraft:entity_scores",
            "entity": "this",
            "scores": {
              "ic.steel_battleaxe_2": {
                "min": 11
              }
            }
          },
          {
            "condition": "minecraft:entity_properties",
            "entity": "this",
            "predicate": {
              "equipment": {
                "mainhand": {
                  "nbt": "{ic:steel_battleaxe}"
                }
              }
            }
          }
        ],
        "entity": {
          "type": "#infinity_cave:all_living",
          "effects": {
            "minecraft:resistance": {}
          }
        }
      }
    }
  },
  "rewards": {
    "function": "infinity_cave:mechanics/weapons/steel_battleaxe/hit_match_2"
  }
}
