{
  "criteria": {
    "requirement": {
      "trigger": "minecraft:player_hurt_entity",
      "conditions": {
        "player": [
          {
            "condition": "minecraft:entity_scores",
            "entity": "this",
            "scores": {
              "ic.steel_battleaxe": {
                "min": 11
              }
            }
          }
        ],
        "damage": {
          "type": {
            "tags": [
              {
                "id": "infinity_cave:player_attack",
                "expected": true
              }
            ],
            "source_entity": {
              "equipment": {
                "mainhand": {
                  "nbt": "{ic:steel_battleaxe}"
                }
              }
            }
          }
        },
        "entity": [
          {
            "condition": "minecraft:any_of",
            "terms": [
              {
                "condition": "minecraft:entity_properties",
                "entity": "this",
                "predicate": {
                  "equipment": {
                    "offhand": {
                      "items": [
                        "minecraft:shield"
                      ]
                    }
                  }
                }
              },
              {
                "condition": "minecraft:entity_properties",
                "entity": "this",
                "predicate": {
                  "equipment": {
                    "mainhand": {
                      "items": [
                        "minecraft:shield"
                      ]
                    }
                  }
                }
              }
            ]
          }
        ]
      }
    }
  },
  "rewards": {
    "function": "infinity_cave:mechanics/weapons/steel_battleaxe/hit_match"
  }
}
