{
  "criteria": {
    "requirement": {
      "trigger": "minecraft:player_hurt_entity",
      "conditions": {
        "player": [
          {
            "condition": "minecraft:entity_scores",
            "entity": "this",
            "scores": {
              "ic.bastion_piercer": {
                "min": 11
              }
            }
          }
        ],
        "damage": {
          "type": {
            "tags": [
              {
                "id": "infinity_cave:player_attack",
                "expected": true
              }
            ],
            "source_entity": {
              "equipment": {
                "mainhand": {
                  "nbt": "{ic:bastion_piercer}"
                }
              }
            }
          }
        },
        "entity": [
          {
            "condition": "minecraft:entity_properties",
            "entity": "this",
            "predicate": {
              "distance": {
                "absolute": {
                  "min": 2.75
                }
              }
            }
          }
        ]
      }
    }
  },
  "rewards": {
    "function": "infinity_cave:mechanics/weapons/bastion_piercer/hit_match"
  }
}
