{
  "criteria": {
    "requirement": {
      "trigger": "minecraft:entity_hurt_player",
      "conditions": {
        "player": [
          {
            "condition": "minecraft:any_of",
            "terms": [
              {
                "condition": "minecraft:entity_properties",
                "entity": "this",
                "predicate": {
                  "equipment": {
                    "mainhand": {
                      "items": [
                        "minecraft:shield"
                      ],
                      "nbt": "{ic:acid_shield}"
                    }
                  }
                }
              },
              {
                "condition": "minecraft:entity_properties",
                "entity": "this",
                "predicate": {
                  "equipment": {
                    "offhand": {
                      "items": [
                        "minecraft:shield"
                      ],
                      "nbt": "{ic:acid_shield}"
                    }
                  }
                }
              }
            ]
          }
        ],
        "damage": {
          "blocked": true
        }
      }
    }
  },
  "rewards": {
    "function": "infinity_cave:mechanics/weapons/acid_shield/durability"
  }
}
