{
    "type": "minecraft:crafting_shaped",
    "pattern": [
        "#W#",
        "QBQ",
        "GQG"
    ],
    "key": {
        "#": {
            "item": "minecraft:coal_block"
        },
        "W": {
            "item": "minecraft:wither_skeleton_skull"
        },
        "Q": {
            "item": "minecraft:quartz"
        },
        "B": {
            "item": "minecraft:black_carpet"
        },
        "G": {
            "item": "minecraft:golden_apple"
        }
    },
    "result": {
        "item": "minecraft:knowledge_book",
        "count": 1
    }
}