{
    "type": "minecraft:crafting_shaped",
    "pattern": [
        "#S#",
        "SBS",
        "LXL"
    ],
    "key": {
        "#": {
            "item": "minecraft:emerald"
        },
        "S": {
            "item": "minecraft:string"
        },
        "B": {
            "item": "minecraft:blue_carpet"
        },
        "L": {
            "item": "minecraft:lapis_lazuli"
        },
        "X": {
            "item": "minecraft:saddle"
        }
    },
    "result": {
        "item": "minecraft:knowledge_book",
        "count": 1
    }
}