{
    "type": "minecraft:crafting_shaped",
    "pattern": [
        "#D#",
        "BEB",
        "MSM"
    ],
    "key": {
        "#": {
            "item": "minecraft:pumpkin_seeds"
        },
        "D": {
            "item": "minecraft:diamond_hoe"
        },
        "B": {
            "item": "minecraft:beetroot_seeds"
        },
        "E": {
            "item": "minecraft:brown_carpet"
        },
        "M": {
            "item": "minecraft:melon_seeds"
        },
        "S": {
            "item": "minecraft:dispenser"
        }
    },
    "result": {
        "item": "minecraft:knowledge_book",
        "count": 1
    }
}