{
    "type": "minecraft:crafting_shaped",
    "pattern": [
        "#M#",
        "NCN",
        "#R#"
    ],
    "key": {
        "#": {
            "item": "minecraft:echo_shard"
        },
        "M": {
            "item": "minecraft:music_disc_5"
        },
        "N": {
            "item": "minecraft:netherite_scrap"
        },
        "C": {
            "item": "minecraft:cyan_carpet"
        },
        "R": {
            "item": "minecraft:recovery_compass"
        }
    },
    "result": {
        "item": "minecraft:knowledge_book",
        "count": 1
    }
}