{
    "type": "minecraft:crafting_shaped",
    "pattern": [
        "#N#",
        "GMG",
        "DBD"
    ],
    "key": {
        "#": {
            "item": "minecraft:fermented_spider_eye"
        },
        "N": {
            "item": "minecraft:nether_wart"
        },
        "G": {
            "item": "minecraft:golden_carrot"
        },
        "M": {
            "item": "minecraft:gray_carpet"
        },
        "D": {
            "item": "minecraft:dragon_breath"
        },
        "B": {
            "item": "minecraft:brewing_stand"
        }
    },
    "result": {
        "item": "minecraft:knowledge_book",
        "count": 1
    }
}