{
    "type": "minecraft:crafting_shaped",
    "pattern": [
        "#G#",
        "CMC",
        "#G#"
    ],
    "key": {
        "#": {
            "item": "minecraft:amethyst_shard"
        },
        "G": {
            "item": "minecraft:gunpowder"
        },
        "C": {
            "item": "minecraft:creeper_head"
        },
        "M": {
            "item": "minecraft:green_carpet"
        }
    },
    "result": {
        "item": "minecraft:knowledge_book",
        "count": 1
    }
}