{
    "type": "minecraft:crafting_shaped",
    "pattern": [
        "#G#",
        "GLG",
        "ENE"
    ],
    "key": {
        "#": {
            "item": "minecraft:diamond"
        },
        "G": {
            "item": "minecraft:glow_ink_sac"
        },
        "L": {
            "item": "minecraft:light_blue_carpet"
        },
        "E": {
            "item": "minecraft:experience_bottle"
        },
        "N": {
            "item": "minecraft:nether_star"
        }
    },
    "result": {
        "item": "minecraft:knowledge_book",
        "count": 1
    }
}