{
    "type": "minecraft:crafting_shaped",
    "pattern": [
        "#TP",
        "OLB",
        "YJM"
    ],
    "key": {
        "#": {
            "item": "minecraft:red_dye"
        },
        "T": {
            "tag": "music_discs"
        },
        "P": {
            "item": "minecraft:purple_dye"
        },
        "O": {
            "item": "minecraft:orange_dye"
        },
        "L": {
            "item": "minecraft:light_gray_carpet"
        },
        "B": {
            "item": "minecraft:blue_dye"
        },
        "Y": {
            "item": "minecraft:yellow_dye"
        },
        "J": {
            "item": "minecraft:jukebox"
        },
        "M": {
            "item": "minecraft:lime_dye"
        }
    },
    "result": {
        "item": "minecraft:knowledge_book",
        "count": 1
    }
}