{
    "type": "minecraft:crafting_shaped",
    "pattern": [
        "#E#",
        "CLC",
        "#T#"
    ],
    "key": {
        "#": {
            "item": "minecraft:experience_bottle"
        },
        "E": {
            "item": "minecraft:emerald_block"
        },
        "C": {
            "item": "minecraft:echo_shard"
        },
        "L": {
            "item": "minecraft:lime_carpet"
        },
        "T": {
            "item": "minecraft:totem_of_undying"
        }
    },
    "result": {
        "item": "minecraft:knowledge_book",
        "count": 1
    }
}