{
    "type": "minecraft:crafting_shaped",
    "pattern": [
        "#W#",
        "/O/",
        "#N#"
    ],
    "key": {
        "#": {
            "item": "minecraft:prismarine_crystals"
        },
        "W": {
            "item": "minecraft:water_bucket"
        },
        "/": {
            "item": "minecraft:blaze_rod"
        },
        "O": {
            "item": "minecraft:orange_carpet"
        },
        "N": {
            "item": "minecraft:wet_sponge"
        }
    },
    "result": {
        "item": "minecraft:knowledge_book",
        "count": 1
    }
}