{
    "type": "minecraft:crafting_shaped",
    "pattern": [
        "#E#",
        "BPB",
        "#G#"
    ],
    "key": {
        "#": {
            "item": "minecraft:fire_charge"
        },
        "E": {
            "item": "minecraft:enchanted_golden_apple"
        },
        "B": {
            "item": "minecraft:blaze_powder"
        },
        "P": {
            "item": "minecraft:pink_carpet"
        },
        "G": {
            "item": "minecraft:ghast_tear"
        }
    },
    "result": {
        "item": "minecraft:knowledge_book",
        "count": 1
    }
}