{
    "type": "minecraft:crafting_shaped",
    "pattern": [
        "#E#",
        "EBE",
        "DRD"
    ],
    "key": {
        "#": {
            "item": "minecraft:popped_chorus_fruit"
        },
        "E": {
            "item": "minecraft:ender_pearl"
        },
        "B": {
            "item": "minecraft:purple_carpet"
        },
        "D": {
            "item": "minecraft:dragon_head"
        },
        "R": {
            "item": "minecraft:respawn_anchor"
        }
    },
    "result": {
        "item": "minecraft:knowledge_book",
        "count": 1
    }
}