{
    "type": "minecraft:crafting_shaped",
    "pattern": [
        "#N#",
        "#R#",
        "#D#"
    ],
    "key": {
        "#": {
            "item": "minecraft:nether_wart"
        },
        "N": {
            "item": "minecraft:netherite_hoe"
        },
        "R": {
            "item": "minecraft:red_carpet"
        },
        "D": {
            "item": "minecraft:dispenser"
        }
    },
    "result": {
        "item": "minecraft:knowledge_book",
        "count": 1
    }
}