{
    "type": "minecraft:crafting_shaped",
    "pattern": [
        "#S#",
        "AWA",
        "PDP"
    ],
    "key": {
        "#": {
            "item": "minecraft:ghast_tear"
        },
        "S": {
            "item": "minecraft:shulker_shell"
        },
        "A": {
            "item": "minecraft:amethyst_shard"
        },
        "W": {
            "item": "minecraft:white_carpet"
        },
        "P": {
            "item": "minecraft:popped_chorus_fruit"
        },
        "D": {
            "item": "minecraft:diamond_block"
        }
    },
    "result": {
        "item": "minecraft:knowledge_book",
        "count": 1
    }
}