{
    "type": "minecraft:crafting_shaped",
    "pattern": [
        "#D#",
        "CYC",
        "#B#"
    ],
    "key": {
        "#": {
            "item": "minecraft:glowstone_dust"
        },
        "D": {
            "item": "minecraft:daylight_detector"
        },
        "C": {
            "item": "minecraft:clock"
        },
        "Y": {
            "item": "minecraft:yellow_carpet"
        },
        "B": {
            "item": "minecraft:bell"
        }
    },
    "result": {
        "item": "minecraft:knowledge_book",
        "count": 1
    }
}