{
  "processors": [
    {
      "processor_type": "minecraft:rule",
      "rules": [
        {
          "location_predicate": {
            "predicate_type": "minecraft:always_true"
          },
          "input_predicate": {
            "predicate_type": "minecraft:random_block_match",
            "block": "minecraft:cobblestone_wall",
            "probability": 0.33
          },
          "output_state": {
            "Name": "minecraft:mossy_stone_brick_wall",
            "Properties": {
              "east": "none",
              "north": "none",
              "south": "none",
              "up": "true",
              "waterlogged": "false",
              "west": "none"
            }
          }
        },
        {
          "location_predicate": {
            "predicate_type": "minecraft:always_true"
          },
          "input_predicate": {
            "predicate_type": "minecraft:random_block_match",
            "block": "minecraft:cobblestone_wall",
            "probability": 0.33
          },
          "output_state": {
            "Name": "minecraft:stone_brick_wall",
            "Properties": {
              "east": "none",
              "north": "none",
              "south": "none",
              "up": "true",
              "waterlogged": "false",
              "west": "none"
            }
          }
        }
      ]
    },
    {
      "processor_type": "minecraft:rule",
      "rules": [
        {
          "location_predicate": {
            "predicate_type": "minecraft:always_true"
          },
          "input_predicate": {
            "predicate_type": "minecraft:random_block_match",
            "block": "minecraft:cobblestone",
            "probability": 0.33
          },
          "output_state": {
            "Name": "minecraft:mossy_cobblestone"
          }
        },
        {
          "location_predicate": {
            "predicate_type": "minecraft:always_true"
          },
          "input_predicate": {
            "predicate_type": "minecraft:random_block_match",
            "block": "minecraft:cobblestone",
            "probability": 0.33
          },
          "output_state": {
            "Name": "minecraft:andesite"
          }
        }
      ]
    },
    {
      "processor_type": "minecraft:rule",
      "rules": [
        {
          "location_predicate": {
            "predicate_type": "minecraft:always_true"
          },
          "input_predicate": {
            "predicate_type": "minecraft:random_block_match",
            "block": "minecraft:brick_wall",
            "probability": 0.25
          },
          "output_state": {
            "Name": "minecraft:granite_wall",
            "Properties": {
              "east": "none",
              "north": "none",
              "south": "none",
              "up": "true",
              "waterlogged": "false",
              "west": "none"
            }
          }
        }
      ]
    },
    {
      "processor_type": "minecraft:rule",
      "rules": [
        {
          "location_predicate": {
            "predicate_type": "minecraft:always_true"
          },
          "input_predicate": {
            "predicate_type": "minecraft:random_block_match",
            "block": "minecraft:bricks",
            "probability": 0.25
          },
          "output_state": {
            "Name": "minecraft:granite"
          }
        }
      ]
    },
    {
      "processor_type": "minecraft:rule",
      "rules": [
        {
          "location_predicate": {
            "predicate_type": "minecraft:always_true"
          },
          "input_predicate": {
            "predicate_type": "minecraft:random_block_match",
            "block": "minecraft:smooth_quartz",
            "probability": 0
          },
          "output_state": {
            "Name": "minecraft:white_wool"
          }
        },
        {
          "location_predicate": {
            "predicate_type": "minecraft:always_true"
          },
          "input_predicate": {
            "predicate_type": "minecraft:random_block_match",
            "block": "minecraft:smooth_quartz",
            "probability": 0
          },
          "output_state": {
            "Name": "minecraft:white_concrete_powder"
          }
        },
        {
          "location_predicate": {
            "predicate_type": "minecraft:always_true"
          },
          "input_predicate": {
            "predicate_type": "minecraft:random_block_match",
            "block": "minecraft:smooth_quartz",
            "probability": 0.07
          },
          "output_state": {
            "Name": "minecraft:white_concrete"
          }
        },
        {
          "location_predicate": {
            "predicate_type": "minecraft:always_true"
          },
          "input_predicate": {
            "predicate_type": "minecraft:random_block_match",
            "block": "minecraft:smooth_quartz",
            "probability": 0.07
          },
          "output_state": {
            "Name": "minecraft:birch_wood",
            "Properties": {
              "axis": "y"
            }
          }
        },
        {
          "location_predicate": {
            "predicate_type": "minecraft:always_true"
          },
          "input_predicate": {
            "predicate_type": "minecraft:random_block_match",
            "block": "minecraft:smooth_quartz",
            "probability": 0.07
          },
          "output_state": {
            "Name": "minecraft:polished_diorite"
          }
        },
        {
          "location_predicate": {
            "predicate_type": "minecraft:always_true"
          },
          "input_predicate": {
            "predicate_type": "minecraft:random_block_match",
            "block": "minecraft:smooth_quartz",
            "probability": 0.07
          },
          "output_state": {
            "Name": "minecraft:diorite"
          }
        },
        {
          "location_predicate": {
            "predicate_type": "minecraft:always_true"
          },
          "input_predicate": {
            "predicate_type": "minecraft:random_block_match",
            "block": "minecraft:smooth_quartz",
            "probability": 0.07
          },
          "output_state": {
            "Name": "minecraft:calcite"
          }
        }
      ]
    },
    {
      "processor_type": "minecraft:rule",
      "rules": [
        {
          "location_predicate": {
            "predicate_type": "minecraft:always_true"
          },
          "input_predicate": {
            "predicate_type": "minecraft:random_block_match",
            "block": "minecraft:ancient_debris",
            "probability": 0.125
          },
          "output_state": {
            "Name": "minecraft:deepslate_diamond_ore"
          }
        },
        {
          "location_predicate": {
            "predicate_type": "minecraft:always_true"
          },
          "input_predicate": {
            "predicate_type": "minecraft:random_block_match",
            "block": "minecraft:ancient_debris",
            "probability": 0.125
          },
          "output_state": {
            "Name": "minecraft:deepslate_gold_ore"
          }
        },
        {
          "location_predicate": {
            "predicate_type": "minecraft:always_true"
          },
          "input_predicate": {
            "predicate_type": "minecraft:random_block_match",
            "block": "minecraft:ancient_debris",
            "probability": 0.125
          },
          "output_state": {
            "Name": "minecraft:deepslate_iron_ore"
          }
        },
        {
          "location_predicate": {
            "predicate_type": "minecraft:always_true"
          },
          "input_predicate": {
            "predicate_type": "minecraft:random_block_match",
            "block": "minecraft:ancient_debris",
            "probability": 0.125
          },
          "output_state": {
            "Name": "minecraft:deepslate_coal_ore"
          }
        },
        {
          "location_predicate": {
            "predicate_type": "minecraft:always_true"
          },
          "input_predicate": {
            "predicate_type": "minecraft:random_block_match",
            "block": "minecraft:ancient_debris",
            "probability": 0.125
          },
          "output_state": {
            "Name": "minecraft:deepslate_lapis_ore"
          }
        },
        {
          "location_predicate": {
            "predicate_type": "minecraft:always_true"
          },
          "input_predicate": {
            "predicate_type": "minecraft:random_block_match",
            "block": "minecraft:ancient_debris",
            "probability": 0.125
          },
          "output_state": {
            "Name": "minecraft:deepslate_redstone_ore",
            "Properties": {
              "lit": "false"
            }
          }
        },
        {
          "location_predicate": {
            "predicate_type": "minecraft:always_true"
          },
          "input_predicate": {
            "predicate_type": "minecraft:random_block_match",
            "block": "minecraft:ancient_debris",
            "probability": 0.125
          },
          "output_state": {
            "Name": "minecraft:deepslate_copper_ore",
            "Properties": {
              "lit": "false"
            }
          }
        }
      ]
    }
  ]
}
