{
  "name": "revampedvillages:outpost/illager",
  "fallback": "minecraft:empty",
  "elements": [
    {
      "weight": 20,
      "element": {
        "location": "revampedvillages:entities/villager",
        "processors": "minecraft:empty",
		"projection": "terrain_matching",
        "element_type": "minecraft:legacy_single_pool_element"
      }
    },  
    {
      "weight": 5,
      "element": {
        "location": "revampedvillages:entities/allay",
        "processors": "minecraft:empty",
		"projection": "terrain_matching",
        "element_type": "minecraft:legacy_single_pool_element"
      }
    }
  ]
}