{
    "feature": "norzeteus:wet_jungle/tree_1",
    "placement": [
        {
            "type": "minecraft:count_on_every_layer",
            "count": 2
          },
        {
            "type": "minecraft:block_predicate_filter",
            "predicate": {
              "type": "minecraft:all_of",
              "predicates": [
                {
                  "type": "minecraft:replaceable"
                },
                {
                  "type": "minecraft:matching_blocks",
                  "offset": [
                    0,
                    -1,
                    0
                  ],
                  "blocks": [
                    "minecraft:grass_block",
					"minecraft:muddy_mangrove_roots",
					"minecraft:podzol",
					"minecraft:water"
                  ]
                },
                {
                  "type": "minecraft:not",
                  "predicate": {
                    "type": "minecraft:matching_blocks",
                    "offset": [
                      0,
                      0,
                      0
                    ],
                    "blocks": [
                      
                      "minecraft:oak_leaves",
                      "minecraft:jungle_leaves"
                    ]
                  }
                }
              ]
            }
          },
        {
            "type": "heightmap",
            "heightmap": "WORLD_SURFACE_WG"
        },
        {
            "type": "minecraft:surface_water_depth_filter",
            "max_water_depth": 1
        },

        
        {
            "type": "minecraft:biome"
        }
    ]
}
