{
  "type": "minecraft:tree",
  "config": {
    "ignore_vines": true,
    "force_dirt": true,
    "minimum_size": {
      "type": "minecraft:two_layers_feature_size",
      "limit": 1,
      "lower_size": 1,
      "upper_size": 1
    },
    "sapling_provider": {
      "type": "minecraft:simple_state_provider",
      "state": {
        "Name": "minecraft:spruce_sapling",
        "Properties": {
          "stage": "0"
        }
      }
    },
    "dirt_provider": {
      "type": "minecraft:simple_state_provider",
      "state": {
        "Name": "minecraft:dirt"
      }
    },
    "trunk_provider": {
      "type": "minecraft:simple_state_provider",
      "state": {
        "Name": "minecraft:spruce_log",
        "Properties": {
          "axis": "y"
        }
      }
    },
    
    "trunk_placer": {
      "type": "minecraft:giant_trunk_placer",
      "base_height": 16,
      "height_rand_a": 8,
      "height_rand_b": 13
    },
	"foliage_placer": {
      "type": "minecraft:mega_pine_foliage_placer",
      "radius": {
        "type": "minecraft:uniform",
        "value": {
          "min_inclusive": 1,
          "max_inclusive": 1
        }
      },
      "offset": 0,
      "crown_height": {
        "type": "minecraft:uniform",
        "value": {
          "min_inclusive": 16,
          "max_inclusive": 23
        }
      }
    },
    
    "decorators": [],
	"foliage_provider": {
        "type": "minecraft:weighted_state_provider",
        "entries": [
        {
        "weight": 1,
        "data": {
        "Name": "minecraft:air"
                        }
    },
        {
        "weight": 50,
        "data": {
        "Name": "minecraft:azalea_leaves",
        "Properties": {
        "distance": "1",
        "persistent": "false"
         }
        }
      }
    ]
   }
  }
 }
