{
  "feature": {
    "type": "minecraft:random_selector",
    "config": {
      "features": [
        {
          "chance": 0.5,
          "feature": {
            "feature": {
              "type": "minecraft:tree",
              "config": {
                "ignore_vines": true,
                "force_dirt": true,
                "minimum_size": {
                  "type": "minecraft:two_layers_feature_size",
                  "limit": 1,
                  "lower_size": 1,
                  "upper_size": 1
                },
                "dirt_provider": {
                  "type": "minecraft:simple_state_provider",
                  "state": {
                    "Name": "minecraft:dirt"
                  }
                },
                "trunk_provider": {
                  "type": "minecraft:simple_state_provider",
                  "state": {
                    "Name": "minecraft:birch_log",
                    "Properties": {
                      "axis": "y"
                    }
                  }
                },
                "foliage_provider": {
                  "type": "minecraft:simple_state_provider",
                  "state": {
                    "Name": "minecraft:spruce_leaves",
                    "Properties": {
                      "distance": "6",
                      "persistent": "false",
                      "waterlogged": "false"
                    }
                  }
                },
                "trunk_placer": {
                  "type": "minecraft:straight_trunk_placer",
                  "base_height": 6,
                  "height_rand_a": 0,
                  "height_rand_b": 0
                },
                "foliage_placer": {
                  "type": "minecraft:fancy_foliage_placer",
                  "radius": 1,
                  "offset": 1,
                  "height": 7
                },
                "decorators": []
              }
            },
            "placement": []
          }
        }
      ],
      "default": {
        "feature": {
          "type": "minecraft:tree",
          "config": {
            "ignore_vines": true,
            "force_dirt": true,
            "minimum_size": {
              "type": "minecraft:two_layers_feature_size",
              "limit": 1,
              "lower_size": 1,
              "upper_size": 1
            },
            "dirt_provider": {
              "type": "minecraft:simple_state_provider",
              "state": {
                "Name": "minecraft:dirt"
              }
            },
            "trunk_provider": {
              "type": "minecraft:simple_state_provider",
              "state": {
                "Name": "minecraft:birch_log",
                "Properties": {
                  "axis": "y"
                }
              }
            },
            "foliage_provider": {
              "type": "minecraft:simple_state_provider",
              "state": {
                "Name": "minecraft:spruce_leaves",
                "Properties": {
                  "distance": "6",
                  "persistent": "false",
                  "waterlogged": "false"
                }
              }
            },
            "trunk_placer": {
              "type": "minecraft:straight_trunk_placer",
              "base_height": 6,
              "height_rand_a": 0,
              "height_rand_b": 0
            },
            "foliage_placer": {
              "type": "minecraft:fancy_foliage_placer",
              "radius": 1,
              "offset": 6,
              "height": 7
            },
            "decorators": []
          }
        },
        "placement": []
      }
    }
  },
  "placement": [
    {
      "type": "minecraft:count",
      "count": 2
    },
    {
      "type": "minecraft:block_predicate_filter",
      "predicate": {
        "type": "minecraft:matching_blocks",
        "offset": [
          0,
          -1,
          0
        ],
        "blocks": [
          "minecraft:grass_block",
          "minecraft:dirt"
        ]
      }
    }
  ]
}
