{
  "feature": {
    "type": "minecraft:random_selector",
    "config": {
      "features": [
        {
          "chance": 0.2,
          "feature": "norzeteus:pine_heathland/cypress_2"
        }
      ],
      "default": "norzeteus:pine_heathland/cypress_1"
    }
  },
  "placement": [
    {
      "type": "minecraft:count",
      "count": 2
    },
    {
      "type": "minecraft:in_square"
    },
    {
      "type": "minecraft:heightmap",
      "heightmap": "WORLD_SURFACE_WG"
    },
    {
      "type": "minecraft:biome"
    }
  ]
}
