{
  "feature": "norzeteus:oasis/acacia_coast",
  "placement": [
    {
      "type": "minecraft:count",
      "count": 20
    },
    {
      "type": "minecraft:in_square"
    },
    {
      "type": "minecraft:height_range",
      "height": {
        "absolute": 63
      }
    },
    {
      "type": "minecraft:block_predicate_filter",
      "predicate": {
        "type": "minecraft:all_of",
        "predicates": [
          {
            "type": "minecraft:matching_blocks",
            "offset": [
              0,
              0,
              0
            ],
            "blocks": [
              "minecraft:air"
            ]
          },
          {
            "type": "minecraft:matching_blocks",
            "offset": [
              0,
              -1,
              0
            ],
            "blocks": [
              "minecraft:sand",
			  "minecraft:cyan_concrete"
            ]
          },
          {
            "type": "minecraft:any_of",
            "predicates": [
              {
                "type": "minecraft:matching_fluids",
                "offset": [
                  1,
                  -1,
                  0
                ],
                "fluids": [
                  "minecraft:water"
                ]
              },
              {
                "type": "minecraft:matching_fluids",
                "offset": [
                  2,
                  -1,
                  0
                ],
                "fluids": [
                  "minecraft:water"
                ]
              },
              {
                "type": "minecraft:matching_fluids",
                "offset": [
                  3,
                  -1,
                  0
                ],
                "fluids": [
                  "minecraft:water"
                ]
              },
              {
                "type": "minecraft:matching_fluids",
                "offset": [
                  4,
                  -1,
                  0
                ],
                "fluids": [
                  "minecraft:water"
                ]
              },
              {
                "type": "minecraft:matching_fluids",
                "offset": [
                  5,
                  -1,
                  0
                ],
                "fluids": [
                  "minecraft:water"
                ]
              },
              {
                "type": "minecraft:matching_fluids",
                "offset": [
                  1,
                  -1,
                  1
                ],
                "fluids": [
                  "minecraft:water"
                ]
              },
              {
                "type": "minecraft:matching_fluids",
                "offset": [
                  2,
                  -1,
                  2
                ],
                "fluids": [
                  "minecraft:water"
                ]
              },
              {
                "type": "minecraft:matching_fluids",
                "offset": [
                  3,
                  -1,
                  3
                ],
                "fluids": [
                  "minecraft:water"
                ]
              },
              {
                "type": "minecraft:matching_fluids",
                "offset": [
                  4,
                  -1,
                  4
                ],
                "fluids": [
                  "minecraft:water"
                ]
              },
              {
                "type": "minecraft:matching_fluids",
                "offset": [
                  -1,
                  -1,
                  0
                ],
                "fluids": [
                  "minecraft:water"
                ]
              },
              {
                "type": "minecraft:matching_fluids",
                "offset": [
                  -2,
                  -1,
                  0
                ],
                "fluids": [
                  "minecraft:water"
                ]
              },
              {
                "type": "minecraft:matching_fluids",
                "offset": [
                  -3,
                  -1,
                  0
                ],
                "fluids": [
                  "minecraft:water"
                ]
              },
              {
                "type": "minecraft:matching_fluids",
                "offset": [
                  -4,
                  -1,
                  0
                ],
                "fluids": [
                  "minecraft:water"
                ]
              },
              {
                "type": "minecraft:matching_fluids",
                "offset": [
                  -5,
                  -1,
                  0
                ],
                "fluids": [
                  "minecraft:water"
                ]
              },
              {
                "type": "minecraft:matching_fluids",
                "offset": [
                  -1,
                  -1,
                  1
                ],
                "fluids": [
                  "minecraft:water"
                ]
              },
              {
                "type": "minecraft:matching_fluids",
                "offset": [
                  -2,
                  -1,
                  2
                ],
                "fluids": [
                  "minecraft:water"
                ]
              },
              {
                "type": "minecraft:matching_fluids",
                "offset": [
                  -3,
                  -1,
                  3
                ],
                "fluids": [
                  "minecraft:water"
                ]
              },
              {
                "type": "minecraft:matching_fluids",
                "offset": [
                  -4,
                  -1,
                  4
                ],
                "fluids": [
                  "minecraft:water"
                ]
              },
              {
                "type": "minecraft:matching_fluids",
                "offset": [
                  0,
                  -1,
                  1
                ],
                "fluids": [
                  "minecraft:water"
                ]
              },
              {
                "type": "minecraft:matching_fluids",
                "offset": [
                  0,
                  -1,
                  2
                ],
                "fluids": [
                  "minecraft:water"
                ]
              },
              {
                "type": "minecraft:matching_fluids",
                "offset": [
                  0,
                  -1,
                  3
                ],
                "fluids": [
                  "minecraft:water"
                ]
              },
              {
                "type": "minecraft:matching_fluids",
                "offset": [
                  0,
                  -1,
                  4
                ],
                "fluids": [
                  "minecraft:water"
                ]
              },
              {
                "type": "minecraft:matching_fluids",
                "offset": [
                  0,
                  -1,
                  5
                ],
                "fluids": [
                  "minecraft:water"
                ]
              },
              {
                "type": "minecraft:matching_fluids",
                "offset": [
                  1,
                  -1,
                  -1
                ],
                "fluids": [
                  "minecraft:water"
                ]
              },
              {
                "type": "minecraft:matching_fluids",
                "offset": [
                  2,
                  -1,
                  -2
                ],
                "fluids": [
                  "minecraft:water"
                ]
              },
              {
                "type": "minecraft:matching_fluids",
                "offset": [
                  3,
                  -1,
                  -3
                ],
                "fluids": [
                  "minecraft:water"
                ]
              },
              {
                "type": "minecraft:matching_fluids",
                "offset": [
                  4,
                  -1,
                  -4
                ],
                "fluids": [
                  "minecraft:water"
                ]
              },
              {
                "type": "minecraft:matching_fluids",
                "offset": [
                  0,
                  -1,
                  -1
                ],
                "fluids": [
                  "minecraft:water"
                ]
              },
              {
                "type": "minecraft:matching_fluids",
                "offset": [
                  0,
                  -1,
                  -2
                ],
                "fluids": [
                  "minecraft:water"
                ]
              },
              {
                "type": "minecraft:matching_fluids",
                "offset": [
                  0,
                  -1,
                  -3
                ],
                "fluids": [
                  "minecraft:water"
                ]
              },
              {
                "type": "minecraft:matching_fluids",
                "offset": [
                  0,
                  -1,
                  -4
                ],
                "fluids": [
                  "minecraft:water"
                ]
              },
              {
                "type": "minecraft:matching_fluids",
                "offset": [
                  0,
                  -1,
                  -5
                ],
                "fluids": [
                  "minecraft:water"
                ]
              },
              {
                "type": "minecraft:matching_fluids",
                "offset": [
                  -1,
                  -1,
                  -1
                ],
                "fluids": [
                  "minecraft:water"
                ]
              },
              {
                "type": "minecraft:matching_fluids",
                "offset": [
                  -2,
                  -1,
                  -2
                ],
                "fluids": [
                  "minecraft:water"
                ]
              },
              {
                "type": "minecraft:matching_fluids",
                "offset": [
                  -3,
                  -1,
                  -3
                ],
                "fluids": [
                  "minecraft:water"
                ]
              },
              {
                "type": "minecraft:matching_fluids",
                "offset": [
                  -4,
                  -1,
                  -4
                ],
                "fluids": [
                  "minecraft:water"
                ]
              }
            ]
          }
        ]
      }
    },
    {
      "type": "minecraft:biome"
    }
  ]
}
