{
  "type": "minecraft:tree",
  "config": {
    "ignore_vines": false,
    "force_dirt": true,
    "minimum_size": {
      "type": "minecraft:two_layers_feature_size",
      "min_clipped_height": 4,
      "limit": 2,
      "lower_size": 0,
      "upper_size": 2
    },
    "dirt_provider": {
      "type": "minecraft:simple_state_provider",
      "state": {
        "Name": "minecraft:mangrove_log",
        "Properties": {
          "axis": "y"
        }
      }
    },
    "trunk_provider": {
      "type": "minecraft:simple_state_provider",
      "state": {
        "Name": "minecraft:mangrove_log",
        "Properties": {
          "axis": "y"
        }
      }
    },
    "foliage_provider": {
      "type": "minecraft:simple_state_provider",
      "state": {
        "Name": "minecraft:acacia_leaves",
        "Properties": {
          "persistent": "false",
          "distance": "7",
          "waterlogged": "false"
        }
      }
    },
    "root_placer": {
      "type": "minecraft:mangrove_root_placer",
      "root_provider": {
        "type": "minecraft:simple_state_provider",
        "state": {
          "Name": "minecraft:mangrove_log",
          "Properties": {
            "axis": "y"
          }
        }
      },
      "trunk_offset_y": {
        "type": "minecraft:uniform",
        "value": {
          "min_inclusive": 1,
          "max_inclusive": 3
        }
      },
        "mangrove_root_placement": {
        "max_root_width": 2,
        "max_root_length": 12,
        "random_skew_chance": 1,
        "can_grow_through": "#minecraft:mangrove_roots_can_grow_through",
        "muddy_roots_in": [
          "minecraft:mud",
          "minecraft:muddy_mangrove_roots"
        ],
        "muddy_roots_provider": {
          "type": "minecraft:simple_state_provider",
          "state": {
            "Name": "minecraft:muddy_mangrove_roots",
            "Properties": {
              "axis": "y"
            }
          }
        }
      }
    },
    "trunk_placer": {
      "type": "minecraft:fancy_trunk_placer",
      "base_height": 10,
      "height_rand_a": 2,
      "height_rand_b": 8
    },
    "foliage_placer": {
      "type": "minecraft:jungle_foliage_placer",
      "radius": {
        "type": "minecraft:uniform",
        "value": {
          "min_inclusive": 1,
          "max_inclusive": 2
        }
      },
      "offset": 1,
      "height": 1
    },
    "decorators": [
      {
        "type": "minecraft:trunk_vine"
      },
      {
        "type": "minecraft:leave_vine",
		"probability": 0.25
      }
	  
    ]
  }
}  

