{
	"format_version": "1.12.0",
	"minecraft:geometry": [
		{
			"description": {
				"identifier": "geometry.Anomalocaris",
				"texture_width": 128,
				"texture_height": 128,
				"visible_bounds_width": 6,
				"visible_bounds_height": 3,
				"visible_bounds_offset": [0, 0.5, 0]
			},
			"bones": [
				{
					"name": "head",
					"pivot": [0, 7.5, -5],
					"cubes": [
						{"origin": [-3, 6, -11], "size": [6, 3, 6], "uv": [26, 17]},
						{"origin": [-1.5, 5.75, -9.5], "size": [3, 3, 3], "uv": [0, 20]},
						{"origin": [0.75, 10.25, -10.5], "size": [3, 1, 3], "pivot": [2.25, 8.25, -9], "rotation": [0, 0, 45], "uv": [22, 42], "mirror": true},
						{"origin": [0.75, 10.25, -10.5], "size": [3, 1, 3], "inflate": 0.2, "pivot": [2.25, 8.25, -9], "rotation": [0, 0, 45], "uv": [26, 48], "mirror": true},
						{"origin": [-3.25, 8.25, -10], "size": [2, 2, 2], "pivot": [-2.25, 8.25, -9], "rotation": [0, 0, -45], "uv": [14, 42], "mirror": true},
						{"origin": [-3.75, 10.25, -10.5], "size": [3, 1, 3], "pivot": [-2.25, 8.25, -9], "rotation": [0, 0, -45], "uv": [22, 42]},
						{"origin": [-3.75, 10.25, -10.5], "size": [3, 1, 3], "inflate": 0.2, "pivot": [-2.25, 8.25, -9], "rotation": [0, 0, -45], "uv": [26, 48]},
						{"origin": [1.25, 8.25, -10], "size": [2, 2, 2], "pivot": [2.25, 8.25, -9], "rotation": [0, 0, 45], "uv": [14, 42]},
						{"origin": [1, 6, -15], "size": [2, 2, 6], "pivot": [2, 7, -10], "rotation": [22.81179, -9.23186, -3.86032], "uv": [0, 46], "mirror": true},
						{"origin": [1.85, 4.1, -18.75], "size": [2, 2, 4], "pivot": [2.85, 6.1, -14.75], "rotation": [45.31179, -9.23186, -3.86032], "uv": [10, 46], "mirror": true},
						{"origin": [2, 2, -15], "size": [0, 4, 6], "pivot": [2, 7, -10], "rotation": [22.81179, -9.23186, -3.86032], "uv": [0, 10], "mirror": true},
						{"origin": [2.85, -3.9, -24.75], "size": [0, 10, 10], "pivot": [2.85, 6.1, -14.75], "rotation": [45.31179, -9.23186, -3.86032], "uv": [0, 20], "mirror": true},
						{"origin": [-2.85, -3.9, -24.75], "size": [0, 10, 10], "pivot": [-2.85, 6.1, -14.75], "rotation": [45.31179, 9.23186, 3.86032], "uv": [0, 20]},
						{"origin": [-3.85, 4.1, -18.75], "size": [2, 2, 4], "pivot": [-2.85, 6.1, -14.75], "rotation": [45.31179, 9.23186, 3.86032], "uv": [10, 46]},
						{"origin": [-2, 2, -15], "size": [0, 4, 6], "pivot": [-2, 7, -10], "rotation": [22.81179, 9.23186, 3.86032], "uv": [0, 10]},
						{"origin": [-3, 6, -15], "size": [2, 2, 6], "pivot": [-2, 7, -10], "rotation": [22.81179, 9.23186, 3.86032], "uv": [0, 46]}
					]
				},
				{
					"name": "body",
					"pivot": [0, 7.5, -5],
					"cubes": [
						{"origin": [-3.5, 5.5, -5], "size": [7, 4, 12], "uv": [0, 14]}
					]
				},
				{
					"name": "flap_R1",
					"parent": "body",
					"pivot": [-3.5, 7.5, -2],
					"cubes": [
						{"origin": [-10.5, 7.5, -5], "size": [7, 0, 6], "uv": [-6, 40], "mirror": true}
					]
				},
				{
					"name": "flap_R2",
					"parent": "body",
					"pivot": [-3.5, 7.5, 4],
					"cubes": [
						{"origin": [-10.5, 7.5, 1], "size": [7, 0, 6], "uv": [-6, 40], "mirror": true}
					]
				},
				{
					"name": "flap_L1",
					"parent": "body",
					"pivot": [3.5, 7.5, -2],
					"cubes": [
						{"origin": [3.5, 7.5, -5], "size": [7, 0, 6], "uv": [-6, 40]}
					]
				},
				{
					"name": "flap_L2",
					"parent": "body",
					"pivot": [3.5, 7.5, 4],
					"cubes": [
						{"origin": [3.5, 7.5, 1], "size": [7, 0, 6], "uv": [-6, 40]}
					]
				},
				{
					"name": "tail",
					"parent": "body",
					"pivot": [0, 7.5, 7],
					"cubes": [
						{"origin": [-3, 6, 6], "size": [6, 3, 7], "uv": [26, 7]}
					]
				},
				{
					"name": "flap_R3",
					"parent": "tail",
					"pivot": [-3, 7.5, 10],
					"cubes": [
						{"origin": [-10, 7.5, 7], "size": [7, 0, 6], "uv": [-6, 40], "mirror": true}
					]
				},
				{
					"name": "flap_L3",
					"parent": "tail",
					"pivot": [3, 7.5, 10],
					"cubes": [
						{"origin": [3, 7.5, 7], "size": [7, 0, 6], "uv": [-6, 40]}
					]
				},
				{
					"name": "tail2",
					"parent": "tail",
					"pivot": [0, 7.5, 13],
					"cubes": [
						{"origin": [-1, 6.5, 17], "size": [2, 2, 6], "uv": [16, 46]},
						{"origin": [-7, 7.5, 18], "size": [14, 0, 14], "pivot": [0, 7.5, 25], "rotation": [0, 45, 0], "uv": [-14, 0]},
						{"origin": [-2, 6.5, 12], "size": [4, 2, 5], "uv": [15, 35]}
					]
				}
			]
		}
	]
}