{
	"format_version": "1.12.0",
	"minecraft:geometry": [
		{
			"description": {
				"identifier": "geometry.unknown",
				"texture_width": 32,
				"texture_height": 32,
				"visible_bounds_width": 2,
				"visible_bounds_height": 2.5,
				"visible_bounds_offset": [0, 0.75, 0]
			},
			"bones": [
				{
					"name": "head",
					"pivot": [0, 2, 1],
					"cubes": [
						{"origin": [-1, 4, -5], "size": [2, 3, 2], "uv": [0, 0]},
						{"origin": [-4, 2, -3], "size": [8, 8, 8], "uv": [0, 0]},
						{"origin": [3.5, 4, -1], "size": [1, 3, 5], "uv": [1, 16]},
						{"origin": [-4.5, 4, -1], "size": [1, 3, 5], "uv": [1, 16], "mirror": true}
					]
				},
				{
					"name": "Feather",
					"parent": "head",
					"pivot": [0, 10, -2],
					"cubes": [
						{"origin": [-2.5, 10, -2], "size": [5, 8, 0], "pivot": [0, 10, -2], "rotation": [-42.5, 0, 0], "uv": [13, 16]}
					]
				},
				{
					"name": "right_leg",
					"pivot": [-1, 2, 1],
					"mirror": true,
					"cubes": [
						{"origin": [-2, 0, -1], "size": [1, 3, 2], "uv": [0, 16], "mirror": false}
					]
				},
				{
					"name": "left_leg",
					"pivot": [0, 2, 1],
					"cubes": [
						{"origin": [1, 0, -1], "size": [1, 3, 2], "uv": [0, 16]}
					]
				}
			]
		}
	]
}