{
	"format_version": "1.12.0",
	"minecraft:geometry": [
		{
			"description": {
				"identifier": "geometry.baby_deinonychus",
				"texture_width": 64,
				"texture_height": 64,
				"visible_bounds_width": 4,
				"visible_bounds_height": 2.5,
				"visible_bounds_offset": [0, 0.75, 0]
			},
			"bones": [
				{
					"name": "head",
					"pivot": [0, 9, -2.5],
					"cubes": [
						{"origin": [-1, 7, -3.5], "size": [2, 4, 2], "uv": [0, 0]},
						{"origin": [-2, 11, -5.5], "size": [4, 5, 4], "uv": [20, 22]},
						{"origin": [0, 12, -3.5], "size": [0, 6, 6], "uv": [0, 0]},
						{"origin": [-1.5, 11, -9.5], "size": [3, 3, 4], "uv": [0, 24]}
					]
				},
				{
					"name": "body",
					"pivot": [0, 7, 0],
					"cubes": [
						{"origin": [-2, 5, -2.5], "size": [4, 5, 5], "uv": [14, 12]}
					]
				},
				{
					"name": "tail",
					"pivot": [0, 10, 2.5],
					"cubes": [
						{"origin": [-1, 8, 2.5], "size": [2, 2, 10], "uv": [0, 12]},
						{"origin": [-5, 9, 6.5], "size": [10, 0, 12], "uv": [0, 0]}
					]
				},
				{
					"name": "Leftleg",
					"pivot": [1.5, 4, 2],
					"cubes": [
						{"origin": [1, 0, 2], "size": [1, 5, 0], "uv": [10, 0]}
					]
				},
				{
					"name": "Leftleg2",
					"parent": "Leftleg",
					"pivot": [1.5, 0, 2],
					"cubes": [
						{"origin": [1, 0, -2], "size": [3, 2, 4], "uv": [10, 27], "mirror": true}
					]
				},
				{
					"name": "Rightleg",
					"pivot": [-1.5, 4, 2],
					"cubes": [
						{"origin": [-2, 0, 2], "size": [1, 5, 0], "uv": [10, 0]}
					]
				},
				{
					"name": "Rightleg2",
					"parent": "Rightleg",
					"pivot": [-1.5, 0, 2],
					"cubes": [
						{"origin": [-4, 0, -2], "size": [3, 2, 4], "uv": [10, 27]}
					]
				},
				{
					"name": "Leftwing",
					"pivot": [2, 7, -1.5],
					"cubes": [
						{"origin": [2, 3, -3], "size": [1, 4, 4], "uv": [0, 12], "mirror": true},
						{"origin": [3, 3, 1], "size": [0, 4, 1], "uv": [8, 0], "mirror": true}
					]
				},
				{
					"name": "Rightwing",
					"pivot": [-2, 7, -1.5],
					"cubes": [
						{"origin": [-3, 3, -3], "size": [1, 4, 4], "uv": [0, 12]},
						{"origin": [-3, 3, 1], "size": [0, 4, 1], "uv": [8, 0]}
					]
				}
			]
		}
	]
}