{
	"format_version": "1.12.0",
	"minecraft:geometry": [
		{
			"description": {
				"identifier": "geometry.Coelacanth",
				"texture_width": 64,
				"texture_height": 64,
				"visible_bounds_width": 4,
				"visible_bounds_height": 2.5,
				"visible_bounds_offset": [0, 0.75, 0]
			},
			"bones": [
				{
					"name": "body",
					"pivot": [0, 11, -3],
					"cubes": [
						{"origin": [-3.5, 6, -12], "size": [7, 10, 9], "uv": [0, 19]},
						{"origin": [2.5, 8, -12], "size": [1, 2, 4], "pivot": [3.5, 9, -12], "rotation": [0, 35, 0], "uv": [0, 0]},
						{"origin": [-3.5, 8, -12], "size": [1, 2, 4], "pivot": [-3.5, 9, -12], "rotation": [0, -35, 0], "uv": [0, 0], "mirror": true},
						{"origin": [-3, 4.5, -10], "size": [0, 9, 7], "pivot": [-3.5, 9, -12], "rotation": [0, -35, 0], "uv": [0, 48]},
						{"origin": [3, 4.5, -10], "size": [0, 9, 7], "pivot": [3.5, 9, -12], "rotation": [0, 35, 0], "uv": [0, 48], "mirror": true},
						{"origin": [0, -1, -11], "size": [0, 7, 9], "uv": [32, 18]},
						{"origin": [0, 16, -10], "size": [0, 7, 9], "uv": [40, -4]},
						{"origin": [-3, 6.5, -15], "size": [6, 9, 3], "uv": [46, 52]},
						{"origin": [-2, 7, -21], "size": [4, 8, 6], "uv": [44, 38]}
					]
				},
				{
					"name": "body2",
					"pivot": [0, 11, -3],
					"cubes": [
						{"origin": [-3, 6.5, -4], "size": [6, 9, 10], "uv": [0, 0]},
						{"origin": [0, 15.5, 1], "size": [0, 7, 9], "uv": [40, 3]},
						{"origin": [0, -0.5, 1], "size": [0, 7, 9], "uv": [32, 25]}
					]
				},
				{
					"name": "tail",
					"pivot": [0, 11, 6],
					"cubes": [
						{"origin": [-2, 7, 5], "size": [4, 8, 9], "uv": [23, 10]}
					]
				},
				{
					"name": "tail2",
					"pivot": [0, 11, 14],
					"cubes": [
						{"origin": [0, 4, 11], "size": [0, 14, 14], "uv": [0, 24]}
					]
				}
			]
		}
	]
}