{
	"format_version": "1.12.0",
	"minecraft:geometry": [
		{
			"description": {
				"identifier": "geometry.CoelacanthFossilStatue",
				"texture_width": 128,
				"texture_height": 128,
				"visible_bounds_width": 3,
				"visible_bounds_height": 2.5,
				"visible_bounds_offset": [0, 0.75, 0]
			},
			"bones": [
				{
					"name": "bb_main",
					"pivot": [0, 0, 0],
					"cubes": [
						{"origin": [-16, 0, 6], "size": [32, 16, 2], "uv": [0, 0]}
					]
				},
				{
					"name": "bone",
					"pivot": [-1, 7.5, -1],
					"rotation": [0, 90, 0],
					"cubes": [
						{"origin": [-8, 4, -10], "size": [1, 8, 7], "uv": [17, 19]},
						{"origin": [-8.1, 4.5, -3], "size": [1, 7, 7], "uv": [1, 20]},
						{"origin": [-8.2, 5, 4], "size": [1, 6, 6], "uv": [33, 21]},
						{"origin": [-8.1, 5, -14], "size": [1, 6, 4], "uv": [47, 23]}
					]
				}
			]
		}
	]
}