{
	"format_version": "1.12.0",
	"minecraft:geometry": [
		{
			"description": {
				"identifier": "geometry.Daeodon",
				"texture_width": 128,
				"texture_height": 128,
				"visible_bounds_width": 5,
				"visible_bounds_height": 4.5,
				"visible_bounds_offset": [0, 1.75, 0]
			},
			"bones": [
				{
					"name": "body",
					"pivot": [0, 21, 0],
					"cubes": [
						{"origin": [-7, 13, -15], "size": [14, 18, 17], "uv": [0, 0]},
						{"origin": [0, 31, -15], "size": [0, 10, 17], "uv": [40, 18]},
						{"origin": [3, 31, -15], "size": [0, 7, 17], "uv": [0, 49], "mirror": true},
						{"origin": [-6, 15, 2], "size": [12, 15, 16], "uv": [0, 35]},
						{"origin": [-3, 31, -15], "size": [0, 7, 17], "uv": [0, 49]}
					]
				},
				{
					"name": "tail",
					"parent": "body",
					"pivot": [0, 30, 18],
					"cubes": [
						{"origin": [-1, 28, 18], "size": [2, 2, 8], "uv": [66, 37]},
						{"origin": [-1.5, 27.5, 26], "size": [3, 3, 6], "uv": [91, 16]}
					]
				},
				{
					"name": "head",
					"pivot": [0, 25, -15],
					"cubes": [
						{"origin": [-5, 21, -24], "size": [10, 7, 9], "uv": [45, 0]},
						{"origin": [0, 28, -24], "size": [0, 7, 9], "uv": [62, 19]},
						{"origin": [-5, 18, -18], "size": [10, 3, 3], "uv": [92, 0]},
						{"origin": [-5, 21, -27], "size": [10, 4, 3], "uv": [83, 9]},
						{"origin": [-2.5, 18, -32.5], "size": [5, 3, 6], "uv": [56, 59]},
						{"origin": [-4.5, 18, -26.5], "size": [9, 3, 9], "uv": [56, 47]},
						{"origin": [5, 22, -21], "size": [4, 2, 4], "pivot": [5, 24, -20], "rotation": [0, 0, 22.5], "uv": [0, 0], "mirror": true},
						{"origin": [-3, 21, -33], "size": [6, 4, 6], "uv": [104, 20]},
						{"origin": [-2.5, 21, -31.5], "size": [5, 4, 8], "pivot": [0, 25, -31.5], "rotation": [20, 0, 0], "uv": [80, 31]},
						{"origin": [-9, 22, -21], "size": [4, 2, 4], "pivot": [-5, 24, -20], "rotation": [0, 0, -22.5], "uv": [0, 0]}
					]
				},
				{
					"name": "jaw",
					"parent": "head",
					"pivot": [0, 21, -18],
					"rotation": [10, 0, 0],
					"cubes": [
						{"origin": [-5, 18, -27], "size": [10, 3, 9], "uv": [62, 16]},
						{"origin": [-3, 18, -33], "size": [6, 3, 6], "uv": [74, 0]},
						{"origin": [-4.5, 20.8, -26.5], "size": [9, 3, 6], "inflate": -0.1, "uv": [98, 30]},
						{"origin": [-2.5, 20.8, -32.5], "size": [5, 4, 6], "inflate": -0.1, "uv": [106, 10]}
					]
				},
				{
					"name": "Leftear",
					"parent": "head",
					"pivot": [4.5, 27.75, -17],
					"cubes": [
						{"origin": [4, 27, -18], "size": [4, 1, 2], "pivot": [4, 28, -17], "rotation": [0, 0, -50], "uv": [0, 6], "mirror": true}
					]
				},
				{
					"name": "Rightear",
					"parent": "head",
					"pivot": [-4.5, 27.75, -17],
					"cubes": [
						{"origin": [-8, 27, -18], "size": [4, 1, 2], "pivot": [-4, 28, -17], "rotation": [0, 0, 50], "uv": [0, 6]}
					]
				},
				{
					"name": "Lefteg1",
					"pivot": [7, 21, -6],
					"cubes": [
						{"origin": [6, 0, -7.5], "size": [3, 22, 3], "uv": [78, 59], "mirror": true}
					]
				},
				{
					"name": "Righteg1",
					"pivot": [-7, 21, -6],
					"cubes": [
						{"origin": [-9, 0, -7.5], "size": [3, 22, 3], "uv": [78, 59]}
					]
				},
				{
					"name": "Lefteg2",
					"pivot": [6, 21, 12],
					"cubes": [
						{"origin": [5, 0, 15.5], "size": [3, 15, 3], "uv": [90, 59], "mirror": true},
						{"origin": [5.25, 13, 7.5], "size": [4, 13, 10], "uv": [100, 39], "mirror": true}
					]
				},
				{
					"name": "Righteg2",
					"pivot": [-6, 21, 12],
					"cubes": [
						{"origin": [-9.25, 13, 7.5], "size": [4, 13, 10], "uv": [100, 39]},
						{"origin": [-8, 0, 15.5], "size": [3, 15, 3], "uv": [90, 59]}
					]
				}
			]
		}
	]
}