{
	"format_version": "1.12.0",
	"minecraft:geometry": [
		{
			"description": {
				"identifier": "geometry.Deinonychus",
				"texture_width": 128,
				"texture_height": 128,
				"visible_bounds_width": 6,
				"visible_bounds_height": 3.5,
				"visible_bounds_offset": [0, 1.25, 0]
			},
			"bones": [
				{
					"name": "body",
					"pivot": [0, 13, 4],
					"cubes": [
						{"origin": [-4, 8, -9], "size": [8, 9, 18], "uv": [0, 0]}
					]
				},
				{
					"name": "tail1",
					"parent": "body",
					"pivot": [0, 13.75, 9],
					"cubes": [
						{"origin": [-2.5, 9.75, 7], "size": [5, 7, 14], "uv": [24, 33]}
					]
				},
				{
					"name": "tail2",
					"parent": "tail1",
					"pivot": [0, 13.5, 21],
					"cubes": [
						{"origin": [0, 6.5, 19], "size": [0, 10, 19], "pivot": [0, 16.5, 23], "rotation": [0, 0, -45], "uv": [0, 8], "mirror": true},
						{"origin": [0, 6.5, 19], "size": [0, 10, 19], "pivot": [0, 16.5, 23], "rotation": [0, 0, 45], "uv": [0, 8]}
					]
				},
				{
					"name": "neck",
					"pivot": [0, 13, -9],
					"cubes": [
						{"origin": [-2, 11, -11.5], "size": [4, 14, 5], "uv": [0, 37]}
					]
				},
				{
					"name": "head",
					"parent": "neck",
					"pivot": [0, 23, -9],
					"cubes": [
						{"origin": [-2.5, 21, -13.5], "size": [5, 5, 6], "uv": [48, 33]},
						{"origin": [-2, 21, -18.5], "size": [4, 5, 5], "uv": [34, 8]},
						{"origin": [-1.5, 20, -18], "size": [3, 1, 6], "uv": [34, 1]}
					]
				},
				{
					"name": "feather",
					"parent": "head",
					"pivot": [0, 26, -9],
					"cubes": [
						{"origin": [0, 23, -11], "size": [0, 9, 8], "uv": [0, 0]}
					]
				},
				{
					"name": "jaw",
					"parent": "head",
					"pivot": [0, 21, -9],
					"cubes": [
						{"origin": [-2, 20, -18.5], "size": [4, 1, 5], "uv": [0, 0]},
						{"origin": [-2.5, 20, -13.5], "size": [5, 1, 6], "uv": [13, 54]}
					]
				},
				{
					"name": "LeftLeg",
					"pivot": [4, 14, 6],
					"cubes": [
						{"origin": [2, 7, 3], "size": [4, 9, 5], "uv": [0, 56], "mirror": true}
					]
				},
				{
					"name": "LeftLeg2",
					"parent": "LeftLeg",
					"pivot": [4, 7, 8],
					"cubes": [
						{"origin": [3, 1, 7], "size": [2, 7, 2], "uv": [30, 38], "mirror": true}
					]
				},
				{
					"name": "LeftFoot",
					"parent": "LeftLeg2",
					"pivot": [4, 1, 8],
					"cubes": [
						{"origin": [3, 0, 5], "size": [2, 1, 4], "uv": [13, 37], "mirror": true},
						{"origin": [3, 0, 4], "size": [0, 3, 3], "pivot": [3, 0, 7], "rotation": [-17.43745, -1.50179, -4.76968], "uv": [21, 34], "mirror": true}
					]
				},
				{
					"name": "RightLeg",
					"pivot": [-4, 14, 6],
					"cubes": [
						{"origin": [-6, 7, 3], "size": [4, 9, 5], "uv": [0, 56]}
					]
				},
				{
					"name": "RightLeg2",
					"parent": "RightLeg",
					"pivot": [-4, 7, 8],
					"cubes": [
						{"origin": [-5, 1, 7], "size": [2, 7, 2], "uv": [30, 38]}
					]
				},
				{
					"name": "RightFoot",
					"parent": "RightLeg2",
					"pivot": [-4, 1, 8],
					"cubes": [
						{"origin": [-5, 0, 5], "size": [2, 1, 4], "uv": [13, 37]},
						{"origin": [-3, 0, 4], "size": [0, 3, 3], "pivot": [-3, 0, 7], "rotation": [-17.43745, 1.50179, 4.76968], "uv": [21, 34]}
					]
				},
				{
					"name": "LeftWing",
					"pivot": [4, 12, -7],
					"cubes": [
						{"origin": [3.5, 6, -13], "size": [2, 6, 8], "uv": [44, 19], "mirror": true},
						{"origin": [2.5, 9, -13], "size": [1, 3, 3], "uv": [22, 41], "mirror": true}
					]
				},
				{
					"name": "RightWing",
					"pivot": [-4, 12, -7],
					"cubes": [
						{"origin": [-5.5, 6, -13], "size": [2, 6, 8], "uv": [44, 19]},
						{"origin": [-3.5, 9, -13], "size": [1, 3, 3], "uv": [22, 41]}
					]
				}
			]
		}
	]
}