{
	"format_version": "1.12.0",
	"minecraft:geometry": [
		{
			"description": {
				"identifier": "geometry.unknown",
				"texture_width": 64,
				"texture_height": 64,
				"visible_bounds_width": 3,
				"visible_bounds_height": 2.5,
				"visible_bounds_offset": [0, 0.75, 0]
			},
			"bones": [
				{
					"name": "head",
					"pivot": [0, 14, -5],
					"cubes": [
						{"origin": [-2, 19, -9], "size": [4, 3, 1], "uv": [0, 0]},
						{"origin": [-2, 17, -13], "size": [4, 6, 4], "uv": [34, 0]},
						{"origin": [-3, 10, -8], "size": [6, 14, 6], "uv": [0, 24]}
					]
				},
				{
					"name": "body",
					"pivot": [0, 8, 0]
				},
				{
					"name": "body2",
					"parent": "body",
					"pivot": [0, 8, 0],
					"rotation": [90, 0, 0],
					"cubes": [
						{"origin": [-6, 1, -3], "size": [12, 14, 10], "uv": [0, 0]}
					]
				},
				{
					"name": "right_leg",
					"pivot": [-2, 5, 1],
					"mirror": true,
					"cubes": [
						{"origin": [-4, 0, -2], "size": [3, 5, 3], "uv": [26, 36]}
					]
				},
				{
					"name": "left_leg",
					"pivot": [1, 5, 1],
					"cubes": [
						{"origin": [1, 0, -2], "size": [3, 5, 3], "uv": [26, 36]}
					]
				},
				{
					"name": "right_wing",
					"pivot": [-6, 13, -4],
					"mirror": true,
					"cubes": [
						{"origin": [-7, 8, -4], "size": [1, 5, 8], "uv": [16, 36]}
					]
				},
				{
					"name": "left_wing",
					"pivot": [6, 13, -4],
					"cubes": [
						{"origin": [6, 8, -4], "size": [1, 5, 8], "uv": [16, 36]}
					]
				},
				{
					"name": "tail",
					"pivot": [0, 15, 7],
					"cubes": [
						{"origin": [0, 7, 6], "size": [0, 9, 9], "uv": [24, 15]}
					]
				}
			]
		}
	]
}