{
	"format_version": "1.12.0",
	"minecraft:geometry": [
		{
			"description": {
				"identifier": "geometry.gharial",
				"texture_width": 128,
				"texture_height": 128,
				"visible_bounds_width": 6,
				"visible_bounds_height": 2.5,
				"visible_bounds_offset": [0, 0.75, 0]
			},
			"bones": [
				{
					"name": "head",
					"pivot": [0, 4, -12],
					"cubes": [
						{"origin": [-4.5, 2, -19], "size": [9, 5, 7], "uv": [64, 25]},
						{"origin": [-1.5, 2, -30], "size": [3, 2, 11], "uv": [68, 54]},
						{"origin": [-1.5, 2, -33], "size": [3, 3, 3], "uv": [40, 32]},
						{"origin": [1.5, -1, -33], "size": [0, 3, 11], "pivot": [1.5, 2, -28], "rotation": [0, 0, -15], "uv": [0, 3], "mirror": true},
						{"origin": [-1.5, -1, -33], "size": [0, 3, 11], "pivot": [-1.5, 2, -28], "rotation": [0, 0, 15], "uv": [0, 3]}
					]
				},
				{
					"name": "jaw",
					"parent": "head",
					"pivot": [0, 2, -12],
					"cubes": [
						{"origin": [-4.5, 1, -19], "size": [9, 1, 7], "uv": [64, 37]},
						{"origin": [-1.5, 1, -33], "size": [3, 1, 14], "uv": [22, 58]}
					]
				},
				{
					"name": "body",
					"pivot": [0, 4, 0],
					"cubes": [
						{"origin": [-5, 0, -12], "size": [10, 8, 24], "uv": [0, 0]},
						{"origin": [-4, 8, -12], "size": [8, 1, 24], "uv": [0, 32]}
					]
				},
				{
					"name": "tail",
					"parent": "body",
					"pivot": [0, 4, 12],
					"cubes": [
						{"origin": [-3, 0, 12], "size": [6, 7, 14], "uv": [44, 0]},
						{"origin": [-2, 7, 12], "size": [4, 1, 14], "uv": [0, 57]}
					]
				},
				{
					"name": "tail2",
					"parent": "tail",
					"pivot": [0, 4, 26],
					"cubes": [
						{"origin": [-2, 0, 26], "size": [4, 5, 16], "uv": [40, 32]},
						{"origin": [-1, 5, 26], "size": [2, 2, 16], "uv": [48, 54]}
					]
				},
				{
					"name": "LeftLeg1",
					"pivot": [5, 1, -8],
					"cubes": [
						{"origin": [5, 0, -10], "size": [7, 2, 4], "uv": [0, 0], "mirror": true}
					]
				},
				{
					"name": "LeftLeg2",
					"pivot": [5, 1, 8],
					"cubes": [
						{"origin": [5, 0, 6], "size": [7, 2, 4], "uv": [0, 0], "mirror": true}
					]
				},
				{
					"name": "RightLeg1",
					"pivot": [-5, 1, -8],
					"cubes": [
						{"origin": [-12, 0, -10], "size": [7, 2, 4], "uv": [0, 0]}
					]
				},
				{
					"name": "RightLeg2",
					"pivot": [-5, 1, 8],
					"cubes": [
						{"origin": [-12, 0, 6], "size": [7, 2, 4], "uv": [0, 0]}
					]
				}
			]
		}
	]
}