{
	"format_version": "1.12.0",
	"minecraft:geometry": [
		{
			"description": {
				"identifier": "geometry.Ichyosaurus",
				"texture_width": 64,
				"texture_height": 64,
				"visible_bounds_width": 4,
				"visible_bounds_height": 2.5,
				"visible_bounds_offset": [0, 0.75, 0]
			},
			"bones": [
				{
					"name": "body",
					"pivot": [0, 4.5, 0],
					"cubes": [
						{"origin": [-4, 0, -8], "size": [8, 9, 16], "uv": [0, 0]},
						{"origin": [-0.5, 9, 0], "size": [1, 5, 4], "pivot": [0, 9, 0], "rotation": [-35, 0, 0], "uv": [0, 25]},
						{"origin": [4, 0, -7], "size": [8, 1, 4], "pivot": [4, 1, -7], "rotation": [0, -22.5, 22.5], "uv": [32, 0]},
						{"origin": [4, 0, 5], "size": [5, 1, 3], "pivot": [4, 1, 5], "rotation": [0, -22.5, 22.5], "uv": [32, 5]},
						{"origin": [-12, 0, -7], "size": [8, 1, 4], "pivot": [-4, 1, -7], "rotation": [0, 22.5, -22.5], "uv": [32, 0], "mirror": true},
						{"origin": [-9, 0, 5], "size": [5, 1, 3], "pivot": [-4, 1, 5], "rotation": [0, 22.5, -22.5], "uv": [32, 5], "mirror": true}
					]
				},
				{
					"name": "tail",
					"parent": "body",
					"pivot": [0, 4.5, 8],
					"cubes": [
						{"origin": [-1.5, 2, 8], "size": [3, 5, 12], "uv": [0, 25]},
						{"origin": [-0.5, -1, 18], "size": [1, 13, 4], "uv": [42, 25]}
					]
				},
				{
					"name": "head",
					"pivot": [0, 4, -8],
					"cubes": [
						{"origin": [-3, 1, -14], "size": [6, 6, 6], "uv": [18, 25]},
						{"origin": [-1, 1, -20], "size": [2, 3, 6], "uv": [0, 0]}
					]
				}
			]
		}
	]
}