{
	"format_version": "1.12.0",
	"minecraft:geometry": [
		{
			"description": {
				"identifier": "geometry.Megaloceros",
				"texture_width": 128,
				"texture_height": 128,
				"visible_bounds_width": 5,
				"visible_bounds_height": 5.5,
				"visible_bounds_offset": [0, 2.25, 0]
			},
			"bones": [
				{
					"name": "body",
					"pivot": [0, 24, 0],
					"cubes": [
						{"origin": [-6, 16, -18], "size": [12, 17, 19], "uv": [0, 0]},
						{"origin": [-3.5, 31, -14], "size": [7, 6, 13], "pivot": [0, 34, -4], "rotation": [22.5, 0, 0], "uv": [43, 0]},
						{"origin": [-5, 17, 1], "size": [10, 14, 18], "uv": [55, 19]}
					]
				},
				{
					"name": "tail",
					"parent": "body",
					"pivot": [0, 30, 19],
					"cubes": [
						{"origin": [-2, 28, 19], "size": [4, 2, 7], "uv": [66, 76]}
					]
				},
				{
					"name": "neck",
					"pivot": [0, 31, -16],
					"cubes": [
						{"origin": [-4.5, 23, -20], "size": [9, 22, 9], "uv": [0, 64]}
					]
				},
				{
					"name": "head",
					"parent": "neck",
					"pivot": [0, 41, -20],
					"cubes": [
						{"origin": [-4, 38, -22], "size": [8, 8, 8], "uv": [83, 0]},
						{"origin": [1, 46, -19], "size": [3, 4, 3], "pivot": [1, 46, -18], "rotation": [0, 0, 25], "uv": [0, 4]},
						{"origin": [-3, 38, -27], "size": [6, 4, 5], "uv": [27, 64]},
						{"origin": [4, 43, -18], "size": [4, 3, 1], "pivot": [4, 46, -17], "rotation": [39.56869, -6.40865, 7.69263], "uv": [0, 0]},
						{"origin": [-8, 43, -18], "size": [4, 3, 1], "pivot": [-4, 46, -17], "rotation": [39.56869, 6.40865, -7.69263], "uv": [0, 0], "mirror": true},
						{"origin": [-4, 46, -19], "size": [3, 4, 3], "pivot": [-1, 46, -18], "rotation": [0, 0, -25], "uv": [0, 4], "mirror": true}
					]
				},
				{
					"name": "LeftAntler",
					"parent": "head",
					"pivot": [6.75, 48.75, -17],
					"rotation": [-17.5, 0, -7.5],
					"cubes": [
						{"origin": [4.75, 47.75, -18], "size": [3, 1, 3], "pivot": [4.75, 47.75, -17], "rotation": [0, 0, -25], "uv": [0, 11]},
						{"origin": [6.75, 48.75, -22], "size": [16, 1, 11], "uv": [0, 36], "mirror": true},
						{"origin": [7.75, 49.55, -22], "size": [4, 6, 1], "pivot": [11.75, 49.75, -22], "rotation": [7.38733, 1.29876, -9.91615], "uv": [0, 57], "mirror": true},
						{"origin": [15.75, 49.55, -12], "size": [4, 6, 1], "pivot": [19.75, 49.75, -11], "rotation": [-26.63283, 0.03728, -4.92385], "uv": [40, 57], "mirror": true},
						{"origin": [17.75, 55.55, -12], "size": [2, 3, 1], "pivot": [19.75, 49.75, -11], "rotation": [-26.63283, 0.03728, -4.92385], "uv": [18, 48], "mirror": true},
						{"origin": [7.75, 49.35, -12], "size": [4, 8, 1], "pivot": [7.75, 49.55, -11], "rotation": [-22.8181, -1.08739, 7.36315], "uv": [50, 55], "mirror": true},
						{"origin": [9.75, 57.35, -12], "size": [2, 5, 1], "pivot": [7.75, 49.55, -11], "rotation": [-22.8181, -1.08739, 7.36315], "uv": [36, 48], "mirror": true},
						{"origin": [13.75, 49.55, -22], "size": [4, 8, 1], "pivot": [17.75, 49.75, -22], "rotation": [14.93884, 0.91194, 0.35408], "uv": [10, 55], "mirror": true},
						{"origin": [13.75, 57.55, -22], "size": [2, 8, 1], "pivot": [17.75, 49.75, -22], "rotation": [14.93884, 0.91194, 0.35408], "uv": [0, 48], "mirror": true},
						{"origin": [18.75, 49.55, -22], "size": [4, 8, 1], "pivot": [18.75, 49.75, -22], "rotation": [7.5, 0, 7.5], "uv": [20, 55], "mirror": true},
						{"origin": [21.75, 49.55, -20], "size": [1, 6, 2], "pivot": [22.75, 49.75, -20], "rotation": [-8.88927, 4.59902, 27.14233], "uv": [60, 56], "mirror": true},
						{"origin": [21.75, 49.55, -16], "size": [1, 7, 4], "pivot": [22.75, 49.75, -16], "rotation": [-11.168, 0.14717, 27.04789], "uv": [30, 53], "mirror": true},
						{"origin": [21.75, 56.55, -14], "size": [1, 4, 2], "pivot": [22.75, 49.75, -16], "rotation": [-11.168, 0.14717, 27.04789], "uv": [24, 48], "mirror": true},
						{"origin": [20.75, 57.55, -22], "size": [2, 6, 1], "pivot": [18.75, 49.75, -22], "rotation": [7.5, 0, 7.5], "uv": [6, 48], "mirror": true},
						{"origin": [7.75, 55.55, -22], "size": [2, 5, 1], "pivot": [11.75, 49.75, -22], "rotation": [7.38733, 1.29876, -9.91615], "uv": [12, 48], "mirror": true}
					]
				},
				{
					"name": "RightAntler",
					"parent": "head",
					"pivot": [-6.75, 48.75, -17],
					"rotation": [-17.5, 0, 7.5],
					"cubes": [
						{"origin": [-7.75, 47.75, -18], "size": [3, 1, 3], "pivot": [-4.75, 47.75, -17], "rotation": [0, 0, 25], "uv": [0, 11]},
						{"origin": [-22.75, 48.75, -22], "size": [16, 1, 11], "uv": [0, 36]},
						{"origin": [-11.75, 49.55, -22], "size": [4, 6, 1], "pivot": [-11.75, 49.75, -22], "rotation": [7.38733, -1.29876, 9.91615], "uv": [0, 57]},
						{"origin": [-19.75, 49.55, -12], "size": [4, 6, 1], "pivot": [-19.75, 49.75, -11], "rotation": [-26.63283, -0.03728, 4.92385], "uv": [40, 57]},
						{"origin": [-19.75, 55.55, -12], "size": [2, 3, 1], "pivot": [-19.75, 49.75, -11], "rotation": [-26.63283, -0.03728, 4.92385], "uv": [18, 48]},
						{"origin": [-11.75, 49.35, -12], "size": [4, 8, 1], "pivot": [-7.75, 49.55, -11], "rotation": [-22.8181, 1.08739, -7.36315], "uv": [50, 55]},
						{"origin": [-11.75, 57.35, -12], "size": [2, 5, 1], "pivot": [-7.75, 49.55, -11], "rotation": [-22.8181, 1.08739, -7.36315], "uv": [36, 48]},
						{"origin": [-17.75, 49.55, -22], "size": [4, 8, 1], "pivot": [-17.75, 49.75, -22], "rotation": [14.93884, -0.91194, -0.35408], "uv": [10, 55]},
						{"origin": [-15.75, 57.55, -22], "size": [2, 8, 1], "pivot": [-17.75, 49.75, -22], "rotation": [14.93884, -0.91194, -0.35408], "uv": [0, 48]},
						{"origin": [-22.75, 49.55, -22], "size": [4, 8, 1], "pivot": [-18.75, 49.75, -22], "rotation": [7.5, 0, -7.5], "uv": [20, 55]},
						{"origin": [-22.75, 49.55, -20], "size": [1, 6, 2], "pivot": [-22.75, 49.75, -20], "rotation": [-8.88927, -4.59902, -27.14233], "uv": [60, 56]},
						{"origin": [-22.75, 49.55, -16], "size": [1, 7, 4], "pivot": [-22.75, 49.75, -16], "rotation": [-11.168, -0.14717, -27.04789], "uv": [30, 53]},
						{"origin": [-22.75, 56.55, -14], "size": [1, 4, 2], "pivot": [-22.75, 49.75, -16], "rotation": [-11.168, -0.14717, -27.04789], "uv": [24, 48]},
						{"origin": [-22.75, 57.55, -22], "size": [2, 6, 1], "pivot": [-18.75, 49.75, -22], "rotation": [7.5, 0, -7.5], "uv": [6, 48]},
						{"origin": [-9.75, 55.55, -22], "size": [2, 5, 1], "pivot": [-11.75, 49.75, -22], "rotation": [7.38733, -1.29876, 9.91615], "uv": [12, 48]}
					]
				},
				{
					"name": "LeftFrontLeg1",
					"pivot": [6, 24, -14],
					"cubes": [
						{"origin": [4, 14, -17], "size": [4, 12, 6], "uv": [66, 58]}
					]
				},
				{
					"name": "LeftFrontLeg2",
					"parent": "LeftFrontLeg1",
					"pivot": [6, 15, -11],
					"cubes": [
						{"origin": [4.5, 0, -13.5], "size": [3, 15, 3], "uv": [86, 53]}
					]
				},
				{
					"name": "RightFrontLeg1",
					"pivot": [-6, 24, -14],
					"cubes": [
						{"origin": [-8, 14, -17], "size": [4, 12, 6], "uv": [66, 58]}
					]
				},
				{
					"name": "RightFrontLeg2",
					"parent": "RightFrontLeg1",
					"pivot": [-6, 15, -11],
					"cubes": [
						{"origin": [-7.5, 0, -13.5], "size": [3, 15, 3], "uv": [86, 53]}
					]
				},
				{
					"name": "LeftBacktLeg1",
					"pivot": [5.5, 24, 13],
					"cubes": [
						{"origin": [3.5, 14, 9], "size": [4, 13, 9], "uv": [40, 64]}
					]
				},
				{
					"name": "LeftBacktLeg2",
					"parent": "LeftBacktLeg1",
					"pivot": [5.5, 15, 18],
					"cubes": [
						{"origin": [4, 0, 15.5], "size": [3, 15, 3], "uv": [86, 53]}
					]
				},
				{
					"name": "RightBacktLeg1",
					"pivot": [-5.5, 24, 13],
					"cubes": [
						{"origin": [-7.5, 14, 9], "size": [4, 13, 9], "uv": [40, 64]}
					]
				},
				{
					"name": "RightBacktLeg2",
					"parent": "RightBacktLeg1",
					"pivot": [-5.5, 15, 18],
					"cubes": [
						{"origin": [-7, 0, 15.5], "size": [3, 15, 3], "uv": [86, 53]}
					]
				}
			]
		}
	]
}