{
	"format_version": "1.12.0",
	"minecraft:geometry": [
		{
			"description": {
				"identifier": "geometry.Ornimegalonyx",
				"texture_width": 64,
				"texture_height": 64,
				"visible_bounds_width": 3,
				"visible_bounds_height": 3.5,
				"visible_bounds_offset": [0, 1.25, 0]
			},
			"bones": [
				{
					"name": "body",
					"pivot": [0, 14, 0],
					"cubes": [
						{"origin": [-5, 10, -5], "size": [10, 8, 10], "uv": [0, 0]}
					]
				},
				{
					"name": "tail",
					"parent": "body",
					"pivot": [0, 11.5, 5],
					"cubes": [
						{"origin": [-4, 11, 5], "size": [8, 1, 8], "uv": [24, 24]}
					]
				},
				{
					"name": "head",
					"pivot": [0, 17, -3.5],
					"cubes": [
						{"origin": [-4, 17, -7.5], "size": [8, 6, 8], "uv": [0, 18]},
						{"origin": [-1, 18, -8.5], "size": [2, 3, 1], "uv": [0, 18]}
					]
				},
				{
					"name": "head2",
					"parent": "head",
					"pivot": [0, 23, -6],
					"cubes": [
						{"origin": [-4.5, 23, -6], "size": [9, 4, 0], "uv": [24, 20]}
					]
				},
				{
					"name": "head3",
					"parent": "head",
					"pivot": [0, 22, -7.6],
					"cubes": [
						{"origin": [-5, 21, -7.6], "size": [10, 2, 0], "uv": [24, 18]}
					]
				},
				{
					"name": "LeftLeg",
					"pivot": [2.75, 10, 0],
					"cubes": [
						{"origin": [1.25, 6, -1.5], "size": [3, 4, 3], "uv": [10, 33], "mirror": true}
					]
				},
				{
					"name": "LeftLeg1",
					"parent": "LeftLeg",
					"pivot": [2.75, 6, 1],
					"cubes": [
						{"origin": [1.25, 0, -2], "size": [3, 6, 3], "uv": [23, 33], "mirror": true}
					]
				},
				{
					"name": "RightLeg",
					"pivot": [-2.75, 10, 0],
					"cubes": [
						{"origin": [-4.25, 6, -1.5], "size": [3, 4, 3], "uv": [10, 33]}
					]
				},
				{
					"name": "RightLeg1",
					"parent": "RightLeg",
					"pivot": [-2.75, 6, 1],
					"cubes": [
						{"origin": [-4.25, 0, -2], "size": [3, 6, 3], "uv": [23, 33]}
					]
				},
				{
					"name": "LeftWing",
					"pivot": [5, 17, -4],
					"cubes": [
						{"origin": [5, 8, -5], "size": [1, 10, 8], "uv": [0, 32], "mirror": true},
						{"origin": [5, 8, 3], "size": [1, 6, 3], "uv": [18, 41], "mirror": true}
					]
				},
				{
					"name": "RightWing",
					"pivot": [-5, 17, -4],
					"cubes": [
						{"origin": [-6, 8, -5], "size": [1, 10, 8], "uv": [0, 32]},
						{"origin": [-6, 8, 3], "size": [1, 6, 3], "uv": [18, 41]}
					]
				}
			]
		}
	]
}