{
	"format_version": "1.12.0",
	"minecraft:geometry": [
		{
			"description": {
				"identifier": "geometry.Sacabambaspis",
				"texture_width": 128,
				"texture_height": 128,
				"visible_bounds_width": 7,
				"visible_bounds_height": 2.5,
				"visible_bounds_offset": [0, 0.75, 0]
			},
			"bones": [
				{
					"name": "body",
					"pivot": [0, 5.5, -5.5],
					"cubes": [
						{"origin": [-7, 0, -11], "size": [14, 11, 11], "uv": [0, 0]},
						{"origin": [-7.5, 5, -11.5], "size": [3, 1, 12], "uv": [0, 42]},
						{"origin": [4.5, 5, -11.5], "size": [3, 1, 12], "uv": [38, 10]}
					]
				},
				{
					"name": "body2",
					"parent": "body",
					"pivot": [0, 5.5, 0],
					"cubes": [
						{"origin": [-5, 1, -1], "size": [10, 9, 11], "uv": [0, 22]}
					]
				},
				{
					"name": "tail",
					"parent": "body2",
					"pivot": [0, 5.5, 10],
					"cubes": [
						{"origin": [-3, 2, 9], "size": [6, 7, 11], "uv": [31, 31]}
					]
				},
				{
					"name": "tail2",
					"parent": "tail",
					"pivot": [-0.5, 5.5, 20],
					"cubes": [
						{"origin": [-2.5, 3, 19], "size": [5, 5, 8], "uv": [50, 49]}
					]
				},
				{
					"name": "tail3",
					"parent": "tail2",
					"pivot": [-0.5, 5.5, 27],
					"cubes": [
						{"origin": [-1.5, 4, 26], "size": [3, 3, 8], "uv": [54, 23]}
					]
				},
				{
					"name": "tail4",
					"parent": "tail3",
					"pivot": [-0.5, 5.5, 34],
					"cubes": [
						{"origin": [-0.5, 4.5, 33], "size": [1, 2, 8], "uv": [39, 0]},
						{"origin": [0, 0.5, 36], "size": [0, 10, 10], "pivot": [-0.5, 5.5, 41], "rotation": [45, 0, 0], "uv": [30, 39]}
					]
				}
			]
		}
	]
}