{
	"format_version": "1.12.0",
	"minecraft:geometry": [
		{
			"description": {
				"identifier": "geometry.Sawfish",
				"texture_width": 128,
				"texture_height": 128,
				"visible_bounds_width": 7,
				"visible_bounds_height": 3,
				"visible_bounds_offset": [0, 0.5, 0]
			},
			"bones": [
				{
					"name": "body",
					"pivot": [0, 3, 0],
					"cubes": [
						{"origin": [-7, 0, -9], "size": [14, 6, 18], "uv": [0, 0]},
						{"origin": [4, 0.25, -6], "size": [9, 1, 9], "pivot": [7, 0.25, 0], "rotation": [0, 45, 0], "uv": [62, 15], "mirror": true},
						{"origin": [-6, 0, -17], "size": [12, 5, 8], "uv": [46, 0]},
						{"origin": [-13, 0.25, -6], "size": [9, 1, 9], "pivot": [-7, 0.25, 0], "rotation": [0, -45, 0], "uv": [62, 15]},
						{"origin": [-2, 0, -36], "size": [4, 1, 19], "uv": [0, 24]},
						{"origin": [2, 0.5, -36], "size": [3, 0, 19], "uv": [8, 24], "mirror": true},
						{"origin": [-0.5, 1, 6], "size": [1, 6, 10], "pivot": [0, 4, 6], "rotation": [72.5, 0, 0], "uv": [65, 33]},
						{"origin": [-5, 0.5, -36], "size": [3, 0, 19], "uv": [8, 24]}
					]
				},
				{
					"name": "tail1",
					"parent": "body",
					"pivot": [0, 3, 9],
					"cubes": [
						{"origin": [-4, 0, 7], "size": [8, 5, 13], "uv": [33, 24]},
						{"origin": [2, 0.25, 9], "size": [7, 1, 7], "pivot": [5, 0.25, 15], "rotation": [0, 45, 0], "uv": [62, 25], "mirror": true},
						{"origin": [-9, 0.25, 9], "size": [7, 1, 7], "pivot": [-5, 0.25, 15], "rotation": [0, -45, 0], "uv": [62, 25]},
						{"origin": [-0.5, 1, 17], "size": [1, 5, 5], "pivot": [0, 3, 17], "rotation": [62.5, 0, 0], "uv": [0, 24]}
					]
				},
				{
					"name": "tail2",
					"parent": "tail1",
					"pivot": [0, 3, 20],
					"cubes": [
						{"origin": [-1.5, 0, 18], "size": [3, 4, 15], "uv": [0, 44]}
					]
				},
				{
					"name": "tail3",
					"parent": "tail2",
					"pivot": [0, 3, 33],
					"cubes": [
						{"origin": [-0.5, 1, 31], "size": [1, 5, 15], "pivot": [0, 3, 33], "rotation": [45, 0, 0], "uv": [36, 42]},
						{"origin": [0, -6, 27], "size": [0, 10, 7], "pivot": [0, 3, 33], "rotation": [45, 0, 0], "uv": [0, 0]}
					]
				}
			]
		}
	]
}