{
	"format_version": "1.12.0",
	"minecraft:geometry": [
		{
			"description": {
				"identifier": "geometry.smilodon",
				"texture_width": 128,
				"texture_height": 128,
				"visible_bounds_width": 4,
				"visible_bounds_height": 3.5,
				"visible_bounds_offset": [0, 1.25, 0]
			},
			"bones": [
				{
					"name": "body",
					"pivot": [0, 15, 3],
					"cubes": [
						{"origin": [-6, 9, -12], "size": [12, 13, 17], "uv": [0, 0]},
						{"origin": [-6, 6, -12], "size": [12, 3, 17], "uv": [0, 30]},
						{"origin": [-5, 10, 5], "size": [10, 10, 12], "uv": [46, 18]},
						{"origin": [-5, 7, 5], "size": [10, 3, 12], "uv": [58, 62]}
					]
				},
				{
					"name": "tail",
					"parent": "body",
					"pivot": [0, 20, 17],
					"rotation": [-45, 0, 0],
					"cubes": [
						{"origin": [-1.5, 17, 17], "size": [3, 3, 8], "uv": [0, 68]}
					]
				},
				{
					"name": "neck",
					"pivot": [0, 18.5, -12],
					"cubes": [
						{"origin": [-5, 12.5, -17], "size": [10, 11, 11], "uv": [49, 40]},
						{"origin": [-5, 23.5, -16], "size": [10, 4, 0], "pivot": [0, 23.5, -16], "rotation": [-32.5, 0, 0], "uv": [70, 4]},
						{"origin": [-5, 23.5, -12], "size": [10, 4, 0], "pivot": [0, 23.5, -12], "rotation": [-32.5, 0, 0], "uv": [70, 0]},
						{"origin": [-5, 23.5, -8], "size": [10, 4, 0], "pivot": [0, 23.5, -8], "rotation": [-32.5, 0, 0], "uv": [70, 8]},
						{"origin": [-4.5, 9.5, -17], "size": [3, 3, 11], "uv": [41, 0], "mirror": true},
						{"origin": [1.5, 9.5, -17], "size": [3, 3, 11], "uv": [41, 0]}
					]
				},
				{
					"name": "head",
					"parent": "neck",
					"pivot": [0, 17.5, -17],
					"cubes": [
						{"origin": [-4, 13.75, -21], "size": [8, 7, 5], "uv": [44, 62]},
						{"origin": [0, 10.75, -21], "size": [0, 3, 5], "uv": [58, -5]},
						{"origin": [-2.5, 12.25, -24], "size": [5, 5, 3], "uv": [17, 50]},
						{"origin": [-2.5, 11.25, -24], "size": [5, 1, 0], "uv": [41, 10]},
						{"origin": [2.5, 9.25, -23], "size": [1, 5, 1], "uv": [41, 4]},
						{"origin": [-1.5, 17.25, -24], "size": [3, 5, 3], "pivot": [-0.5, 17.25, -24], "rotation": [-50, 0, 0], "uv": [58, 3]},
						{"origin": [-4.75, 20.75, -19.5], "size": [3, 3, 1], "pivot": [-1.75, 20.75, -19], "rotation": [0, 0, -45], "uv": [41, 0], "mirror": true},
						{"origin": [1.75, 20.75, -19.5], "size": [3, 3, 1], "pivot": [1.75, 20.75, -19], "rotation": [0, 0, 45], "uv": [41, 0]},
						{"origin": [-3.5, 9.25, -23], "size": [1, 5, 1], "uv": [41, 4], "mirror": true}
					]
				},
				{
					"name": "leftarm",
					"pivot": [6, 16, -6],
					"cubes": [
						{"origin": [4, 9, -8], "size": [4, 11, 4], "uv": [33, 50]}
					]
				},
				{
					"name": "leftarm2",
					"parent": "leftarm",
					"pivot": [5.5, 9, -4],
					"cubes": [
						{"origin": [3.5, 0, -7.75], "size": [4, 10, 4], "uv": [26, 65]},
						{"origin": [3.5, 0, -9.75], "size": [4, 3, 2], "uv": [14, 68]}
					]
				},
				{
					"name": "rightarm",
					"pivot": [-6, 16, -6],
					"cubes": [
						{"origin": [-8, 9, -8], "size": [4, 11, 4], "uv": [33, 50], "mirror": true}
					]
				},
				{
					"name": "rightarm2",
					"parent": "rightarm",
					"pivot": [-5.5, 9, -4],
					"cubes": [
						{"origin": [-7.5, 0, -7.75], "size": [4, 10, 4], "uv": [26, 65], "mirror": true},
						{"origin": [-7.5, 0, -9.75], "size": [4, 3, 2], "uv": [14, 68], "mirror": true}
					]
				},
				{
					"name": "lefleg",
					"pivot": [5, 16, 13],
					"cubes": [
						{"origin": [3, 8, 9], "size": [4, 9, 9], "uv": [0, 50]}
					]
				},
				{
					"name": "lefleg2",
					"parent": "lefleg",
					"pivot": [4.5, 8, 14.7],
					"cubes": [
						{"origin": [2.5, 0, 14.75], "size": [4, 10, 4], "uv": [26, 65]},
						{"origin": [2.5, 0, 12.75], "size": [4, 3, 2], "uv": [14, 68]}
					]
				},
				{
					"name": "rightleg",
					"pivot": [-5, 16, 13],
					"cubes": [
						{"origin": [-7, 8, 9], "size": [4, 9, 9], "uv": [0, 50], "mirror": true}
					]
				},
				{
					"name": "rightleg2",
					"parent": "rightleg",
					"pivot": [-4.5, 8, 14.7],
					"cubes": [
						{"origin": [-6.5, 0, 14.75], "size": [4, 10, 4], "uv": [26, 65], "mirror": true},
						{"origin": [-6.5, 0, 12.75], "size": [4, 3, 2], "uv": [14, 68], "mirror": true}
					]
				}
			]
		}
	]
}