{
	"format_version": "1.12.0",
	"minecraft:geometry": [
		{
			"description": {
				"identifier": "geometry.unknown",
				"texture_width": 64,
				"texture_height": 64,
				"visible_bounds_width": 5,
				"visible_bounds_height": 2.5,
				"visible_bounds_offset": [0, 0.75, 0]
			},
			"bones": [
				{
					"name": "head",
					"pivot": [0, 7, -6],
					"cubes": [
						{"origin": [-2.5, 6.5, -12], "size": [5, 4, 7], "uv": [0, 18]},
						{"origin": [-2, 6.5, -15], "size": [4, 3, 3], "uv": [34, 23]}
					]
				},
				{
					"name": "jaw",
					"parent": "head",
					"pivot": [0, 6.5, -6],
					"cubes": [
						{"origin": [-3.5, 5, -9.5], "size": [7, 4, 4], "uv": [25, 0]},
						{"origin": [-2.5, 5.5, -12], "size": [5, 1, 7], "uv": [17, 22]},
						{"origin": [-2, 5.5, -15], "size": [4, 1, 3], "uv": [17, 18]}
					]
				},
				{
					"name": "tongue",
					"parent": "jaw",
					"pivot": [0, 6.5, -9],
					"cubes": [
						{"origin": [-1.5, 6.5, -15], "size": [3, 0, 7], "uv": [-7, 18]}
					]
				},
				{
					"name": "body",
					"pivot": [0, 5, 0],
					"cubes": [
						{"origin": [-3, 4, -6], "size": [6, 5, 13], "uv": [0, 0]}
					]
				},
				{
					"name": "tail",
					"pivot": [0, 6.5, 7],
					"cubes": [
						{"origin": [-1.5, 4.5, 6], "size": [3, 4, 6], "uv": [0, 29]},
						{"origin": [-1, 5, 12], "size": [2, 3, 6], "uv": [18, 30]},
						{"origin": [-0.5, 5.5, 18], "size": [1, 2, 6], "uv": [28, 33]}
					]
				},
				{
					"name": "left_leg1",
					"pivot": [3, 5, -4],
					"cubes": [
						{"origin": [2, 0, -5], "size": [2, 6, 2], "uv": [10, 39]},
						{"origin": [0, 0, -7], "size": [4, 0, 4], "uv": [-4, 0]}
					]
				},
				{
					"name": "left_leg2",
					"pivot": [3, 5, 5],
					"cubes": [
						{"origin": [2, 3, 3], "size": [2, 3, 3], "uv": [0, 39]},
						{"origin": [2, 0, 4], "size": [2, 3, 2], "uv": [18, 39]},
						{"origin": [2, 0, 2], "size": [6, 0, 5], "uv": [-5, 4]}
					]
				},
				{
					"name": "right_leg1",
					"pivot": [-3, 5, -4],
					"cubes": [
						{"origin": [-4, 0, -5], "size": [2, 6, 2], "uv": [10, 39], "mirror": true},
						{"origin": [-4, 0, -7], "size": [4, 0, 4], "uv": [-4, 0], "mirror": true}
					]
				},
				{
					"name": "right_leg2",
					"pivot": [-3, 5, 5],
					"cubes": [
						{"origin": [-4, 3, 3], "size": [2, 3, 3], "uv": [0, 39], "mirror": true},
						{"origin": [-4, 0, 4], "size": [2, 3, 2], "uv": [18, 39], "mirror": true},
						{"origin": [-8, 0, 2], "size": [6, 0, 5], "uv": [-5, 4], "mirror": true}
					]
				}
			]
		}
	]
}