{
	"format_version": "1.12.0",
	"minecraft:geometry": [
		{
			"description": {
				"identifier": "geometry.TerrorBird",
				"texture_width": 128,
				"texture_height": 128,
				"visible_bounds_width": 5,
				"visible_bounds_height": 4.5,
				"visible_bounds_offset": [0, 1.75, 0]
			},
			"bones": [
				{
					"name": "Body",
					"pivot": [0, 19, 0],
					"cubes": [
						{"origin": [-5, 14, -7], "size": [10, 9, 13], "uv": [0, 0]},
						{"origin": [-4, 15, 6], "size": [8, 7, 6], "uv": [0, 22]},
						{"origin": [5, 17, -6], "size": [1, 4, 6], "uv": [16, 35], "mirror": true},
						{"origin": [-6, 17, -6], "size": [1, 4, 6], "uv": [16, 35]}
					]
				},
				{
					"name": "tail",
					"parent": "Body",
					"pivot": [0, 19, 12],
					"cubes": [
						{"origin": [-6, 19, 12], "size": [12, 0, 13], "uv": [20, 0]}
					]
				},
				{
					"name": "Neck",
					"pivot": [0, 22, -6],
					"cubes": [
						{"origin": [-2, 18, -8.5], "size": [4, 15, 4], "uv": [30, 34]}
					]
				},
				{
					"name": "head",
					"parent": "Neck",
					"pivot": [0, 32, -8],
					"cubes": [
						{"origin": [-3, 28.5, -12], "size": [6, 6, 6], "uv": [28, 22]},
						{"origin": [-1.5, 30.5, -18], "size": [3, 4, 6], "uv": [46, 28]},
						{"origin": [-1.5, 28.5, -18], "size": [3, 2, 1], "uv": [46, 45]}
					]
				},
				{
					"name": "feather",
					"parent": "head",
					"pivot": [0, 34.5, -12],
					"cubes": [
						{"origin": [-2.5, 34.5, -12], "size": [5, 6, 0], "uv": [22, 22]},
						{"origin": [-1.5, 34.5, -11.75], "size": [3, 5, 0], "pivot": [0, 34.5, -11.75], "rotation": [-15, 0, 0], "uv": [0, 7]},
						{"origin": [-1, 34.5, -11.5], "size": [2, 4, 0], "pivot": [0.5, 34.5, -11.5], "rotation": [-37.5, 0, 0], "uv": [0, 3]},
						{"origin": [-0.5, 34.5, -11.25], "size": [1, 3, 0], "pivot": [0, 34.5, -11.25], "rotation": [-65, 0, 0], "uv": [0, 0]}
					]
				},
				{
					"name": "jaw",
					"parent": "head",
					"pivot": [0, 30.5, -12],
					"cubes": [
						{"origin": [-1.5, 28.5, -17], "size": [3, 2, 5], "uv": [46, 38]}
					]
				},
				{
					"name": "LeftLeg",
					"pivot": [5, 18, 3],
					"cubes": [
						{"origin": [4, 13, 0.5], "size": [3, 7, 5], "uv": [0, 35], "mirror": true},
						{"origin": [4, 9, 2.5], "size": [3, 4, 3], "uv": [0, 47], "mirror": true}
					]
				},
				{
					"name": "LeftLeg2",
					"parent": "LeftLeg",
					"pivot": [5.5, 9, 5.5],
					"cubes": [
						{"origin": [4, 0, 2.5], "size": [3, 9, 3], "uv": [0, 54], "mirror": true}
					]
				},
				{
					"name": "LeftFoot",
					"parent": "LeftLeg2",
					"pivot": [5.5, 0, 4],
					"cubes": [
						{"origin": [2.5, 0, -2], "size": [6, 0, 7], "uv": [5, 47], "mirror": true}
					]
				},
				{
					"name": "RightLeg",
					"pivot": [-5, 18, 3],
					"cubes": [
						{"origin": [-7, 13, 0.5], "size": [3, 7, 5], "uv": [0, 35]},
						{"origin": [-7, 9, 2.5], "size": [3, 4, 3], "uv": [0, 47]}
					]
				},
				{
					"name": "RightLeg2",
					"parent": "RightLeg",
					"pivot": [-5.5, 9, 5.5],
					"cubes": [
						{"origin": [-7, 0, 2.5], "size": [3, 9, 3], "uv": [0, 54]}
					]
				},
				{
					"name": "RightFoot",
					"parent": "RightLeg2",
					"pivot": [-5.5, 0, 4],
					"cubes": [
						{"origin": [-8.5, 0, -2], "size": [6, 0, 7], "uv": [5, 47]}
					]
				}
			]
		}
	]
}