{
	"format_version": "1.12.0",
	"minecraft:geometry": [
		{
			"description": {
				"identifier": "geometry.Tupandactylus",
				"texture_width": 64,
				"texture_height": 64,
				"visible_bounds_width": 4,
				"visible_bounds_height": 2.5,
				"visible_bounds_offset": [0, 0.75, 0]
			},
			"bones": [
				{
					"name": "body",
					"pivot": [0, 9, 0],
					"cubes": [
						{"origin": [-2, 5, -5], "size": [4, 5, 6], "uv": [28, 1]},
						{"origin": [-1.5, 6, 1], "size": [3, 4, 5], "uv": [34, 12]},
						{"origin": [-0.5, 9, 6], "size": [1, 1, 4], "uv": [4, 32]}
					]
				},
				{
					"name": "head",
					"pivot": [0, 10, -5],
					"cubes": [
						{"origin": [-1, 7, -8], "size": [2, 3, 3], "uv": [44, 26]}
					]
				},
				{
					"name": "head2",
					"parent": "head",
					"pivot": [0, 10, -8],
					"cubes": [
						{"origin": [-1, 6, -12], "size": [2, 4, 4], "uv": [34, 21]}
					]
				},
				{
					"name": "head3",
					"parent": "head2",
					"pivot": [0, 9.25, -12],
					"cubes": [
						{"origin": [-1.5, 7.25, -14], "size": [3, 3, 3], "uv": [10, 30]},
						{"origin": [-1.5, 7.25, -16], "size": [3, 3, 2], "uv": [46, 21]},
						{"origin": [-1, 7.25, -19], "size": [2, 2, 3], "uv": [24, 15]},
						{"origin": [-0.5, 7, -21], "size": [1, 2, 2], "uv": [0, 0]},
						{"origin": [-0.5, 7, -22], "size": [1, 1, 1], "uv": [0, 4]},
						{"origin": [-0.5, 12, -20], "size": [1, 7, 10], "pivot": [0, 9, -20], "rotation": [-7.5, 0, 0], "uv": [22, 20]},
						{"origin": [-0.5, 9, -20], "size": [1, 3, 8], "pivot": [0, 9, -20], "rotation": [-7.5, 0, 0], "uv": [14, 19]}
					]
				},
				{
					"name": "jaw",
					"parent": "head3",
					"pivot": [0, 7.25, -12],
					"cubes": [
						{"origin": [-1.5, 6.25, -14], "size": [3, 1, 3], "uv": [6, 15]},
						{"origin": [-1, 6.25, -17], "size": [2, 1, 3], "uv": [45, 13]},
						{"origin": [-0.5, 4.25, -21], "size": [1, 3, 5], "uv": [10, 19]}
					]
				},
				{
					"name": "Left_Wing",
					"pivot": [2, 9, -3.5],
					"cubes": [
						{"origin": [2, 8, -4.5], "size": [9, 1, 7], "uv": [0, 7]}
					]
				},
				{
					"name": "Left_Wing2",
					"parent": "Left_Wing",
					"pivot": [11, 9, -3.5],
					"cubes": [
						{"origin": [11, 8, -4.5], "size": [11, 1, 6], "uv": [0, 0]}
					]
				},
				{
					"name": "Right_Wing",
					"pivot": [-2, 9, -3.5],
					"cubes": [
						{"origin": [-11, 8, -4.5], "size": [9, 1, 7], "uv": [0, 7], "mirror": true}
					]
				},
				{
					"name": "Right_Wing2",
					"parent": "Right_Wing",
					"pivot": [-11, 9, -3.5],
					"cubes": [
						{"origin": [-22, 8, -4.5], "size": [11, 1, 6], "uv": [0, 0], "mirror": true}
					]
				},
				{
					"name": "Right_leg",
					"pivot": [-1.5, 8, 5],
					"cubes": [
						{"origin": [-3.5, 3, 4], "size": [2, 5, 2], "uv": [0, 27], "mirror": true}
					]
				},
				{
					"name": "Right_leg2",
					"parent": "Right_leg",
					"pivot": [-2.5, 3, 4],
					"cubes": [
						{"origin": [-3, -2, 4], "size": [1, 5, 2], "uv": [0, 20], "mirror": true}
					]
				},
				{
					"name": "Right_leg3",
					"parent": "Right_leg2",
					"pivot": [-2.5, -2, 5],
					"cubes": [
						{"origin": [-4, -2, 1], "size": [3, 0, 5], "uv": [-5, 15], "mirror": true}
					]
				},
				{
					"name": "Left_leg",
					"pivot": [1.5, 8, 5],
					"cubes": [
						{"origin": [1.5, 3, 4], "size": [2, 5, 2], "uv": [0, 27]}
					]
				},
				{
					"name": "Left_leg2",
					"parent": "Left_leg",
					"pivot": [2.5, 3, 4],
					"cubes": [
						{"origin": [2, -2, 4], "size": [1, 5, 2], "uv": [0, 20]}
					]
				},
				{
					"name": "Left_leg3",
					"parent": "Left_leg2",
					"pivot": [2.5, -2, 5],
					"cubes": [
						{"origin": [1, -2, 1], "size": [3, 0, 5], "uv": [-5, 15]}
					]
				}
			]
		}
	]
}