{
	"format_version": "1.12.0",
	"minecraft:geometry": [
		{
			"description": {
				"identifier": "geometry.Unicornio",
				"texture_width": 256,
				"texture_height": 256,
				"visible_bounds_width": 6,
				"visible_bounds_height": 4.5,
				"visible_bounds_offset": [0, 1.75, 0]
			},
			"bones": [
				{
					"name": "body",
					"pivot": [0, 21, 6],
					"cubes": [
						{"origin": [-11, 10, -15], "size": [22, 30, 21], "uv": [0, 0]},
						{"origin": [-11, 8, -15], "size": [22, 2, 21], "uv": [130, 0]},
						{"origin": [-10, 12, 6], "size": [20, 25, 7], "uv": [60, 53]},
						{"origin": [-10, 10, 6], "size": [20, 2, 7], "uv": [130, 23]},
						{"origin": [-9, 13, 13], "size": [18, 21, 12], "uv": [0, 51]},
						{"origin": [-9, 11, 13], "size": [18, 2, 12], "uv": [130, 32]}
					]
				},
				{
					"name": "body2",
					"parent": "body",
					"pivot": [0, 22, -22],
					"cubes": [
						{"origin": [-8, 13, -25], "size": [16, 19, 6], "uv": [86, 28]},
						{"origin": [-8, 11, -25], "size": [16, 2, 6], "uv": [130, 52]}
					]
				},
				{
					"name": "body3",
					"parent": "body",
					"pivot": [0, 22, -16],
					"cubes": [
						{"origin": [-9, 12, -19], "size": [18, 24, 4], "uv": [86, 0]},
						{"origin": [-9, 10, -19], "size": [18, 2, 4], "uv": [130, 46]}
					]
				},
				{
					"name": "tail",
					"parent": "body",
					"pivot": [0, 34, 25],
					"cubes": [
						{"origin": [-4, 34, 25], "size": [8, 0, 16], "uv": [49, 0]}
					]
				},
				{
					"name": "bone",
					"pivot": [0, 27, -25],
					"cubes": [
						{"origin": [-5, 14, -38], "size": [10, 13, 17], "uv": [32, 85]},
						{"origin": [-6, 25, -27], "size": [3, 6, 1], "pivot": [-3, 27, -27], "rotation": [0, 0, -22.5], "uv": [41, 95], "mirror": true},
						{"origin": [3, 25, -27], "size": [3, 6, 1], "pivot": [3, 27, -27], "rotation": [0, 0, 22.5], "uv": [41, 95]},
						{"origin": [-3, 25, -37], "size": [6, 11, 6], "pivot": [0, 27, -37], "rotation": [10, 0, 0], "uv": [62, 115]},
						{"origin": [-2, 35.75, -38.25], "size": [4, 8, 5], "pivot": [0, 35.75, -38.25], "rotation": [2.5, 0, 0], "uv": [44, 115]},
						{"origin": [-1, 43.5, -38.5], "size": [2, 7, 4], "pivot": [0, 43.5, -38.5], "rotation": [-5, 0, 0], "uv": [32, 115]},
						{"origin": [-0.5, 50.25, -37.75], "size": [1, 5, 3], "pivot": [-0.5, 50.25, -37.75], "rotation": [-22.5, 0, 0], "uv": [75, 94]},
						{"origin": [-0.5, 55.25, -37.75], "size": [1, 4, 2], "pivot": [-0.5, 50.25, -37.75], "rotation": [-22.5, 0, 0], "uv": [69, 96]}
					]
				},
				{
					"name": "Leftleg1",
					"pivot": [10, 30, -10],
					"cubes": [
						{"origin": [6, 0, -14], "size": [8, 36, 8], "uv": [0, 84]}
					]
				},
				{
					"name": "Rightleg1",
					"pivot": [-10, 30, -10],
					"cubes": [
						{"origin": [-14, 0, -14], "size": [8, 36, 8], "uv": [0, 84], "mirror": true}
					]
				},
				{
					"name": "Leftleg2",
					"pivot": [9, 25, 20],
					"cubes": [
						{"origin": [5, 16, 12], "size": [9, 16, 11], "uv": [31, 128]},
						{"origin": [5, 0, 16], "size": [8, 19, 8], "uv": [0, 128]}
					]
				},
				{
					"name": "Rightleg2",
					"pivot": [-9, 25, 20],
					"cubes": [
						{"origin": [-14, 16, 12], "size": [9, 16, 11], "uv": [32, 128]},
						{"origin": [-13, 0, 16], "size": [8, 19, 8], "uv": [0, 128], "mirror": true}
					]
				}
			]
		}
	]
}