{
	"format_version": "1.12.0",
	"minecraft:geometry": [
		{
			"description": {
				"identifier": "geometry.UniFossilStatue",
				"texture_width": 256,
				"texture_height": 256,
				"visible_bounds_width": 8,
				"visible_bounds_height": 5.5,
				"visible_bounds_offset": [0, 2.25, 0]
			},
			"bones": [
				{
					"name": "bone",
					"pivot": [0, 33, -19],
					"cubes": [
						{"origin": [-9, 12, -18], "size": [18, 16, 16], "pivot": [0, 28, -10], "rotation": [7.5, 0, 0], "uv": [0, 64]},
						{"origin": [-8, 12, -2], "size": [16, 17, 11], "pivot": [0, 28, -10], "rotation": [7.5, 0, 0], "uv": [0, 99]},
						{"origin": [-2.5, 20, -28], "size": [5, 7, 14], "pivot": [-0.5, 27, -25], "rotation": [22.5, 0, 0], "uv": [0, 16]},
						{"origin": [-2.5, 28.35, 8.75], "size": [5, 6, 12], "uv": [92, 49]},
						{"origin": [2, 27, 9], "size": [8, 6, 2], "pivot": [5, 33, 10], "rotation": [40, 0, 0], "uv": [117, 106], "mirror": true},
						{"origin": [6, 23, 9], "size": [3, 4, 2], "pivot": [5, 33, 10], "rotation": [40, 0, 0], "uv": [72, 64], "mirror": true},
						{"origin": [7, 22, 1.5], "size": [3, 3, 9], "pivot": [5, 33, 10], "rotation": [40, 0, 0], "uv": [24, 11], "mirror": true},
						{"origin": [-4, 29, 11.5], "size": [10, 0, 9], "pivot": [6, 29, 15], "rotation": [0, 0, -52.5], "uv": [0, 37], "mirror": true},
						{"origin": [7.5, 14, 2.5], "size": [3, 8, 3], "pivot": [5, 33, 10], "rotation": [40, 0, 0], "uv": [32, 0], "mirror": true},
						{"origin": [6.5, 1, 16.25], "size": [5, 15, 3], "uv": [94, 119], "mirror": true},
						{"origin": [5.5, 1, 12.25], "size": [7, 3, 6], "uv": [111, 114], "mirror": true},
						{"origin": [-2, 24.2, -14.8], "size": [4, 7, 24], "pivot": [0, 31.2, -14.8], "rotation": [7.5, 0, 0], "uv": [60, 49]},
						{"origin": [0, 26.2, -24.8], "size": [0, 15, 42], "uv": [0, 7]},
						{"origin": [-5, 15, -42], "size": [10, 13, 17], "uv": [51, 80]},
						{"origin": [-3, 26, -41], "size": [6, 11, 6], "pivot": [0, 28, -41], "rotation": [10, 0, 0], "uv": [88, 80]},
						{"origin": [-2, 36.75, -42.25], "size": [4, 8, 5], "pivot": [0, 36.75, -42.25], "rotation": [2.5, 0, 0], "uv": [112, 84]},
						{"origin": [-1, 44.5, -42.5], "size": [2, 7, 4], "pivot": [0, 44.5, -42.5], "rotation": [-5, 0, 0], "uv": [130, 86]},
						{"origin": [-0.5, 51.25, -41.75], "size": [1, 5, 3], "pivot": [-0.5, 51.25, -41.75], "rotation": [-22.5, 0, 0], "uv": [125, 78]},
						{"origin": [-0.5, 56.25, -41.75], "size": [1, 4, 2], "pivot": [-0.5, 51.25, -41.75], "rotation": [-22.5, 0, 0], "uv": [133, 80]},
						{"origin": [-4, 34, 20], "size": [8, 0, 16], "uv": [0, 0]},
						{"origin": [9.25, 27, -17], "size": [2, 9, 8], "pivot": [8.25, 27, -13], "rotation": [-20, 0, -30], "uv": [97, 102], "mirror": true},
						{"origin": [9.25, 23, -17], "size": [2, 4, 4], "pivot": [8.25, 27, -13], "rotation": [-20, 0, -30], "uv": [54, 122], "mirror": true},
						{"origin": [8.5, 15.75, -16.8], "size": [3, 11, 3], "pivot": [10, 26.75, -15.3], "rotation": [20, 0, 0], "uv": [0, 0], "mirror": true},
						{"origin": [8.5, 15.75, -13.8], "size": [3, 2, 3], "pivot": [10, 26.75, -15.3], "rotation": [20, 0, 0], "uv": [0, 14], "mirror": true},
						{"origin": [8, 1, -13], "size": [5, 16, 3], "uv": [78, 110], "mirror": true},
						{"origin": [7, 1, -18], "size": [7, 3, 6], "uv": [52, 64], "mirror": true},
						{"origin": [-6, 29, 11.5], "size": [10, 0, 9], "pivot": [-6, 29, 15], "rotation": [0, 0, 52.5], "uv": [0, 37]},
						{"origin": [-12.5, 1, 12.25], "size": [7, 3, 6], "uv": [111, 114]},
						{"origin": [-11.5, 1, 16.25], "size": [5, 15, 3], "uv": [94, 119]},
						{"origin": [-10.5, 14, 2.5], "size": [3, 8, 3], "pivot": [-5, 33, 10], "rotation": [40, 0, 0], "uv": [32, 0]},
						{"origin": [-10, 22, 1.5], "size": [3, 3, 9], "pivot": [-5, 33, 10], "rotation": [40, 0, 0], "uv": [24, 11]},
						{"origin": [-9, 23, 9], "size": [3, 4, 2], "pivot": [-5, 33, 10], "rotation": [40, 0, 0], "uv": [72, 64]},
						{"origin": [-10, 27, 9], "size": [8, 6, 2], "pivot": [-5, 33, 10], "rotation": [40, 0, 0], "uv": [117, 106]},
						{"origin": [-11.25, 27, -17], "size": [2, 9, 8], "pivot": [-8.25, 27, -13], "rotation": [-20, 0, 30], "uv": [97, 102]},
						{"origin": [-11.25, 23, -17], "size": [2, 4, 4], "pivot": [-8.25, 27, -13], "rotation": [-20, 0, 30], "uv": [54, 122]},
						{"origin": [-11.5, 15.75, -16.8], "size": [3, 11, 3], "pivot": [-10, 26.75, -15.3], "rotation": [20, 0, 0], "uv": [0, 0]},
						{"origin": [-11.5, 15.75, -13.8], "size": [3, 2, 3], "pivot": [-10, 26.75, -15.3], "rotation": [20, 0, 0], "uv": [0, 14]},
						{"origin": [-13, 1, -13], "size": [5, 16, 3], "uv": [78, 110]},
						{"origin": [-14, 1, -18], "size": [7, 3, 6], "uv": [52, 64]},
						{"origin": [-16, 0, -24], "size": [32, 1, 48], "uv": [0, 0]}
					]
				}
			]
		}
	]
}