{
	"format_version": "1.12.0",
	"minecraft:geometry": [
		{
			"description": {
				"identifier": "geometry.Villapithecus",
				"texture_width": 64,
				"texture_height": 64,
				"visible_bounds_width": 2,
				"visible_bounds_height": 2.5,
				"visible_bounds_offset": [0, 0.75, 0]
			},
			"bones": [
				{
					"name": "body",
					"pivot": [0, 6, 0],
					"cubes": [
						{"origin": [-4, 5, -4], "size": [8, 5, 8], "inflate": -0.4, "uv": [0, 17]},
						{"origin": [-4, 6.25, -4], "size": [8, 3, 8], "inflate": -0.2, "uv": [24, 9]}
					]
				},
				{
					"name": "head",
					"parent": "body",
					"pivot": [0, 10, 0],
					"cubes": [
						{"origin": [-4, 8, -4], "size": [8, 9, 8], "uv": [0, 0]},
						{"origin": [4, 12, -2], "size": [2, 4, 1], "uv": [0, 17]},
						{"origin": [-6, 12, -2], "size": [2, 4, 1], "uv": [0, 17], "mirror": true},
						{"origin": [-4, 15, -5], "size": [8, 1, 1], "uv": [24, 20]}
					]
				},
				{
					"name": "nose",
					"parent": "head",
					"pivot": [0, 14, -4],
					"cubes": [
						{"origin": [-1, 10, -5], "size": [2, 4, 1], "uv": [0, 0]}
					]
				},
				{
					"name": "LeftLeg",
					"pivot": [2, 5, 1],
					"cubes": [
						{"origin": [0.5, 0, -0.5], "size": [3, 6, 3], "uv": [10, 30]}
					]
				},
				{
					"name": "RightLeg",
					"pivot": [-2, 5, 1],
					"cubes": [
						{"origin": [-3.5, 0, -0.5], "size": [3, 6, 3], "uv": [10, 30], "mirror": true}
					]
				},
				{
					"name": "LeftArm",
					"pivot": [4, 10, -2],
					"cubes": [
						{"origin": [4, 0, -3.5], "size": [2, 11, 3], "uv": [0, 30]}
					]
				},
				{
					"name": "RightArm",
					"pivot": [-4, 10, -2],
					"cubes": [
						{"origin": [-6, 0, -3.5], "size": [2, 11, 3], "uv": [0, 30], "mirror": true}
					]
				}
			]
		}
	]
}