{
  "pools": [
    {
      "rolls": 5,
      "bonus_rolls": 1,
      "entries": [
        {
          "type": "minecraft:item",
          "weight": 1,
          "name": "minecraft:splash_potion",
          "functions": [
            {
              "function": "set_nbt",
              "tag": "{custom_potion_effects:[{id:\"minecraft:instant_health\",amplifier:1b,duration:20},{id:\"minecraft:regeneration\",amplifier:2b,duration:100}],CustomPotionColor:16720161}"
            }
          ]
        },

        {
          "type": "minecraft:item",
          "weight": 2,
          "name": "minecraft:cobweb",
          "functions": [
            {
              "function": "minecraft:set_count",
              "count": {
                "min": 1,
                "max": 2
              }
            }
          ]
        },
        {
          "type": "minecraft:item",
          "weight": 4,
          "name": "minecraft:experience_bottle",
          "functions": [
            {
              "function": "minecraft:set_count",
              "count": {
                "min": 4,
                "max": 8
              }
            }
          ]
        },
        {
          "type": "minecraft:loot_table",
          "weight": 2,
          "name": "infinity_cave:refs/rare_gear"
        },
        {
          "type": "minecraft:loot_table",
          "weight": 2,
          "name": "infinity_cave:refs/limestone/rare"
        }
      ]
    }
  ]
}
