{
  "feature": "norzeteus:beach/desert_border1",
	"placement": [
		{
			"type": "minecraft:count",
			"count": {
				"type": "minecraft:weighted_list",
				"distribution": [
					{
						"weight": 0,
						"data": 256
					},
					{
						"weight": 100,
						"data": 256
					}
				]
			}
		},
		{
			"type": "minecraft:in_square"
		},
		{
			"type": "minecraft:height_range",
			"height": {
				"type": "uniform",
				"min_inclusive": {
					"absolute": 58
				},
				"max_inclusive": {
					"absolute": 60
				}
			}
		},
		{
			"type": "minecraft:biome"
		}
	]
}