{
  "config": {
    "features": [
      {
        "feature": {
          "feature": "norzeteus:dark_forest/brown_mushroom",
          "placement": []
        },
        "chance": 0.015
      },
	  {
        "feature": {
          "feature": "minecraft:huge_brown_mushroom",
          "placement": []
        },
        "chance": 0.0010
      },
      {
        "feature": {
          "feature": "norzeteus:dark_forest/red_mushroom",
          "placement": []
        },
        "chance": 0.015
      },
	  {
        "feature": {
          "feature": "minecraft:huge_red_mushroom",
          "placement": []
        },
        "chance": 0.008
      },
      {
        "feature": "norzeteus:dark_forest/dark_oak",
        "chance": 0.6666667
      },
      {
        "feature": "norzeteus:dark_forest/birch",
        "chance": 0.2
      },
      {
        "feature": "norzeteus:dark_forest/fancy_oak",
        "chance": 0.2
      }
    ],
    "default": "norzeteus:dark_forest/oak"
  },
  "type": "minecraft:random_selector"
}