{
  "type": "minecraft:tree",
  "config": {
    "ignore_vines": true,
    "force_dirt": true,
    "minimum_size": {
      "type": "minecraft:three_layers_feature_size",
      "limit": 1,
      "upper_limit": 1,
      "lower_size": 1,
      "middle_size": 1,
      "upper_size": 2
    },
    "sapling_provider": {
      "type": "minecraft:simple_state_provider",
      "state": {
        "Name": "minecraft:oak_sapling",
        "Properties": {
          "stage": "0"
        }
      }
    },
    "dirt_provider": {
      "type": "minecraft:simple_state_provider",
      "state": {
        "Name": "minecraft:dirt"
      }
    },
    "trunk_provider": {
      "type": "minecraft:simple_state_provider",
      "state": {
        "Name": "minecraft:dark_oak_log",
        "Properties": {
          "axis": "y"
        }
      }
    },
    "foliage_provider": {
      "type": "minecraft:simple_state_provider",
      "state": {
        "Name": "minecraft:dark_oak_leaves",
        "Properties": {
          "persistent": "false",
          "distance": "7"
        }
      }
    },
    "trunk_placer": {
      "type": "minecraft:dark_oak_trunk_placer",
      "base_height": 12,
      "height_rand_a": 3,
      "height_rand_b": 4
    },
    "foliage_placer": {
      "type": "minecraft:dark_oak_foliage_placer",
      "radius": 1,
      "offset": 0
    },
    "decorators": [],
	"foliage_provider": {
        "type": "minecraft:weighted_state_provider",
        "entries": [
        {
        "weight": 1,
        "data": {
        "Name": "minecraft:air"
                        }
    },
        {
        "weight": 90,
        "data": {
        "Name": "minecraft:dark_oak_leaves",
        "Properties": {
        "distance": "1",
        "persistent": "false"
         }
        }
      }
    ]
   }
  }
}
