{
    "pools": [
      {
        "rolls": 1,
        "entries": [
          {
            "type": "minecraft:item",
            "name": "minecraft:bow",
            "functions": [
              {
                "function": "minecraft:set_count",
                "count": 1
              },
              {
                "function": "minecraft:set_nbt",
                "tag": "{CustomModelData:1,ic:sonic_bow}"
              },
              {
                "function": "minecraft:set_name",
                "name": [
                  {
                    "text": "Supersonic Bow",
                    "color": "gold",
                    "italic": false
                  }
                ]
              },
              {
                "function": "minecraft:set_lore",
                "lore": [
                  {
                    "text": " "
                  },
                  {
                    "text": "Bow is chargable and will gain ",
                    "color": "gray",
                    "italic": false
                  },
                  {
                    "text": "momentum the longer charged ",
                    "color": "gray",
                    "italic": false
                  },
                  {
                    "text": "gaining pierce at charge level ",
                    "color": "gray",
                    "italic": false
                  },
                  {
                    "text": "2 or higher. ",
                    "color": "gray",
                    "italic": false
                  },
                  {
                    "text": " ",
                    "color": "gray",
                    "italic": false
                  },
                  {
                    "text": "If an emnemy is close while ",
                    "color": "gray",
                    "italic": false
                  },
                  {
                    "text": "shooting a charged shot, an ",
                    "color": "gray",
                    "italic": false
                  },
                  {
                    "text": "explosion occurs instead. ",
                    "color": "gray",
                    "italic": false
                  }
                ]
              }
            ]
          }
        ]
      },
      {
        "rolls": 1,
        "entries": [
          {
            "type": "minecraft:item",
            "name": "minecraft:shield",
            "functions": [
              {
                "function": "minecraft:set_count",
                "count": 1
              },
              {
                "function": "minecraft:set_nbt",
                "tag": "{HideFlags:2,CustomModelData:1,ic:torpedo_harpoon,AttributeModifiers:[{AttributeName:\"generic.attack_speed\",Name:\"generic.attack_speed\",Amount:-2.9,Operation:0,UUID:[I;232069848,20531297,-1339166817,1330268803],Slot:\"mainhand\"},{AttributeName:\"generic.attack_damage\",Name:\"generic.attack_damage\",Amount:12,Operation:0,UUID:[I;319156707,1453736356,-1572244117,1901841866],Slot:\"mainhand\"}]}"
              },
              {
                "function": "minecraft:set_name",
                "name": [
                  {
                    "text": "Thunder Harpoon",
                    "color": "gold",
                    "italic": false
                  }
                ]
              },
              {
                "function": "minecraft:set_lore",
                "lore": [
                  {
                    "text": " "
                  },
                  {
                    "text": "Hold right click to charge a ",
                    "color": "gray",
                    "italic": false
                  },
                  {
                    "text": "lightning beam, longer charges ",
                    "color": "gray",
                    "italic": false
                  },
                  {
                    "text": "yield higher damage. ",
                    "color": "gray",
                    "italic": false
                  },
                  {
                    "text": " "
                  },
                  {
                    "text": "Charging while being attacked ",
                    "color": "gray",
                    "italic": false
                  },
                  {
                    "text": "restores durability on item. ",
                    "color": "gray",
                    "italic": false
                  },
                  {
                    "text": " "
                  },
                  {
                    "text": "When in Main Hand:",
                    "color": "gray",
                    "italic": false
                  },
                  {
                    "text": " 13 Attack Damage ",
                    "color": "dark_green",
                    "italic": false
                  },
                  {
                    "text": " 1.1 Attack Speed",
                    "color": "dark_green",
                    "italic": false
                  }
                ]
              }
            ]
          }
        ]
      },
      {
        "rolls": 1,
        "entries": [
          {
            "type": "minecraft:item",
            "name": "minecraft:netherite_hoe",
            "functions": [
              {
                "function": "minecraft:set_count",
                "count": 1
              },
              {
                "function": "minecraft:set_nbt",
                "tag": "{HideFlags:2,CustomModelData:1,ic:bastion_piercer,AttributeModifiers:[{AttributeName:\"generic.attack_speed\",Name:\"generic.attack_speed\",Amount:-3,Operation:0,UUID:[I;232069848,20531297,-1339166817,1330268803],Slot:\"mainhand\"},{AttributeName:\"generic.attack_damage\",Name:\"generic.attack_damage\",Amount:11,Operation:0,UUID:[I;319156707,1453736356,-1572244117,1901841866],Slot:\"mainhand\"}]}"
              },
              {
                "function": "minecraft:set_name",
                "name": [
                  {
                    "text": "Bastion Piercer",
                    "color": "gold",
                    "italic": false
                  }
                ]
              },
              {
                "function": "minecraft:set_lore",
                "lore": [
                  {
                    "text": " "
                  },
                  {
                    "text": "Deals more damage when enemy ",
                    "color": "gray",
                    "italic": false
                  },
                  {
                    "text": "is 2.75+ blocks away from ",
                    "color": "gray",
                    "italic": false
                  },
                  {
                    "text": "the user. ",
                    "color": "gray",
                    "italic": false
                  },
                  {
                    "text": " "
                  },
                  {
                    "text": "When in Main Hand:",
                    "color": "gray",
                    "italic": false
                  },
                  {
                    "text": " 12 Attack Damage ",
                    "color": "dark_green",
                    "italic": false
                  },
                  {
                    "text": " 1 Attack Speed",
                    "color": "dark_green",
                    "italic": false
                  }
                ]
              }
            ]
          }
        ]
      },
      {
        "rolls": 1,
        "entries": [
          {
            "type": "minecraft:item",
            "name": "minecraft:netherite_sword",
            "functions": [
              {
                "function": "minecraft:set_count",
                "count": 1
              },
              {
                "function": "minecraft:set_nbt",
                "tag": "{HideFlags:2,CustomModelData:1,ic:amethyst_blade,AttributeModifiers:[{AttributeName:\"generic.attack_speed\",Name:\"generic.attack_speed\",Amount:-2.3,Operation:0,UUID:[I;232069848,20531297,-1339166817,1330268803],Slot:\"mainhand\"},{AttributeName:\"generic.attack_damage\",Name:\"generic.attack_damage\",Amount:8,Operation:0,UUID:[I;319156707,1453736356,-1572244117,1901841866],Slot:\"mainhand\"}]}"
              },
              {
                "function": "minecraft:set_name",
                "name": [
                  {
                    "text": "Amethyst Blade",
                    "color": "gold",
                    "italic": false
                  }
                ]
              },
              {
                "function": "minecraft:set_lore",
                "lore": [
                  {
                    "text": " "
                  },
                  {
                    "text": "Deals more damage when enemy ",
                    "color": "gray",
                    "italic": false
                  },
                  {
                    "text": "is under half health, also has ",
                    "color": "gray",
                    "italic": false
                  },
                  {
                    "text": "a 20% chance of stealing the ",
                    "color": "gray",
                    "italic": false
                  },
                  {
                    "text": "enemy's Regeneration effect. ",
                    "color": "gray",
                    "italic": false
                  },
                  {
                    "text": " "
                  },
                  {
                    "text": "When in Main Hand:",
                    "color": "gray",
                    "italic": false
                  },
                  {
                    "text": " 9 Attack Damage ",
                    "color": "dark_green",
                    "italic": false
                  },
                  {
                    "text": " 1.7 Attack Speed",
                    "color": "dark_green",
                    "italic": false
                  }
                ]
              }
            ]
          }
        ]
      },
      {
        "rolls": 1,
        "entries": [
          {
            "type": "minecraft:item",
            "name": "minecraft:brush",
            "functions": [
              {
                "function": "minecraft:set_count",
                "count": 1
              },
              {
                "function": "minecraft:set_nbt",
                "tag": "{HideFlags:2,CustomModelData:1,ic:molten_hammer,AttributeModifiers:[{AttributeName:\"generic.attack_speed\",Name:\"generic.attack_speed\",Amount:-3,Operation:0,UUID:[I;232069848,20531297,-1339166817,1330268803],Slot:\"mainhand\"},{AttributeName:\"generic.attack_damage\",Name:\"generic.attack_damage\",Amount:13,Operation:0,UUID:[I;319156707,1453736356,-1572244117,1901841866],Slot:\"mainhand\"}]}"
              },
              {
                "function": "minecraft:set_name",
                "name": [
                  {
                    "text": "Molten Hammer",
                    "color": "gold",
                    "italic": false
                  }
                ]
              },
              {
                "function": "minecraft:set_lore",
                "lore": [
                  {
                    "text": " "
                  },
                  {
                    "text": "Right click on blocks to cause ",
                    "color": "gray",
                    "italic": false
                  },
                  {
                    "text": "tremours dealing AoE damage to ",
                    "color": "gray",
                    "italic": false
                  },
                  {
                    "text": "every enemy in a 3x3 radius. ",
                    "color": "gray",
                    "italic": false
                  },
                  {
                    "text": " "
                  },
                  {
                    "text": "When in Main Hand:",
                    "color": "gray",
                    "italic": false
                  },
                  {
                    "text": " 14 Attack Damage ",
                    "color": "dark_green",
                    "italic": false
                  },
                  {
                    "text": " 1 Attack Speed",
                    "color": "dark_green",
                    "italic": false
                  }
                ]
              }
            ]
          }
        ]
      },
      {
        "rolls": 1,
        "entries": [
          {
            "type": "minecraft:item",
            "name": "minecraft:shield",
            "functions": [
              {
                "function": "minecraft:set_count",
                "count": 1
              },
              {
                "function": "minecraft:set_nbt",
                "tag": "{HideFlags:2,CustomModelData:2,ic:acid_shield,AttributeModifiers:[{AttributeName:\"generic.armor\",Name:\"generic.armor\",Amount:4,Operation:0,UUID:[I;232069848,40531297,-1339166817,1330268803],Slot:\"offhand\"},{AttributeName:\"generic.armor_toughness\",Name:\"generic.armor_toughness\",Amount:2,Operation:0,UUID:[I;319156707,1453736356,-1572244117,1901841866],Slot:\"offhand\"}]}"
              },
              {
                "function": "minecraft:set_name",
                "name": [
                  {
                    "text": "Acid Shield",
                    "color": "gold",
                    "italic": false
                  }
                ]
              },
              {
                "function": "minecraft:set_lore",
                "lore": [
                  {
                    "text": " "
                  },
                  {
                    "text": "Blocking attacks yield a 25% ",
                    "color": "gray",
                    "italic": false
                  },
                  {
                    "text": "chance to release a toxic gas ",
                    "color": "gray",
                    "italic": false
                  },
                  {
                    "text": "in the direction of the user. ",
                    "color": "gray",
                    "italic": false
                  },
                  {
                    "text": "Poison immunity in offhand. ",
                    "color": "gray",
                    "italic": false
                  },
                  {
                    "text": " "
                  },
                  {
                    "text": "When in Off Hand:",
                    "color": "gray",
                    "italic": false
                  },
                  {
                    "text": " +4 Armor ",
                    "color": "blue",
                    "italic": false
                  },
                  {
                    "text": " +2 Armor Toughness",
                    "color": "blue",
                    "italic": false
                  }
                ]
              }
            ]
          }
        ]
      },
      {
        "rolls": 1,
        "entries": [
          {
            "type": "minecraft:item",
            "name": "minecraft:crossbow",
            "functions": [
              {
                "function": "minecraft:set_count",
                "count": 1
              },
              {
                "function": "minecraft:set_nbt",
                "tag": "{CustomModelData:1,ic:icicle_crossbow}"
              },
              {
                "function": "minecraft:set_name",
                "name": [
                  {
                    "text": "Icicle Crossbow",
                    "color": "gold",
                    "italic": false
                  }
                ]
              },
              {
                "function": "minecraft:set_lore",
                "lore": [
                  {
                    "text": " "
                  },
                  {
                    "text": "Projectiles travel 3 times",
                    "color": "gray",
                    "italic": false
                  },
                  {
                    "text": "faster, dealing more damage. ",
                    "color": "gray",
                    "italic": false
                  }
                ]
              }
            ]
          }
        ]
      },
      {
        "rolls": 1,
        "entries": [
          {
            "type": "minecraft:item",
            "name": "minecraft:netherite_axe",
            "functions": [
              {
                "function": "minecraft:set_count",
                "count": 1
              },
              {
                "function": "minecraft:set_nbt",
                "tag": "{HideFlags:2,CustomModelData:1,ic:steel_battleaxe,AttributeModifiers:[{AttributeName:\"generic.attack_speed\",Name:\"generic.attack_speed\",Amount:-2.95,Operation:0,UUID:[I;232069848,20531297,-1339166817,1330268803],Slot:\"mainhand\"},{AttributeName:\"generic.attack_damage\",Name:\"generic.attack_damage\",Amount:13,Operation:0,UUID:[I;319156707,1453736356,-1572244117,1901841866],Slot:\"mainhand\"}]}"
              },
              {
                "function": "minecraft:set_name",
                "name": [
                  {
                    "text": "Steel Battleaxe",
                    "color": "gold",
                    "italic": false
                  }
                ]
              },
              {
                "function": "minecraft:set_lore",
                "lore": [
                  {
                    "text": " "
                  },
                  {
                    "text": "Deals more damage when enemy ",
                    "color": "gray",
                    "italic": false
                  },
                  {
                    "text": "is holding a shield, also has ",
                    "color": "gray",
                    "italic": false
                  },
                  {
                    "text": "a 20% chance of stealing the ",
                    "color": "gray",
                    "italic": false
                  },
                  {
                    "text": "enemy's Resistance effect. ",
                    "color": "gray",
                    "italic": false
                  },
                  {
                    "text": " "
                  },
                  {
                    "text": "When in Main Hand:",
                    "color": "gray",
                    "italic": false
                  },
                  {
                    "text": " 14 Attack Damage ",
                    "color": "dark_green",
                    "italic": false
                  },
                  {
                    "text": " 1.05 Attack Speed",
                    "color": "dark_green",
                    "italic": false
                  }
                ]
              }
            ]
          }
        ]
      }
    ]
  }
  