{
    "type": "minecraft:crafting_shaped",
    "pattern": [
        "#B#",
        "AAA",
        "#G#"
    ],
    "key": {
        "#": {
            "item": "minecraft:amethyst_block"
        },
        "B": {
            "item": "minecraft:blaze_powder"
        },
        "A": {
            "item": "minecraft:amethyst_shard"
        },
        "G": {
            "item": "minecraft:ghast_tear"
        }
    },
    "result": {
        "item": "minecraft:knowledge_book",
        "count": 1
    }
}