{
    "type": "minecraft:crafting_shaped",
    "pattern": [
        "#W#",
        "WAW",
        "#D#"
    ],
    "key": {
        "#": {
            "item": "minecraft:string"
        },
        "W": {
            "item": "minecraft:white_wool"
        },
        "A": {
            "item": "minecraft:amethyst_shard"
        },
        "D": {
            "item": "minecraft:diamond_sword"
        }
    },
    "result": {
        "item": "minecraft:knowledge_book",
        "count": 1
    }
}