{
  "type": "minecraft:tree",
  "config": {
    "ignore_vines": false,
    "force_dirt": false,
    "minimum_size": {
      "type": "minecraft:two_layers_feature_size",
      "limit": 0,
      "lower_size": 0,
      "upper_size": 0
    },
    "dirt_provider": {
      "type": "minecraft:simple_state_provider",
      "state": {
        "Name": "minecraft:dirt"
      }
    },
    "trunk_provider": {
      "type": "minecraft:simple_state_provider",
      "state": {
        "Name": "minecraft:jungle_log",
        "Properties": {
          "axis": "y"
        }
      }
    },
    "foliage_provider": {
      "type": "minecraft:simple_state_provider",
      "state": {
        "Name": "minecraft:mangrove_leaves",
        "Properties": {
          "persistent": "false",
          "distance": "7"
        }
      }
    },
    "trunk_placer": {
      "type": "minecraft:forking_trunk_placer",
      "base_height": 3,
      "height_rand_a": 1,
      "height_rand_b": 0
    },
    "foliage_placer": {
      "type": "minecraft:acacia_foliage_placer",
      "radius": {
        "type": "minecraft:uniform",
        "value": {
          "min_inclusive": 1,
          "max_inclusive": 1
        }
      },
      "offset": 0
    },
    "decorators": [
	{
        "type": "minecraft:trunk_vine"
      },
      {
        "type": "minecraft:leave_vine",
        "probability": 0.25
      },
      {
        "type": "minecraft:alter_ground",
        "provider": {
          "type": "minecraft:weighted_state_provider",
          "entries": [
            {
              "weight": 2,
              "data": {
                "Name": "minecraft:mud"
              }
            },
            {
              "weight": 1,
              "data": {
                "Name": "minecraft:grass_block",
                "Properties": {
                  "snowy": "false"
                }
              }
            }
          ]
        }
      }
	 ]
  }
}
