{
  "pools": [
    {
      "rolls": 1,
      "entries": [
        {
          "type": "minecraft:item",
          "name": "minecraft:experience_bottle",
          "functions": [
            {
              "function": "minecraft:set_nbt",
              "tag": "{ic:clear}"
            }
          ]
        }
      ]
    },
    {
      "rolls": 10,
      "bonus_rolls": 1,
      "entries": [
        {
          "type": "minecraft:item",
          "weight": 2,
          "name": "minecraft:splash_potion",
          "functions": [
            {
              "function": "set_nbt",
              "tag": "{custom_potion_effects:[{id:\"minecraft:instant_health\",amplifier:2b,duration:20},{id:\"minecraft:regeneration\",amplifier:2b,duration:300}],CustomPotionColor:16720161}"
            }
          ]
        },
        {
          "type": "minecraft:item",
          "name": "minecraft:bow",
          "functions": [
            {
              "function": "minecraft:set_enchantments",
              "enchantments": {
                "minecraft:power": {
                  "min": 3,
                  "max": 6
                },
                "minecraft:unbreaking": {
                  "min": 2,
                  "max": 5
                },
                "minecraft:punch": {
                  "min": 0,
                  "max": 2
                },
                "minecraft:infinity": {
                  "min": 0,
                  "max": 1
                },
                "minecraft:mending": {
                  "min": 0,
                  "max": 1
                }
              }
            }
          ]
        },
        {
          "type": "item",
          "weight": 1,
          "name": "minecraft:bow",
          "functions": [
            {
              "function": "set_count",
              "count": 1
            },
            {
              "function": "set_nbt",
              "tag": "{CustomModelData:1,ic:sonic_bow}"
            },
            {
              "function": "set_name",
              "name": [
                {
                  "text": "Supersonic Bow",
                  "color": "gold",
                  "italic": false
                }
              ]
            },
            {
              "function": "set_lore",
              "lore": [
                {
                  "text": " "
                },
                {
                  "text": "Bow is chargable and will gain ",
                  "color": "gray",
                  "italic": false
                },
                {
                  "text": "momentum the longer charged ",
                  "color": "gray",
                  "italic": false
                },
                {
                  "text": "gaining pierce at charge level ",
                  "color": "gray",
                  "italic": false
                },
                {
                  "text": "2 or higher. ",
                  "color": "gray",
                  "italic": false
                },
                {
                  "text": " ",
                  "color": "gray",
                  "italic": false
                },
                {
                  "text": "If an emnemy is close while ",
                  "color": "gray",
                  "italic": false
                },
                {
                  "text": "shooting a charged shot, an ",
                  "color": "gray",
                  "italic": false
                },
                {
                  "text": "explosion occurs instead. ",
                  "color": "gray",
                  "italic": false
                }
              ]
            }
          ]
        },
        {
          "type": "minecraft:item",
          "weight": 4,
          "name": "minecraft:experience_bottle",
          "functions": [
            {
              "function": "minecraft:set_count",
              "count": {
                "min": 6,
                "max": 12
              }
            }
          ]
        },
        {
          "type": "minecraft:loot_table",
          "weight": 3,
          "name": "infinity_cave:refs/legendary_gear"
        },
        {
          "type": "minecraft:loot_table",
          "weight": 3,
          "name": "infinity_cave:refs/deep_dark/legendary"
        }
      ]
    }
  ]
}
