{
  "type": "minecraft:disk",
  "config": {
    "half_height": 2,
    "radius": {
      "type": "minecraft:uniform",
      "value": {
        "max_inclusive": 4,
        "min_inclusive": 2
      }
    },
    "state_provider": {
      "fallback": {
        "type": "minecraft:simple_state_provider",
        "state": {
          "Name": "minecraft:coarse_dirt"
        }
      },
      "rules": []
    },
    "target": {
      "type": "minecraft:matching_block_tag",
      "tag": "minecraft:dirt"
    }
  }
}