{
	"values": [
		{
			"id": "minecraft:taiga",
			"required": false
		},
		{
			"id": "minecraft:grove",
			"required": false
		},
		{
			"id": "minecraft:snowy_taiga",
			"required": false
		},
		{
			"id": "minecraft:snowy_plains",
			"required": false
		},
		{
			"id": "minecraft:windswept_forest",
			"required": false
		},
		{
			"id": "minecraft:windswept_hills",
			"required": false
		},
		{
			"id": "minecraft:old_growth_pine_taiga",
			"required": false
		},
		{
			"id": "minecraft:old_growth_spruce_taiga",
			"required": false
		},
		{
			"id": "biomesoplenty:wetland",
			"required": false
		},
		{
			"id": "biomesoplenty:mediterranean_forest",
			"required": false
		},
		{
			"id": "terralith:shield",
			"required": false
		},
		{
			"id": "terralith:shield_clearing",
			"required": false
		},
		{
			"id": "terralith:forested_highlands",
			"required": false
		},
		{
			"id": "terralith:siberian_taiga",
			"required": false
		}
	]
}