{
  "bossfight": {
    "sounds": [
      "custom:bossfight"]
    },
    "secredits": {
      "sounds": [
        "custom:secredits"]
      },
      "herobrine": {
        "sounds": [
          "custom:herobrine"]
        },
        "thevoidloop": {
          "sounds": [
            "custom:thevoidloop"]
          },
          "dkloop": {
            "sounds": [
              "custom:dkloop"]
            },
            "haloop": {
              "sounds": [
                "custom:haloop"]
              },
            "herobrine2": {
              "sounds": [
                "custom:herobrine2"]
              },
              "havenlands": {
                "sounds": [
                  "custom:havenlands"]
                },
                "dreadlands": {
                  "sounds": [
                    "custom:dreadlands"]
                  }
        
}