{
  "type": "minecraft:disk",
  "config": {
    "state_provider": {
      "fallback": {
        "type": "minecraft:simple_state_provider",
        "state": {
          "Name": "minecraft:sand"
        }
      },
      "rules": []
    },
    "target": {
      "type": "minecraft:matching_blocks",
      "blocks": "minecraft:grass_block"
    },
    "radius": {
      "type": "minecraft:uniform",
      "value": {
        "min_inclusive": 5,
        "max_inclusive": 8
      }
    },
    "half_height": 4
  }
}
