{
  "type": "minecraft:ore",
  "config": {
    "size": 64,
    "discard_chance_on_air_exposure": 0,
    "targets": [
      {
        "target": {
          "predicate_type": "minecraft:random_block_match",
          "block": "minecraft:grass_block",
          "probability": 0.9
        },
        "state": {
          "Name": "minecraft:sand"
        }
      },
      {
        "target": {
          "predicate_type": "minecraft:random_block_match",
          "block": "minecraft:sand",
          "probability": 0.9
        },
        "state": {
          "Name": "minecraft:grass_block"
        }
      }
    ]
  }
}
