{
  "credit": "Made with Blockbench",
  "parent": "builtin/entity",
  "texture_size": [
    256,
    256
  ],
  "display": {
    "thirdperson_righthand": {
      "rotation": [
        0,
        90,
        0
      ],
      "translation": [
        0,
        0,
        1
      ],
      "scale": [
        0,
        0.15,
        0.15
      ]
    },
    "thirdperson_lefthand": {
      "rotation": [
        0,
        90,
        0
      ],
      "translation": [
        0,
        0,
        1
      ],
      "scale": [
        0,
        0.15,
        0.15
      ]
    },
    "firstperson_righthand": {
      "rotation": [
        0,
        47.75,
        0
      ],
      "translation": [
        -1,
        -1.25,
        0
      ],
      "scale": [
        0,
        0.2,
        0.2
      ]
    },
    "firstperson_lefthand": {
      "rotation": [
        0,
        47.75,
        0
      ],
      "translation": [
        -1,
        -1.25,
        0
      ],
      "scale": [
        0,
        0.2,
        0.2
      ]
    },
    "ground": {
      "scale": [
        0,
        0.2,
        0.2
      ]
    },
    "gui": {
      "rotation": [
        0,
        -90,
        0
      ],
      "translation": [
        -2.25,
        -6.75,
        0
      ],
      "scale": [
        0,
        0.23,
        0.23
      ]
    },
    "head": {
      "translation": [
        0,
        -6.75,
        -8.75
      ],
      "scale": [
        0.5,
        0.5,
        0.5
      ]
    },
    "fixed": {
      "rotation": [
        0,
        90,
        0
      ],
      "translation": [
        3.25,
        -8.75,
        0.5
      ],
      "scale": [
        0,
        0.3,
        0.3
      ]
    }
  }
}