{
  "type": "minecraft:tree",
  "config": {
    "ignore_vines": true,
    "force_dirt": true,
    "minimum_size": {
      "type": "minecraft:two_layers_feature_size",
      "limit": 3,
      "lower_size": 0,
      "upper_size": 2
    },
    "dirt_provider": {
      "type": "minecraft:simple_state_provider",
      "state": {
        "Name": "minecraft:birch_log",
        "Properties": {
          "axis": "y"
        }
      }
    },
    "trunk_provider": {
      "type": "minecraft:simple_state_provider",
      "state": {
        "Name": "minecraft:birch_log",
        "Properties": {
          "axis": "y"
        }
      }
    },
    "foliage_provider": {
      "type": "minecraft:simple_state_provider",
      "state": {
        "Name": "minecraft:birch_leaves",
        "Properties": {
          "waterlogged": "false",
          "persistent": "false",
          "distance": "7"
        }
      }
    },
    "trunk_placer": {
      "type": "minecraft:upwards_branching_trunk_placer",
      "base_height": 8,
      "height_rand_a": 1,
      "height_rand_b": 9,
      "extra_branch_steps": {
        "type": "minecraft:uniform",
        "value": {
          "min_inclusive": 1,
          "max_inclusive": 3
        }
      },
      "extra_branch_length": {
        "type": "minecraft:uniform",
        "value": {
          "min_inclusive": 0,
          "max_inclusive": 1
        }
      },
      "place_branch_per_log_probability": 0.5,
      "can_grow_through": "#minecraft:mangrove_logs_can_grow_through"
    },
    "foliage_placer": {
      "type": "minecraft:random_spread_foliage_placer",
      "radius": 2,
      "offset": 1,
      "foliage_height": 2,
      "leaf_placement_attempts": 30
    },
    "decorators": [
      {
        "type": "minecraft:beehive",
        "probability": 0.01
      }
    ]
  }
}
