{
  "config": {
    "tries": 96,
    "xz_spread": 2,
    "y_spread": 3,
    "feature": {
      "feature": {
        "config": {
          "to_place": {
            "state": {
				"Properties": {
                "axis": "z"
        },
              "Name": "minecraft:dried_kelp_block"
            },
            "type":"minecraft:simple_state_provider"
          }
        },
        "type":"minecraft:simple_block"
      },
      "placement": [
        {
          "predicate": {
            "predicates": [
              {
                "blocks": [
                  "minecraft:air"
                ],
                "type": "minecraft:matching_blocks"
              },
              {
                "offset": [
                  0,
                  -1,
                  0
                ],
                "blocks": [
                  "minecraft:grass_block"
                ],
                "type": "minecraft:matching_blocks"
              }
            ],
            "type": "minecraft:all_of"
          },
          "type": "minecraft:block_predicate_filter"
        }
      ]
    }
  },
  "type": "minecraft:random_patch"
}