{
  "display": {
    "background": "minecraft:textures/block/stone.png",
    "icon": {
      "item": "gyecko_archeology:dodo_fossil_statue"
    },
    "title": {
      "translate": "advancements.make_dodo_fossil.title"
    },
    "description": {
      "translate": "advancements.make_dodo_fossil.descr"
    },
    "frame": "task",
    "show_toast": true,
    "announce_to_chat": true,
    "hidden": true
  },
  "criteria": {
    "make_dodo_fossil": {
      "trigger": "minecraft:inventory_changed",
      "conditions": {
        "items": [
          {
            "items": [
              "gyecko_archeology:dodo_fossil_statue"
            ],
            "count": {
              "min": 1,
              "max": 1
            }
          }
        ]
      }
    }
  }
}