{
	"display": {
		"icon": {
			"item": "minecraft:player_head",
			"nbt": "{SkullOwner:{Id:[I;-2071425534,-1189982480,-2037144920,449163386],Name:\"Iron Golem\",Properties:{textures:[{Value:\"eyJ0ZXh0dXJlcyI6eyJTS0lOIjp7InVybCI6Imh0dHA6Ly90ZXh0dXJlcy5taW5lY3JhZnQubmV0L3RleHR1cmUvZmU3YzA3MTlmYWJlMTE2ZGNlNjA1MTk5YmNhZGM2OWE1Mzg4NjA4NjRlZjE1NzA2OTgzZmY2NjI4MjJkOWZlMyJ9fX0=\"}]}}}"
		},
		"title": "Upgradeable Iron Golems",
		"description": ["",{"text":"Craft upgrades for iron golems to unlock new abilities or to just increase their stats.","color":"aqua"}],
		"show_toast": false,
		"announce_to_chat": false
	},
    "parent": "knize1007:upgrade_mobs_root",
	"criteria": {
		"tick": {
			"trigger": "minecraft:tick"
		}
	}
}
