{
	"format_version": "1.8.0",
	"animations": {
		"animation.babydodo.iddle": {
			"loop": true,
			"animation_length": 2,
			"bones": {
				"head": {
					"position": {
						"0.0": {
							"vector": [0, 0, 0]
						},
						"1.0": {
							"vector": [0, -0.25, 0],
							"easing": "easeInOutSine"
						},
						"2.0": {
							"vector": [0, 0, 0],
							"easing": "easeOutSine"
						}
					}
				},
				"Feather": {
					"rotation": {
						"0.0": {
							"vector": [2.5, 0, 0]
						},
						"1.0": {
							"vector": [-10, 0, 0],
							"easing": "easeInOutQuad"
						},
						"2.0": {
							"vector": [2.5, 0, 0],
							"easing": "easeInOutQuad"
						}
					}
				}
			}
		},
		"animation.babydodo.walk": {
			"loop": true,
			"animation_length": 1,
			"bones": {
				"head": {
					"rotation": {
						"0.0": {
							"vector": [0, 0, -2.5]
						},
						"0.25": {
							"vector": [0, 0, 2.5]
						},
						"0.5": {
							"vector": [0, 0, -2.5]
						},
						"0.75": {
							"vector": [0, 0, 2.5]
						},
						"1.0": {
							"vector": [0, 0, -2.5]
						}
					}
				},
				"right_leg": {
					"rotation": {
						"0.0": {
							"vector": [-12.5, 0, 0]
						},
						"0.25": {
							"vector": [12.5, 0, 0],
							"easing": "easeInOutSine"
						},
						"0.5": {
							"vector": [-12.5, 0, 0],
							"easing": "easeInOutSine"
						},
						"0.75": {
							"vector": [12.5, 0, 0],
							"easing": "easeInOutSine"
						},
						"1.0": {
							"vector": [-12.5, 0, 0],
							"easing": "easeInOutSine"
						}
					}
				},
				"left_leg": {
					"rotation": {
						"0.0": {
							"vector": [12.5, 0, 0],
							"easing": "easeInOutSine"
						},
						"0.25": {
							"vector": [-12.5, 0, 0]
						},
						"0.5": {
							"vector": [12.5, 0, 0],
							"easing": "easeInOutSine"
						},
						"0.75": {
							"vector": [-12.5, 0, 0]
						},
						"1.0": {
							"vector": [12.5, 0, 0],
							"easing": "easeInOutSine"
						}
					}
				},
				"Feather": {
					"rotation": {
						"0.0": {
							"vector": [2.5, 0, 0]
						},
						"0.5": {
							"vector": [-10, 0, 0],
							"easing": "easeInOutQuad"
						},
						"1.0": {
							"vector": [2.5, 0, 0],
							"easing": "easeInOutQuad"
						}
					}
				}
			}
		}
	},
	"geckolib_format_version": 2
}