{
	"format_version": "1.8.0",
	"animations": {
		"idle": {
			"loop": true,
			"animation_length": 2,
			"bones": {
				"body": {
					"rotation": {
						"0.0": {
							"vector": [0, -5, 0]
						},
						"1.0": {
							"vector": [0, 0, 0],
							"easing": "easeInOutSine"
						},
						"2.0": {
							"vector": [0, -5, 0],
							"easing": "easeInOutSine"
						}
					}
				},
				"body2": {
					"rotation": {
						"0.0": {
							"vector": [0, 2.5, 0]
						},
						"1.0": {
							"vector": [0, -2.5, 0],
							"easing": "easeInOutSine"
						},
						"2.0": {
							"vector": [0, 2.5, 0],
							"easing": "easeInOutSine"
						}
					}
				},
				"tail": {
					"rotation": {
						"0.0": {
							"vector": [0, 5, 0]
						},
						"1.0": {
							"vector": [0, -5, 0],
							"easing": "easeInOutSine"
						},
						"2.0": {
							"vector": [0, 5, 0],
							"easing": "easeInOutSine"
						}
					},
					"position": {
						"0.0": {
							"vector": [0.5, 0, 0]
						},
						"1.0": {
							"vector": [-0.5, 0, 0],
							"easing": "easeInOutSine"
						},
						"2.0": {
							"vector": [0.5, 0, 0],
							"easing": "easeInOutSine"
						}
					}
				},
				"tail2": {
					"rotation": {
						"0.0": {
							"vector": [0, 7.5, 0]
						},
						"1.0": {
							"vector": [0, -7.5, 0],
							"easing": "easeInOutSine"
						},
						"2.0": {
							"vector": [0, 7.5, 0],
							"easing": "easeInOutSine"
						}
					},
					"position": {
						"0.0": {
							"vector": [1.25, 0, 0]
						},
						"1.0": {
							"vector": [-1.25, 0, 0],
							"easing": "easeInOutSine"
						},
						"2.0": {
							"vector": [1.25, 0, 0],
							"easing": "easeInOutSine"
						}
					}
				}
			}
		},
		"swim": {
			"loop": true,
			"animation_length": 2,
			"bones": {
				"body": {
					"rotation": {
						"0.0": {
							"vector": [0, -10, 0]
						},
						"1.0": {
							"vector": [0, 5, 0],
							"easing": "easeInOutSine"
						},
						"2.0": {
							"vector": [0, -10, 0],
							"easing": "easeInOutSine"
						}
					}
				},
				"body2": {
					"rotation": {
						"0.0": {
							"vector": [0, 7.5, 0]
						},
						"1.0": {
							"vector": [0, -7.5, 0],
							"easing": "easeInOutSine"
						},
						"2.0": {
							"vector": [0, 7.5, 0],
							"easing": "easeInOutSine"
						}
					}
				},
				"tail": {
					"rotation": {
						"0.0": {
							"vector": [0, 25, 0]
						},
						"1.0": {
							"vector": [0, -25, 0],
							"easing": "easeInOutSine"
						},
						"2.0": {
							"vector": [0, 25, 0],
							"easing": "easeInOutSine"
						}
					},
					"position": {
						"0.0": {
							"vector": [1.25, 0, 0]
						},
						"1.0": {
							"vector": [-1.25, 0, 0],
							"easing": "easeInOutSine"
						},
						"2.0": {
							"vector": [1.25, 0, 0],
							"easing": "easeInOutSine"
						}
					}
				},
				"tail2": {
					"rotation": {
						"0.0": {
							"vector": [0, 42.5, 0]
						},
						"1.0": {
							"vector": [0, -42.5, 0],
							"easing": "easeInOutSine"
						},
						"2.0": {
							"vector": [0, 42.5, 0],
							"easing": "easeInOutSine"
						}
					},
					"position": {
						"0.0": {
							"vector": [4.75, 0, -1]
						},
						"1.0": {
							"vector": [-4.75, 0, -1],
							"easing": "easeInOutSine"
						},
						"2.0": {
							"vector": [4.75, 0, -1],
							"easing": "easeInOutSine"
						}
					}
				}
			}
		},
		"suffocate": {
			"loop": "hold_on_last_frame",
			"animation_length": 0.5,
			"bones": {
				"body": {
					"rotation": {
						"0.0": {
							"vector": [0, -15, -90]
						},
						"0.25": {
							"vector": [0, 20, -90],
							"easing": "easeInOutCubic"
						},
						"0.5": {
							"vector": [0, -15, -90],
							"easing": "easeInOutCubic"
						}
					},
					"position": {
						"0.0": {
							"vector": [0, -8, 0]
						},
						"0.25": {
							"vector": [0, 1, 0],
							"easing": "easeInOutCubic"
						},
						"0.5": {
							"vector": [0, -8, 0],
							"easing": "easeInOutCubic"
						}
					}
				},
				"body2": {
					"rotation": {
						"0.0": {
							"vector": [0, 0, -90]
						},
						"0.5": {
							"vector": [0, 0, -90],
							"easing": "easeInOutCubic"
						}
					},
					"position": {
						"0.0": {
							"vector": [0, -8, 0]
						},
						"0.25": {
							"vector": [0, 1, 0],
							"easing": "easeInOutCubic"
						},
						"0.5": {
							"vector": [0, -8, 0],
							"easing": "easeInOutCubic"
						}
					}
				},
				"tail": {
					"rotation": {
						"0.0": {
							"vector": [0, 15, -90]
						},
						"0.25": {
							"vector": [0, -17.5, -90],
							"easing": "easeInOutCubic"
						},
						"0.5": {
							"vector": [0, 15, -90],
							"easing": "easeInOutCubic"
						}
					},
					"position": {
						"0.0": {
							"vector": [0, -8, 0]
						},
						"0.25": {
							"vector": [0, 1, 0],
							"easing": "easeInOutCubic"
						},
						"0.5": {
							"vector": [0, -8, 0],
							"easing": "easeInOutCubic"
						}
					}
				},
				"tail2": {
					"rotation": {
						"0.0": {
							"vector": [0, 20, -90]
						},
						"0.25": {
							"vector": [0, -27.5, -90],
							"easing": "easeInOutCubic"
						},
						"0.5": {
							"vector": [0, 20, -90],
							"easing": "easeInOutCubic"
						}
					},
					"position": {
						"0.0": {
							"vector": [0, -6, 0]
						},
						"0.25": {
							"vector": [0, -2, 0],
							"easing": "easeInOutCubic"
						},
						"0.5": {
							"vector": [0, -6, 0],
							"easing": "easeInOutCubic"
						}
					}
				}
			}
		}
	},
	"geckolib_format_version": 2
}