{
	"format_version": "1.8.0",
	"animations": {
		"idle": {
			"loop": true,
			"animation_length": 2,
			"bones": {
				"body": {
					"rotation": {
						"vector": [-20, 0, 0]
					},
					"position": {
						"0.0": {
							"vector": [0, 0, 0]
						},
						"1.0": {
							"vector": [0, 0.5, 0]
						},
						"2.0": {
							"vector": [0, 0, 0]
						}
					}
				},
				"tail1": {
					"rotation": {
						"0.0": {
							"vector": [18.84359, -21.40584, -7.09999]
						},
						"1.0": {
							"vector": [18.84359, 21.40584, 7.09999],
							"easing": "easeInOutQuad"
						},
						"2.0": {
							"vector": [18.84359, -21.40584, -7.09999],
							"easing": "easeInOutQuad"
						}
					}
				},
				"tail2": {
					"rotation": {
						"0.0": {
							"vector": [16.17354, -21.69365, -6.1191]
						},
						"1.0": {
							"vector": [16.17354, 21.69365, 6.1191],
							"easing": "easeInOutQuad"
						},
						"2.0": {
							"vector": [16.17354, -21.69365, -6.1191],
							"easing": "easeInOutQuad"
						}
					}
				},
				"neck": {
					"rotation": {
						"0.0": {
							"vector": [10, 0, 0]
						},
						"1.0": {
							"vector": [2.5, 0, 0],
							"easing": "easeInOutSine"
						},
						"2.0": {
							"vector": [10, 0, 0],
							"easing": "easeInOutSine"
						}
					},
					"position": {
						"0.0": {
							"vector": [0, 2, 1]
						},
						"1.0": {
							"vector": [0, 3, 1],
							"easing": "easeInOutSine"
						},
						"2.0": {
							"vector": [0, 2, 1],
							"easing": "easeInOutSine"
						}
					}
				},
				"head": {
					"rotation": {
						"0.0": {
							"vector": [-7.5, 0, 0]
						},
						"1.0": {
							"vector": [0, 0, 0],
							"easing": "easeInOutSine"
						},
						"2.0": {
							"vector": [-7.5, 0, 0],
							"easing": "easeInOutSine"
						}
					}
				},
				"LeftFoot": {
					"rotation": {
						"1.1667": {
							"vector": [0, 0, 0]
						},
						"1.4167": {
							"vector": [10, 0, 0],
							"easing": "easeInBounce"
						},
						"1.6667": {
							"vector": [0, 0, 0]
						}
					}
				},
				"LeftWing": {
					"rotation": {
						"0.0": {
							"vector": [19.8423, 2.55868, -7.05239]
						},
						"1.0": {
							"vector": [20, 0, 0],
							"easing": "easeInOutSine"
						},
						"2.0": {
							"vector": [19.8423, 2.55868, -7.05239],
							"easing": "easeInOutSine"
						}
					},
					"position": {
						"0.0": {
							"vector": [0, 4, 0]
						},
						"1.0": {
							"vector": [0, 5, 0],
							"easing": "easeInOutSine"
						},
						"2.0": {
							"vector": [0, 4, 0],
							"easing": "easeInOutSine"
						}
					}
				},
				"RightWing": {
					"rotation": {
						"0.0": {
							"vector": [19.8423, -2.55868, 7.05239]
						},
						"1.0": {
							"vector": [20, 0, 0],
							"easing": "easeInOutSine"
						},
						"2.0": {
							"vector": [19.8423, -2.55868, 7.05239],
							"easing": "easeInOutSine"
						}
					},
					"position": {
						"0.0": {
							"vector": [0, 4, 0]
						},
						"1.0": {
							"vector": [0, 5, 0],
							"easing": "easeInOutSine"
						},
						"2.0": {
							"vector": [0, 4, 0],
							"easing": "easeInOutSine"
						}
					}
				},
				"RightFoot": {
					"rotation": {
						"0.25": {
							"vector": [0, 0, 0]
						},
						"0.5": {
							"vector": [10, 0, 0],
							"easing": "easeInBounce"
						},
						"0.75": {
							"vector": [0, 0, 0]
						}
					}
				},
				"feather": {
					"rotation": {
						"0.0": {
							"vector": [-17.5, 0, 0]
						},
						"1.0": {
							"vector": [7.5, 0, 0],
							"easing": "easeInOutQuad"
						},
						"2.0": {
							"vector": [-17.5, 0, 0],
							"easing": "easeInOutQuad"
						}
					}
				}
			}
		},
		"walk": {
			"loop": true,
			"animation_length": 2,
			"bones": {
				"body": {
					"rotation": {
						"0.0": {
							"vector": [0, 0, -2.5]
						},
						"1.0": {
							"vector": [0, 0, 2.5],
							"easing": "easeInOutSine"
						},
						"2.0": {
							"vector": [0, 0, -2.5],
							"easing": "easeInOutSine"
						}
					},
					"position": {
						"0.0": {
							"vector": [0, -0.5, 0]
						},
						"0.5": {
							"vector": [0, 0, 0]
						},
						"1.0": {
							"vector": [0, -0.5, 0]
						},
						"1.5": {
							"vector": [0, 0, 0]
						},
						"2.0": {
							"vector": [0, -0.5, 0]
						}
					}
				},
				"tail1": {
					"rotation": {
						"0.0": {
							"vector": [0, -22.5, 0]
						},
						"1.0": {
							"vector": [0, 22.5, 0],
							"easing": "easeInOutSine"
						},
						"2.0": {
							"vector": [0, -22.5, 0],
							"easing": "easeInOutSine"
						}
					}
				},
				"tail2": {
					"rotation": {
						"0.0": {
							"vector": [0, -22.5, 0]
						},
						"1.0": {
							"vector": [0, 22.5, 0],
							"easing": "easeInOutSine"
						},
						"2.0": {
							"vector": [0, -22.5, 0],
							"easing": "easeInOutSine"
						}
					}
				},
				"neck": {
					"rotation": {
						"0.0": {
							"vector": [22.5, 0, 0]
						},
						"0.6667": {
							"vector": [-5, 0, 0],
							"easing": "easeInOutSine"
						},
						"1.0": {
							"vector": [22.5, 0, 0],
							"easing": "easeInOutSine"
						},
						"1.6667": {
							"vector": [-5, 0, 0],
							"easing": "easeInOutSine"
						},
						"2.0": {
							"vector": [22.5, 0, 0],
							"easing": "easeInOutSine"
						}
					},
					"position": {
						"0.0": {
							"vector": [0, -1, 0]
						},
						"0.5": {
							"vector": [0, 0, 0],
							"easing": "easeInOutSine"
						},
						"1.0": {
							"vector": [0, -1, 0],
							"easing": "easeInOutSine"
						},
						"1.5": {
							"vector": [0, 0, 0],
							"easing": "easeInOutSine"
						},
						"2.0": {
							"vector": [0, -1, 0],
							"easing": "easeInOutSine"
						}
					}
				},
				"head": {
					"rotation": {
						"0.0": {
							"vector": [-20, 0, 0]
						},
						"0.5": {
							"vector": [0, 0, 0],
							"easing": "easeInOutSine"
						},
						"1.0": {
							"vector": [-22.5, 0, 0],
							"easing": "easeInOutSine"
						},
						"1.5": {
							"vector": [0, 0, 0],
							"easing": "easeInOutSine"
						},
						"2.0": {
							"vector": [-20, 0, 0],
							"easing": "easeInOutSine"
						}
					}
				},
				"LeftLeg": {
					"rotation": {
						"0.0": {
							"vector": [32.5, 0, 0]
						},
						"0.5": {
							"vector": [0, 0, 0]
						},
						"1.0": {
							"vector": [-32.5, 0, 0]
						},
						"1.5": {
							"vector": [0, 0, 0]
						},
						"2.0": {
							"vector": [32.5, 0, 0]
						}
					},
					"position": {
						"0.0": {
							"vector": [0, 0, 0]
						},
						"0.5": {
							"vector": [0, 1, 0]
						},
						"1.0": {
							"vector": [0, 0, 0]
						},
						"2.0": {
							"vector": [0, 0, 0]
						}
					}
				},
				"LeftLeg2": {
					"rotation": {
						"0.0": {
							"vector": [-37.97, 0, 0]
						},
						"0.2917": {
							"vector": [-67.5, 0, 0]
						},
						"1.0": {
							"vector": [-10, 0, 0]
						},
						"1.625": {
							"vector": [0, 0, 0]
						},
						"2.0": {
							"vector": [-37.97, 0, 0]
						}
					}
				},
				"LeftFoot": {
					"rotation": {
						"0.0": {
							"vector": [75.94, 0, 0]
						},
						"0.2917": {
							"vector": [135, 0, 0]
						},
						"1.0": {
							"vector": [67.5, 0, 0]
						},
						"1.625": {
							"vector": [0, 0, 0]
						},
						"2.0": {
							"vector": [75.94, 0, 0]
						}
					}
				},
				"LeftWing": {
					"rotation": {
						"0.0": {
							"vector": [19.8423, 2.55868, -7.05239]
						},
						"1.0": {
							"vector": [20, 0, 0],
							"easing": "easeInOutSine"
						},
						"2.0": {
							"vector": [19.8423, 2.55868, -7.05239],
							"easing": "easeInOutSine"
						}
					},
					"position": {
						"0.0": {
							"vector": [0, 1, 0]
						},
						"1.0": {
							"vector": [0, 0, 0],
							"easing": "easeInOutSine"
						},
						"2.0": {
							"vector": [0, 1, 0],
							"easing": "easeInOutSine"
						}
					}
				},
				"RightWing": {
					"rotation": {
						"0.0": {
							"vector": [19.8423, -2.55868, 7.05239]
						},
						"1.0": {
							"vector": [20, 0, 0],
							"easing": "easeInOutSine"
						},
						"2.0": {
							"vector": [19.8423, -2.55868, 7.05239],
							"easing": "easeInOutSine"
						}
					},
					"position": {
						"0.0": {
							"vector": [0, 0, 0]
						},
						"1.0": {
							"vector": [0, 1, 0],
							"easing": "easeInOutSine"
						},
						"2.0": {
							"vector": [0, 0, 0],
							"easing": "easeInOutSine"
						}
					}
				},
				"RightLeg": {
					"rotation": {
						"0.0": {
							"vector": [-32.5, 0, 0]
						},
						"0.5": {
							"vector": [0, 0, 0]
						},
						"1.0": {
							"vector": [32.5, 0, 0]
						},
						"1.5": {
							"vector": [0, 0, 0]
						},
						"2.0": {
							"vector": [-32.5, 0, 0]
						}
					},
					"position": {
						"0.0": {
							"vector": [0, 0, 0]
						},
						"1.0": {
							"vector": [0, 0, 0]
						},
						"1.5": {
							"vector": [0, 1, 0]
						},
						"2.0": {
							"vector": [0, 0, 0]
						}
					}
				},
				"RightLeg2": {
					"rotation": {
						"0.0": {
							"vector": [-10, 0, 0]
						},
						"0.625": {
							"vector": [0, 0, 0]
						},
						"1.2917": {
							"vector": [-67.5, 0, 0]
						},
						"2.0": {
							"vector": [-10, 0, 0]
						}
					}
				},
				"RightFoot": {
					"rotation": {
						"0.0": {
							"vector": [67.5, 0, 0]
						},
						"0.625": {
							"vector": [0, 0, 0]
						},
						"1.2917": {
							"vector": [135, 0, 0]
						},
						"2.0": {
							"vector": [67.5, 0, 0]
						}
					}
				},
				"feather": {
					"rotation": {
						"0.0": {
							"vector": [-32.5, 0, 0]
						},
						"0.5": {
							"vector": [-47.5, 0, 0],
							"easing": "easeInElastic"
						},
						"1.0": {
							"vector": [-32.5, 0, 0],
							"easing": "easeInElastic"
						},
						"1.5": {
							"vector": [-47.5, 0, 0],
							"easing": "easeInElastic"
						},
						"2.0": {
							"vector": [-32.5, 0, 0],
							"easing": "easeInElastic"
						}
					}
				}
			}
		},
		"angry": {
			"loop": true,
			"animation_length": 1,
			"bones": {
				"body": {
					"rotation": {
						"0.0": {
							"vector": [10, 0, -2.5]
						},
						"0.25": {
							"vector": [7.5, 0, 0]
						},
						"0.5": {
							"vector": [10, 0, 2.5],
							"easing": "easeInOutSine"
						},
						"1.0": {
							"vector": [10, 0, -2.5],
							"easing": "easeInOutSine"
						}
					},
					"position": {
						"0.0": {
							"vector": [0, -0.5, 0]
						},
						"0.25": {
							"vector": [0, 0, 0]
						},
						"0.5": {
							"vector": [0, -0.5, 0]
						},
						"0.75": {
							"vector": [0, 0, 0]
						},
						"1.0": {
							"vector": [0, -0.5, 0]
						}
					}
				},
				"tail1": {
					"rotation": {
						"0.0": {
							"vector": [20, 0, 0],
							"easing": "easeInOutSine"
						},
						"0.25": {
							"vector": [10.15108, 9.84655, 1.75378],
							"easing": "linear"
						},
						"0.5": {
							"vector": [27.5, 0, 0],
							"easing": "linear"
						},
						"0.75": {
							"vector": [10.23772, -12.3071, -2.20462],
							"easing": "linear"
						},
						"1.0": {
							"vector": [20, 0, 0],
							"easing": "linear"
						}
					}
				},
				"tail2": {
					"rotation": {
						"0.0": {
							"vector": [25, 0, 0],
							"easing": "easeInOutSine"
						},
						"0.25": {
							"vector": [12.92638, 14.63639, 3.31914],
							"easing": "linear"
						},
						"0.5": {
							"vector": [32.5, 0, 0],
							"easing": "linear"
						},
						"0.75": {
							"vector": [12.68664, -9.76061, -2.18558],
							"easing": "linear"
						},
						"1.0": {
							"vector": [25, 0, 0],
							"easing": "linear"
						}
					}
				},
				"neck": {
					"rotation": {
						"0.0": {
							"vector": [57.5, 0, 0]
						},
						"0.5": {
							"vector": [50, 0, 0],
							"easing": "easeInOutSine"
						},
						"1.0": {
							"vector": [57.5, 0, 0],
							"easing": "easeInOutSine"
						}
					},
					"position": {
						"0.0": {
							"vector": [0, -1, 0]
						},
						"0.25": {
							"vector": [0, 0, 0]
						},
						"0.5": {
							"vector": [0, -1, 0]
						},
						"0.75": {
							"vector": [0, 0, 0]
						},
						"1.0": {
							"vector": [0, -1, 0]
						}
					}
				},
				"head": {
					"rotation": {
						"0.0": {
							"vector": [-55, 0, 0]
						},
						"0.5": {
							"vector": [-47.5, 0, 0],
							"easing": "easeInOutSine"
						},
						"1.0": {
							"vector": [-55, 0, 0],
							"easing": "easeInOutSine"
						}
					}
				},
				"jaw": {
					"rotation": {
						"0.0": {
							"vector": [20, 0, 0]
						},
						"0.5": {
							"vector": [2.5, 0, 0]
						},
						"1.0": {
							"vector": [20, 0, 0]
						}
					}
				},
				"LeftLeg": {
					"rotation": {
						"0.0": {
							"vector": [32.5, 0, 0]
						},
						"0.25": {
							"vector": [0, 0, 0]
						},
						"0.5": {
							"vector": [-32.5, 0, 0]
						},
						"0.75": {
							"vector": [0, 0, 0]
						},
						"1.0": {
							"vector": [32.5, 0, 0]
						}
					},
					"position": {
						"0.0": {
							"vector": [0, 0, 0]
						},
						"0.25": {
							"vector": [0, 1, 0]
						},
						"0.5": {
							"vector": [0, 0, 0]
						},
						"1.0": {
							"vector": [0, 0, 0]
						}
					}
				},
				"LeftLeg2": {
					"rotation": {
						"0.0": {
							"vector": [-37.97, 0, 0]
						},
						"0.125": {
							"vector": [-67.5, 0, 0]
						},
						"0.5": {
							"vector": [-10, 0, 0]
						},
						"0.8333": {
							"vector": [0, 0, 0]
						},
						"1.0": {
							"vector": [-37.97, 0, 0]
						}
					}
				},
				"LeftFoot": {
					"rotation": {
						"0.0": {
							"vector": [75.94, 0, 0]
						},
						"0.125": {
							"vector": [135, 0, 0]
						},
						"0.5": {
							"vector": [67.5, 0, 0]
						},
						"0.8333": {
							"vector": [0, 0, 0]
						},
						"1.0": {
							"vector": [75.94, 0, 0]
						}
					}
				},
				"LeftWing": {
					"rotation": {
						"0.0": {
							"vector": [20.95936, -18.5638, -14.9281]
						},
						"0.5": {
							"vector": [21.50238, -21.07593, -8.0634],
							"easing": "easeInOutSine"
						},
						"1.0": {
							"vector": [20.95936, -18.5638, -14.9281],
							"easing": "easeInOutSine"
						}
					},
					"position": {
						"0.0": {
							"vector": [0, 0, 0]
						},
						"0.25": {
							"vector": [0, 1, 0],
							"easing": "easeInOutSine"
						},
						"0.5": {
							"vector": [0, 0, 0]
						},
						"0.75": {
							"vector": [0, 1, 0],
							"easing": "easeInOutSine"
						},
						"1.0": {
							"vector": [0, 0, 0],
							"easing": "easeInOutSine"
						}
					}
				},
				"RightWing": {
					"rotation": {
						"0.0": {
							"vector": [20.95936, 18.5638, 14.9281]
						},
						"0.5": {
							"vector": [21.50238, 21.07593, 8.0634],
							"easing": "easeInOutSine"
						},
						"1.0": {
							"vector": [20.95936, 18.5638, 14.9281],
							"easing": "easeInOutSine"
						}
					},
					"position": {
						"0.0": {
							"vector": [0, 0, 0]
						},
						"0.25": {
							"vector": [0, 1, 0],
							"easing": "easeInOutSine"
						},
						"0.5": {
							"vector": [0, 0, 0]
						},
						"0.75": {
							"vector": [0, 1, 0],
							"easing": "easeInOutSine"
						},
						"1.0": {
							"vector": [0, 0, 0],
							"easing": "easeInOutSine"
						}
					}
				},
				"RightLeg": {
					"rotation": {
						"0.0": {
							"vector": [-32.5, 0, 0]
						},
						"0.25": {
							"vector": [0, 0, 0]
						},
						"0.5": {
							"vector": [32.5, 0, 0]
						},
						"0.75": {
							"vector": [0, 0, 0]
						},
						"1.0": {
							"vector": [-32.5, 0, 0]
						}
					},
					"position": {
						"0.0": {
							"vector": [0, 0, 0]
						},
						"0.5": {
							"vector": [0, 0, 0]
						},
						"0.75": {
							"vector": [0, 1, 0]
						},
						"1.0": {
							"vector": [0, 0, 0]
						}
					}
				},
				"RightLeg2": {
					"rotation": {
						"0.0": {
							"vector": [-10, 0, 0]
						},
						"0.3333": {
							"vector": [0, 0, 0]
						},
						"0.625": {
							"vector": [-67.5, 0, 0]
						},
						"1.0": {
							"vector": [-10, 0, 0]
						}
					}
				},
				"RightFoot": {
					"rotation": {
						"0.0": {
							"vector": [67.5, 0, 0]
						},
						"0.3333": {
							"vector": [0, 0, 0]
						},
						"0.625": {
							"vector": [135, 0, 0]
						},
						"1.0": {
							"vector": [67.5, 0, 0]
						}
					}
				},
				"feather": {
					"rotation": {
						"0.0": {
							"vector": [20, 0, 0]
						},
						"0.5": {
							"vector": [42.5, 0, 0],
							"easing": "easeInBounce"
						},
						"1.0": {
							"vector": [20, 0, 0],
							"easing": "easeInBounce"
						}
					}
				}
			}
		}
	},
	"geckolib_format_version": 2
}