{
	"format_version": "1.8.0",
	"animations": {
		"animation.dodo.idle": {
			"loop": true,
			"animation_length": 2,
			"bones": {
				"head": {
					"position": {
						"0.0": {
							"vector": [0, 0, 0]
						},
						"1.0": {
							"vector": [0, -0.25, 0],
							"easing": "easeInOutSine"
						},
						"2.0": {
							"vector": [0, 0, 0],
							"easing": "easeInOutSine"
						}
					}
				},
				"body2": {
					"position": {
						"0.0": {
							"vector": [0, 0, 0]
						},
						"1.0": {
							"vector": [0, -0.25, 0],
							"easing": "easeOutSine"
						},
						"2.0": {
							"vector": [0, 0, 0],
							"easing": "easeOutSine"
						}
					}
				},
				"right_wing": {
					"rotation": {
						"0.0": {
							"vector": [0, 0, 0]
						},
						"1.0417": {
							"vector": [0, 0, 5],
							"easing": "easeInOutSine"
						},
						"2.0": {
							"vector": [0, 0, 0],
							"easing": "easeInOutSine"
						}
					},
					"position": {
						"0.0": {
							"vector": [0, 0, 0]
						},
						"1.0": {
							"vector": [0, -0.25, 0],
							"easing": "easeOutSine"
						},
						"2.0": {
							"vector": [0, 0, 0],
							"easing": "easeInOutSine"
						}
					}
				},
				"left_wing": {
					"rotation": {
						"0.0": {
							"vector": [0, 0, 0]
						},
						"1.0417": {
							"vector": [0, 0, -5],
							"easing": "easeInOutSine"
						},
						"2.0": {
							"vector": [0, 0, 0],
							"easing": "easeInOutSine"
						}
					},
					"position": {
						"0.0": {
							"vector": [0, 0, 0]
						},
						"1.0": {
							"vector": [0, -0.25, 0],
							"easing": "easeOutSine"
						},
						"2.0": {
							"vector": [0, 0, 0],
							"easing": "easeOutSine"
						}
					}
				},
				"tail": {
					"rotation": {
						"0.0": {
							"vector": [1.25, 0, 0],
							"easing": "easeInCirc"
						},
						"1.0": {
							"vector": [-5, 0, 0],
							"easing": "easeInOutSine"
						},
						"2.0": {
							"vector": [1.25, 0, 0],
							"easing": "easeInSine"
						}
					},
					"position": {
						"0.0": {
							"vector": [0, 0, 0]
						},
						"1.0": {
							"vector": [0, -0.25, 0],
							"easing": "easeInOutSine"
						},
						"2.0": {
							"vector": [0, 0, 0],
							"easing": "easeInOutSine"
						}
					}
				}
			}
		},
		"animation.dodo.walk": {
			"loop": true,
			"animation_length": 1,
			"bones": {
				"head": {
					"rotation": {
						"0.0": {
							"vector": [0, 0, -5]
						},
						"0.5": {
							"vector": [0, 0, 5],
							"easing": "easeInOutQuart"
						},
						"1.0": {
							"vector": [0, 0, -5],
							"easing": "easeInOutQuart"
						}
					}
				},
				"body2": {
					"rotation": {
						"0.0": {
							"vector": [0, 0, -2.5]
						},
						"0.5": {
							"vector": [0, 0, 2.5],
							"easing": "easeInOutQuint"
						},
						"1.0": {
							"vector": [0, 0, -2.5],
							"easing": "easeInOutQuint"
						}
					}
				},
				"right_leg": {
					"rotation": {
						"0.0": {
							"vector": [-12.5, 0, 0]
						},
						"0.5": {
							"vector": [12.5, 0, 0],
							"easing": "easeInOutSine"
						},
						"1.0": {
							"vector": [-12.5, 0, 0],
							"easing": "easeInOutSine"
						}
					}
				},
				"left_leg": {
					"rotation": {
						"0.0": {
							"vector": [12.5, 0, 0]
						},
						"0.5": {
							"vector": [-12.5, 0, 0],
							"easing": "easeInOutSine"
						},
						"1.0": {
							"vector": [12.5, 0, 0],
							"easing": "easeInOutSine"
						}
					}
				},
				"right_wing": {
					"position": {
						"0.0": {
							"vector": [0, 0, 0]
						},
						"0.5": {
							"vector": [0.25, 0, 0],
							"easing": "easeInOutSine"
						},
						"1.0": {
							"vector": [0, 0, 0],
							"easing": "easeInOutSine"
						}
					}
				},
				"left_wing": {
					"position": {
						"0.0": {
							"vector": [-0.25, 0, 0]
						},
						"0.5": {
							"vector": [0, 0, 0],
							"easing": "easeInOutSine"
						},
						"1.0": {
							"vector": [-0.25, 0, 0],
							"easing": "easeInOutSine"
						}
					}
				},
				"tail": {
					"rotation": {
						"0.0": {
							"vector": [1.23102, 0.21704, -9.99767],
							"easing": "easeInCirc"
						},
						"0.5": {
							"vector": [-4.92442, 0.86717, 9.96271],
							"easing": "easeInOutCubic"
						},
						"1.0": {
							"vector": [1.23102, 0.21704, -9.99767],
							"easing": "easeInOutCubic"
						}
					}
				}
			}
		},
		"animation.dodo.hurt": {
			"loop": true,
			"animation_length": 1,
			"bones": {
				"head": {
					"rotation": {
						"0.0": {
							"vector": [0, 0, 0]
						},
						"0.0833": {
							"vector": [10, 0, 0],
							"easing": "easeOutSine"
						},
						"0.1667": {
							"vector": [2.5, 0, 0],
							"easing": "easeOutSine"
						},
						"1.0": {
							"vector": [0, 0, 0]
						}
					},
					"position": {
						"0.0": {
							"vector": [0, 0, 0]
						},
						"0.2917": {
							"vector": [0, 2, 1]
						},
						"0.375": {
							"vector": [0, 1.51, 0.88]
						},
						"0.4583": {
							"vector": [0, 2, 1]
						},
						"0.5417": {
							"vector": [0, 1.51, 0.88]
						},
						"0.625": {
							"vector": [0, 2, 1]
						},
						"0.7083": {
							"vector": [0, 1.51, 0.88]
						},
						"1.0": {
							"vector": [0, 0, 0]
						}
					}
				},
				"body2": {
					"rotation": {
						"0.0": {
							"vector": [2.5, 0, 0]
						},
						"0.0833": {
							"vector": [-2.5, 0, 0],
							"easing": "linear"
						},
						"0.2917": {
							"vector": [-12.5, 0, 0]
						},
						"0.7083": {
							"vector": [-12.5, 0, 0]
						},
						"0.9167": {
							"vector": [-2.5, 0, 0]
						},
						"1.0": {
							"vector": [2.5, 0, 0]
						}
					},
					"position": {
						"0.0": {
							"vector": [0, 0, 0]
						},
						"0.2917": {
							"vector": [0, 0, 0]
						},
						"0.375": {
							"vector": [0, -0.25, 0]
						},
						"0.4583": {
							"vector": [0, 0, 0]
						},
						"0.5417": {
							"vector": [0, -0.25, 0]
						},
						"0.625": {
							"vector": [0, 0, 0]
						},
						"0.7083": {
							"vector": [0, -0.25, 0]
						}
					}
				},
				"right_leg": {
					"rotation": {
						"0.0": {
							"vector": [2.5, 0, 0]
						},
						"0.1667": {
							"vector": [-35, 0, 0]
						},
						"0.7917": {
							"vector": [-35, 0, 0]
						},
						"1.0": {
							"vector": [2.5, 0, 0]
						}
					},
					"position": {
						"0.2917": {
							"vector": [0, 0, 0]
						},
						"0.375": {
							"vector": [0, -0.25, 0]
						},
						"0.4583": {
							"vector": [0, 0, 0]
						},
						"0.5417": {
							"vector": [0, -0.25, 0]
						},
						"0.625": {
							"vector": [0, 0, 0]
						},
						"0.7083": {
							"vector": [0, -0.25, 0]
						}
					}
				},
				"left_leg": {
					"rotation": {
						"0.0": {
							"vector": [2.5, 0, 0]
						},
						"0.1667": {
							"vector": [-35, 0, 0]
						},
						"0.7917": {
							"vector": [-35, 0, 0]
						},
						"1.0": {
							"vector": [2.5, 0, 0]
						}
					},
					"position": {
						"0.2917": {
							"vector": [0, 0, 0]
						},
						"0.375": {
							"vector": [0, -0.25, 0]
						},
						"0.4583": {
							"vector": [0, 0, 0]
						},
						"0.5417": {
							"vector": [0, -0.25, 0]
						},
						"0.625": {
							"vector": [0, 0, 0]
						},
						"0.7083": {
							"vector": [0, -0.25, 0]
						}
					}
				},
				"right_wing": {
					"rotation": {
						"0.0": {
							"vector": [0, 0, 0]
						},
						"0.2917": {
							"vector": [0, 0, 40],
							"easing": "linear"
						},
						"0.375": {
							"vector": [0, 0, 0],
							"easing": "linear"
						},
						"0.4583": {
							"vector": [0, 0, 40],
							"easing": "linear"
						},
						"0.5417": {
							"vector": [0, 0, 0],
							"easing": "linear"
						},
						"0.625": {
							"vector": [0, 0, 40],
							"easing": "linear"
						},
						"0.7083": {
							"vector": [0, 0, 0],
							"easing": "linear"
						},
						"1.0": {
							"vector": [0, 0, 0],
							"easing": "linear"
						}
					},
					"position": {
						"0.0": {
							"vector": [0, 0, 0]
						},
						"0.2917": {
							"vector": [0, 1, 1],
							"easing": "linear"
						},
						"0.7083": {
							"vector": [0, 1, 1],
							"easing": "linear"
						},
						"1.0": {
							"vector": [0, 0, 0],
							"easing": "linear"
						}
					}
				},
				"left_wing": {
					"rotation": {
						"0.0": {
							"vector": [0, 0, 0]
						},
						"0.2917": {
							"vector": [0, 0, -40],
							"easing": "linear"
						},
						"0.375": {
							"vector": [0, 0, 0],
							"easing": "linear"
						},
						"0.4583": {
							"vector": [0, 0, -40],
							"easing": "linear"
						},
						"0.5417": {
							"vector": [0, 0, 0],
							"easing": "linear"
						},
						"0.625": {
							"vector": [0, 0, -40],
							"easing": "linear"
						},
						"0.7083": {
							"vector": [0, 0, 0],
							"easing": "linear"
						},
						"1.0": {
							"vector": [0, 0, 0],
							"easing": "linear"
						}
					},
					"position": {
						"0.0": {
							"vector": [0, 0, 0]
						},
						"0.2917": {
							"vector": [0, 1, 1],
							"easing": "linear"
						},
						"0.7083": {
							"vector": [0, 1, 1],
							"easing": "linear"
						},
						"1.0": {
							"vector": [0, 0, 0],
							"easing": "linear"
						}
					}
				},
				"tail": {
					"position": {
						"0.0": {
							"vector": [0, 0, 0]
						},
						"0.2917": {
							"vector": [0, -1, 1]
						},
						"0.375": {
							"vector": [0, -1.38, 0.88]
						},
						"0.4583": {
							"vector": [0, -1, 1]
						},
						"0.5417": {
							"vector": [0, -1.38, 0.88]
						},
						"0.625": {
							"vector": [0, -1, 1]
						},
						"0.7083": {
							"vector": [0, -1.38, 0.88]
						},
						"1.0": {
							"vector": [0, 0, 0]
						}
					}
				}
			}
		}
	},
	"geckolib_format_version": 2
}