{
	"format_version": "1.8.0",
	"animations": {
		"idle": {
			"loop": true,
			"animation_length": 0.5,
			"bones": {
				"bone": {
					"position": {
						"0.0": {
							"vector": [0, -1, 0]
						},
						"0.25": {
							"vector": [0, 0, 0]
						},
						"0.5": {
							"vector": [0, -1, 0]
						}
					}
				}
			}
		},
		"flying": {
			"loop": true,
			"animation_length": 0.5,
			"bones": {
				"bone": {
					"position": {
						"0.0": {
							"vector": [-22, -2, 0]
						},
						"0.25": {
							"vector": [0, 2, 0]
						},
						"0.5": {
							"vector": [10, -2, 0]
						}
					}
				}
			}
		}
	},
	"geckolib_format_version": 2
}