{
	"format_version": "1.8.0",
	"animations": {
		"idle": {
			"loop": true,
			"animation_length": 1,
			"bones": {
				"head": {
					"rotation": {
						"0.0": {
							"vector": [-15, 0, 0]
						},
						"0.5": {
							"vector": [-17.5, 0, 0],
							"easing": "easeInOutSine"
						},
						"1.0": {
							"vector": [-15, 0, 0],
							"easing": "easeInOutSine"
						}
					},
					"position": {
						"0.0": {
							"vector": [0, 0, 0]
						},
						"0.5": {
							"vector": [0, 0.25, 0],
							"easing": "easeInOutSine"
						},
						"1.0": {
							"vector": [0, 0, 0],
							"easing": "easeInOutSine"
						}
					}
				},
				"jaw": {
					"rotation": {
						"0.0": {
							"vector": [17.5, 0, 0]
						},
						"0.5": {
							"vector": [15, 0, 0],
							"easing": "easeInOutSine"
						},
						"1.0": {
							"vector": [17.5, 0, 0],
							"easing": "easeInOutSine"
						}
					}
				},
				"body": {
					"position": {
						"0.0": {
							"vector": [0, 0, 0]
						},
						"0.5": {
							"vector": [0, 0.25, 0]
						},
						"1.0": {
							"vector": [0, 0, 0],
							"easing": "linear"
						}
					}
				},
				"tail": {
					"position": {
						"0.0": {
							"vector": [0, -0.25, 0]
						},
						"0.5": {
							"vector": [0, 0, 0],
							"easing": "easeInOutSine"
						},
						"1.0": {
							"vector": [0, -0.25, 0],
							"easing": "easeInOutSine"
						}
					}
				},
				"tail2": {
					"position": {
						"0.0": {
							"vector": [0, -0.25, 0]
						},
						"0.5": {
							"vector": [0, 0, 0],
							"easing": "easeInOutSine"
						},
						"1.0": {
							"vector": [0, -0.25, 0],
							"easing": "easeInOutSine"
						}
					}
				}
			}
		},
		"walk": {
			"loop": true,
			"animation_length": 2,
			"bones": {
				"head": {
					"rotation": {
						"0.0": {
							"vector": [-2.5, 0, 0]
						},
						"1.0": {
							"vector": [0, 0, 0],
							"easing": "easeInOutSine"
						},
						"2.0": {
							"vector": [-2.5, 0, 0],
							"easing": "easeInOutSine"
						}
					}
				},
				"jaw": {
					"rotation": {
						"0.0": {
							"vector": [5, 0, 0]
						},
						"1.0": {
							"vector": [0, 0, 0],
							"easing": "easeInOutSine"
						},
						"2.0": {
							"vector": [5, 0, 0],
							"easing": "easeInOutSine"
						}
					}
				},
				"body": {
					"rotation": {
						"0.0": {
							"vector": [0, 0, -5]
						},
						"1.0": {
							"vector": [0, 0, 5],
							"easing": "easeInOutSine"
						},
						"2.0": {
							"vector": [0, 0, -5],
							"easing": "easeInOutSine"
						}
					}
				},
				"LeftLeg1": {
					"rotation": {
						"0.0": {
							"vector": [0, 45, 0]
						},
						"1.0": {
							"vector": [0, -45, 0]
						},
						"2.0": {
							"vector": [0, 45, 0]
						}
					}
				},
				"LeftLeg2": {
					"rotation": {
						"0.0": {
							"vector": [0, -45, 0]
						},
						"1.0": {
							"vector": [0, 45, 0]
						},
						"2.0": {
							"vector": [0, -45, 0]
						}
					}
				},
				"RightLeg1": {
					"rotation": {
						"0.0": {
							"vector": [0, 45, 0]
						},
						"1.0": {
							"vector": [0, -45, 0]
						},
						"2.0": {
							"vector": [0, 45, 0]
						}
					}
				},
				"RightLeg2": {
					"rotation": {
						"0.0": {
							"vector": [0, -45, 0]
						},
						"1.0": {
							"vector": [0, 45, 0]
						},
						"2.0": {
							"vector": [0, -45, 0]
						}
					}
				},
				"tail": {
					"rotation": {
						"0.0": {
							"vector": [0, -10, 0]
						},
						"1.0": {
							"vector": [0, 10, 0],
							"easing": "easeInOutSine"
						},
						"2.0": {
							"vector": [0, -10, 0],
							"easing": "easeInOutSine"
						}
					}
				},
				"tail2": {
					"rotation": {
						"0.0": {
							"vector": [0, -10, 0]
						},
						"1.0": {
							"vector": [0, 10, 0],
							"easing": "easeInOutSine"
						},
						"2.0": {
							"vector": [0, -10, 0],
							"easing": "easeInOutSine"
						}
					}
				}
			}
		},
		"swim": {
			"loop": true,
			"animation_length": 2,
			"bones": {
				"head": {
					"position": {
						"0.0": {
							"vector": [2.25, 0, 0]
						},
						"1.0": {
							"vector": [-2.25, 0, 0],
							"easing": "easeInOutSine"
						},
						"2.0": {
							"vector": [2.25, 0, 0],
							"easing": "easeInOutSine"
						}
					}
				},
				"body": {
					"position": {
						"0.0": {
							"vector": [2, 0, 0]
						},
						"1.0": {
							"vector": [-2, 0, 0],
							"easing": "easeInOutSine"
						},
						"2.0": {
							"vector": [2, 0, 0],
							"easing": "easeInOutSine"
						}
					}
				},
				"LeftLeg1": {
					"rotation": {
						"0.0": {
							"vector": [90, -67.5, 0]
						},
						"0.5": {
							"vector": [90, -62.5, 0]
						},
						"1.0": {
							"vector": [90, -67.5, 0]
						},
						"1.5": {
							"vector": [90, -62.5, 0]
						},
						"2.0": {
							"vector": [90, -67.5, 0]
						}
					},
					"position": {
						"0.0": {
							"vector": [2, 0, 0]
						},
						"1.0": {
							"vector": [-2, 0, 0],
							"easing": "easeInOutSine"
						},
						"2.0": {
							"vector": [2, 0, 0],
							"easing": "easeInOutSine"
						}
					}
				},
				"LeftLeg2": {
					"rotation": {
						"0.0": {
							"vector": [90, -67.5, 0]
						},
						"0.5": {
							"vector": [90, -62.5, 0]
						},
						"1.0": {
							"vector": [90, -67.5, 0]
						},
						"1.5": {
							"vector": [90, -62.5, 0]
						},
						"2.0": {
							"vector": [90, -67.5, 0]
						}
					},
					"position": {
						"0.0": {
							"vector": [2, 0, 0]
						},
						"1.0": {
							"vector": [-2, 0, 0],
							"easing": "easeInOutSine"
						},
						"2.0": {
							"vector": [2, 0, 0],
							"easing": "easeInOutSine"
						}
					}
				},
				"RightLeg1": {
					"rotation": {
						"0.0": {
							"vector": [90, 67.5, 0]
						},
						"0.5": {
							"vector": [90, 62.5, 0]
						},
						"1.0": {
							"vector": [90, 67.5, 0]
						},
						"1.5": {
							"vector": [90, 62.5, 0]
						},
						"2.0": {
							"vector": [90, 67.5, 0]
						}
					},
					"position": {
						"0.0": {
							"vector": [2, 0, 0]
						},
						"1.0": {
							"vector": [-2, 0, 0],
							"easing": "easeInOutSine"
						},
						"2.0": {
							"vector": [2, 0, 0],
							"easing": "easeInOutSine"
						}
					}
				},
				"RightLeg2": {
					"rotation": {
						"0.0": {
							"vector": [90, 67.5, 0]
						},
						"0.5": {
							"vector": [90, 62.5, 0]
						},
						"1.0": {
							"vector": [90, 67.5, 0]
						},
						"1.5": {
							"vector": [90, 62.5, 0]
						},
						"2.0": {
							"vector": [90, 67.5, 0]
						}
					},
					"position": {
						"0.0": {
							"vector": [2, 0, 0]
						},
						"1.0": {
							"vector": [-2, 0, 0],
							"easing": "easeInOutSine"
						},
						"2.0": {
							"vector": [2, 0, 0],
							"easing": "easeInOutSine"
						}
					}
				},
				"tail": {
					"rotation": {
						"0.0": {
							"vector": [0, 22.5, 0]
						},
						"1.0": {
							"vector": [0, -22.5, 0],
							"easing": "easeInOutSine"
						},
						"2.0": {
							"vector": [0, 22.5, 0],
							"easing": "easeInOutSine"
						}
					}
				},
				"tail2": {
					"rotation": {
						"0.0": {
							"vector": [0, 22.5, 0]
						},
						"1.0": {
							"vector": [0, -22.5, 0],
							"easing": "easeInOutSine"
						},
						"2.0": {
							"vector": [0, 22.5, 0],
							"easing": "easeInOutSine"
						}
					}
				}
			}
		}
	},
	"geckolib_format_version": 2
}