{
	"format_version": "1.8.0",
	"animations": {
		"idle": {
			"loop": true,
			"animation_length": 2,
			"bones": {
				"body": {
					"rotation": {
						"vector": [0, 0, -90]
					},
					"position": {
						"0.0": {
							"vector": [0, -0.5, 0]
						},
						"1.0": {
							"vector": [0, -0.75, 0]
						},
						"2.0": {
							"vector": [0, -0.5, 0]
						}
					}
				},
				"head": {
					"rotation": {
						"0.0": {
							"vector": [0, 7.5, -90]
						},
						"1.0": {
							"vector": [0, 5, -90]
						},
						"2.0": {
							"vector": [0, 7.5, -90]
						}
					},
					"position": {
						"0.0": {
							"vector": [0, -0.5, 0]
						},
						"1.0": {
							"vector": [0, -0.75, 0],
							"easing": "easeInSine"
						},
						"2.0": {
							"vector": [0, -0.5, 0],
							"easing": "easeInSine"
						}
					}
				},
				"tail": {
					"rotation": {
						"0.0": {
							"vector": [0, -10, 0]
						},
						"1.0": {
							"vector": [0, -5, 0]
						},
						"2.0": {
							"vector": [0, -10, 0]
						}
					}
				}
			}
		},
		"swim": {
			"loop": true,
			"animation_length": 1.5,
			"bones": {
				"body": {
					"rotation": {
						"0.0": {
							"vector": [0, 5, 0]
						},
						"0.75": {
							"vector": [0, -5, 0],
							"easing": "easeInOutSine"
						},
						"1.5": {
							"vector": [0, 5, 0],
							"easing": "easeInOutSine"
						}
					},
					"position": {
						"0.0": {
							"vector": [0.5, 0, 0]
						},
						"0.75": {
							"vector": [-0.5, 0, 0],
							"easing": "easeInOutSine"
						},
						"1.5": {
							"vector": [0.5, 0, 0],
							"easing": "easeInOutSine"
						}
					}
				},
				"head": {
					"rotation": {
						"0.0": {
							"vector": [0, -2.5, 0]
						},
						"0.75": {
							"vector": [0, 2.5, 0],
							"easing": "easeInOutSine"
						},
						"1.5": {
							"vector": [0, -2.5, 0],
							"easing": "easeInOutSine"
						}
					}
				},
				"tail": {
					"rotation": {
						"0.0": {
							"vector": [0, 25, 0]
						},
						"0.75": {
							"vector": [0, -15, 0],
							"easing": "easeInOutQuart"
						},
						"1.5": {
							"vector": [0, 25, 0],
							"easing": "easeInOutQuart"
						}
					}
				}
			}
		}
	},
	"geckolib_format_version": 2
}