{
	"format_version": "1.8.0",
	"animations": {
		"idle": {
			"loop": true,
			"animation_length": 2,
			"bones": {
				"body": {
					"position": {
						"0.0": {
							"vector": [0, 0, 0]
						},
						"1.0": {
							"vector": [0, 1, 0]
						},
						"2.0": {
							"vector": [0, 0, 0]
						}
					}
				},
				"tail": {
					"rotation": {
						"0.0": {
							"vector": [-57.5, 0, 0]
						},
						"1.0": {
							"vector": [-65, 0, 0]
						},
						"1.375": {
							"vector": [-62.19, 0, 0]
						},
						"1.4167": {
							"vector": [-61.87733, 0, -15]
						},
						"1.5": {
							"vector": [-61.87733, 0, 15]
						},
						"1.5833": {
							"vector": [-61.87733, 0, -15]
						},
						"1.625": {
							"vector": [-62.19, 0, 0]
						},
						"2.0": {
							"vector": [-57.5, 0, 0]
						}
					}
				},
				"neck": {
					"position": {
						"0.0": {
							"vector": [0, 0, 0]
						},
						"1.0": {
							"vector": [0, 1, 0],
							"easing": "easeInOutSine"
						},
						"2.0": {
							"vector": [0, 0, 0],
							"easing": "easeInOutSine"
						}
					}
				},
				"head": {
					"position": {
						"0.0": {
							"vector": [0, 0, 0]
						},
						"1.0": {
							"vector": [0, 0.5, 0],
							"easing": "easeInOutSine"
						},
						"2.0": {
							"vector": [0, 0, 0],
							"easing": "easeInOutSine"
						}
					}
				}
			}
		},
		"walk": {
			"loop": true,
			"animation_length": 2.04167,
			"bones": {
				"body": {
					"rotation": {
						"0.0": {
							"vector": [0, 0, -5]
						},
						"1.0": {
							"vector": [0, 0, 5]
						},
						"2.0": {
							"vector": [0, 0, -5]
						}
					},
					"position": {
						"0.0": {
							"vector": [0, -1, 0]
						},
						"0.5": {
							"vector": [0, 0, 0]
						},
						"1.0": {
							"vector": [0, -1, 0]
						},
						"1.5": {
							"vector": [0, 0, 0]
						},
						"2.0": {
							"vector": [0, -1, 0]
						}
					}
				},
				"tail": {
					"rotation": {
						"0.0417": {
							"vector": [-57.5, 0, 0]
						},
						"1.0417": {
							"vector": [-65, 0, 0]
						},
						"1.4167": {
							"vector": [-62.19, 0, 0]
						},
						"1.4583": {
							"vector": [-61.87733, 0, -15]
						},
						"1.5417": {
							"vector": [-61.87733, 0, 15]
						},
						"1.625": {
							"vector": [-61.87733, 0, -15]
						},
						"1.6667": {
							"vector": [-62.19, 0, 0]
						},
						"2.0417": {
							"vector": [-57.5, 0, 0]
						}
					}
				},
				"neck": {
					"position": {
						"0.0": {
							"vector": [0, -1, 0]
						},
						"0.5": {
							"vector": [0, 0, 0],
							"easing": "linear"
						},
						"1.0": {
							"vector": [0, -1, 0]
						},
						"1.5": {
							"vector": [0, 0, 0],
							"easing": "linear"
						},
						"2.0": {
							"vector": [0, -1, 0]
						}
					}
				},
				"LeftFrontLeg1": {
					"rotation": {
						"0.0": {
							"vector": [-22.5, 0, 0]
						},
						"0.5": {
							"vector": [0, 0, 0],
							"easing": "linear"
						},
						"1.0": {
							"vector": [22.5, 0, 0],
							"easing": "linear"
						},
						"1.5": {
							"vector": [0, 0, 0],
							"easing": "linear"
						},
						"2.0": {
							"vector": [-22.5, 0, 0],
							"easing": "linear"
						}
					},
					"position": {
						"0.0": {
							"vector": [0, -0.5, 0]
						},
						"0.5": {
							"vector": [0, 0, 0],
							"easing": "linear"
						},
						"1.0": {
							"vector": [0, -2, 0],
							"easing": "linear"
						},
						"1.5": {
							"vector": [0, 2, 0],
							"easing": "linear"
						},
						"2.0": {
							"vector": [0, -0.5, 0],
							"easing": "linear"
						}
					}
				},
				"RightFrontLeg1": {
					"rotation": {
						"0.0": {
							"vector": [22.5, 0, 0]
						},
						"0.5": {
							"vector": [0, 0, 0],
							"easing": "linear"
						},
						"1.0": {
							"vector": [-22.5, 0, 0],
							"easing": "linear"
						},
						"1.5": {
							"vector": [0, 0, 0],
							"easing": "linear"
						},
						"2.0": {
							"vector": [22.5, 0, 0],
							"easing": "linear"
						}
					},
					"position": {
						"0.0": {
							"vector": [0, -2, 0]
						},
						"0.5": {
							"vector": [0, 2, 0],
							"easing": "linear"
						},
						"1.0": {
							"vector": [0, -0.5, 0],
							"easing": "linear"
						},
						"1.5": {
							"vector": [0, 0, 0],
							"easing": "linear"
						},
						"2.0": {
							"vector": [0, -2, 0],
							"easing": "linear"
						}
					}
				},
				"LeftBacktLeg1": {
					"rotation": {
						"0.0": {
							"vector": [22.5, 0, 0]
						},
						"0.5": {
							"vector": [0, 0, 0],
							"easing": "linear"
						},
						"1.0": {
							"vector": [-22.5, 0, 0],
							"easing": "linear"
						},
						"1.5": {
							"vector": [0, 0, 0],
							"easing": "linear"
						},
						"2.0": {
							"vector": [22.5, 0, 0],
							"easing": "linear"
						}
					},
					"position": {
						"0.0": {
							"vector": [0, -2, 0]
						},
						"0.5": {
							"vector": [0, 2, 0],
							"easing": "linear"
						},
						"1.0": {
							"vector": [0, -0.5, 0],
							"easing": "linear"
						},
						"1.5": {
							"vector": [0, 0, 0],
							"easing": "linear"
						},
						"2.0": {
							"vector": [0, -2, 0],
							"easing": "linear"
						}
					}
				},
				"RightBacktLeg1": {
					"rotation": {
						"0.0": {
							"vector": [-22.5, 0, 0]
						},
						"0.5": {
							"vector": [0, 0, 0],
							"easing": "linear"
						},
						"1.0": {
							"vector": [22.5, 0, 0],
							"easing": "linear"
						},
						"1.5": {
							"vector": [0, 0, 0],
							"easing": "linear"
						},
						"2.0": {
							"vector": [-22.5, 0, 0],
							"easing": "linear"
						}
					},
					"position": {
						"0.0": {
							"vector": [0, -0.5, 0]
						},
						"0.5": {
							"vector": [0, 0, 0],
							"easing": "linear"
						},
						"1.0": {
							"vector": [0, -2, 0],
							"easing": "linear"
						},
						"1.5": {
							"vector": [0, 2, 0],
							"easing": "linear"
						},
						"2.0": {
							"vector": [0, -0.5, 0],
							"easing": "linear"
						}
					}
				}
			}
		}
	}
}