{
	"format_version": "1.8.0",
	"animations": {
		"idle": {
			"loop": true,
			"animation_length": 1,
			"bones": {
				"body": {
					"rotation": {
						"0.0": {
							"vector": [0, 0, -85]
						},
						"0.5": {
							"vector": [0, 0, -95],
							"easing": "easeInOutSine"
						},
						"1.0": {
							"vector": [0, 0, -85],
							"easing": "easeInOutSine"
						}
					},
					"position": {
						"0.0": {
							"vector": [0, 0.5, 0]
						},
						"1.0": {
							"vector": [0, 0.5, 0]
						}
					}
				},
				"body2": {
					"rotation": {
						"0.0": {
							"vector": [0, -12.5, 0]
						},
						"1.0": {
							"vector": [0, -12.5, 0],
							"easing": "easeInOutBack"
						}
					},
					"position": {
						"0.0": {
							"vector": [0, 0, 0]
						},
						"1.0": {
							"vector": [0, 0, 0],
							"easing": "easeInOutBack"
						}
					}
				},
				"tail": {
					"rotation": {
						"0.0": {
							"vector": [0, 2.5, 0]
						},
						"0.5": {
							"vector": [0, 7.5, 0],
							"easing": "easeInOutBack"
						},
						"1.0": {
							"vector": [0, 2.5, 0],
							"easing": "easeInOutBack"
						}
					}
				},
				"tail2": {
					"rotation": {
						"0.0": {
							"vector": [0, 5, 0]
						},
						"0.5": {
							"vector": [0, 10, 0],
							"easing": "easeInOutBack"
						},
						"1.0": {
							"vector": [0, 5, 0],
							"easing": "easeInOutBack"
						}
					}
				},
				"tail3": {
					"rotation": {
						"0.0": {
							"vector": [0, -2.5, 0]
						},
						"0.5": {
							"vector": [0, 0, 0],
							"easing": "easeInOutBack"
						},
						"1.0": {
							"vector": [0, -2.5, 0],
							"easing": "easeInOutBack"
						}
					}
				},
				"tail4": {
					"rotation": {
						"0.0": {
							"vector": [0, 1.5, 0]
						},
						"0.5": {
							"vector": [0, 11.5, 0],
							"easing": "easeInOutBack"
						},
						"1.0": {
							"vector": [0, 1.5, 0],
							"easing": "easeInOutBack"
						}
					}
				}
			}
		},
		"Swim": {
			"loop": true,
			"animation_length": 2,
			"bones": {
				"body": {
					"rotation": {
						"0.0": {
							"vector": [0, -5, 0]
						},
						"1.0": {
							"vector": [0, 5, 0],
							"easing": "easeInOutSine"
						},
						"2.0": {
							"vector": [0, -5, 0],
							"easing": "easeInOutSine"
						}
					}
				},
				"body2": {
					"rotation": {
						"0.0": {
							"vector": [0, 10, 0]
						},
						"1.0": {
							"vector": [0, -10, 0],
							"easing": "easeInOutQuad"
						},
						"2.0": {
							"vector": [0, 10, 0],
							"easing": "easeInOutQuad"
						}
					}
				},
				"tail": {
					"rotation": {
						"0.0": {
							"vector": [0, 10, 0]
						},
						"1.0": {
							"vector": [0, -10, 0],
							"easing": "easeInOutQuad"
						},
						"2.0": {
							"vector": [0, 10, 0],
							"easing": "easeInOutQuad"
						}
					}
				},
				"tail2": {
					"rotation": {
						"0.0": {
							"vector": [0, 12.5, 0]
						},
						"1.0": {
							"vector": [0, -12.5, 0],
							"easing": "easeInOutQuad"
						},
						"2.0": {
							"vector": [0, 12.5, 0],
							"easing": "easeInOutQuad"
						}
					}
				},
				"tail3": {
					"rotation": {
						"0.0": {
							"vector": [0, 12.5, 0]
						},
						"1.0": {
							"vector": [0, -12.5, 0],
							"easing": "easeInOutQuad"
						},
						"2.0": {
							"vector": [0, 12.5, 0],
							"easing": "easeInOutQuad"
						}
					}
				},
				"tail4": {
					"rotation": {
						"0.0": {
							"vector": [0, 17.5, 0]
						},
						"1.0": {
							"vector": [0, -17.5, 0],
							"easing": "easeInOutQuad"
						},
						"2.0": {
							"vector": [0, 17.5, 0],
							"easing": "easeInOutQuad"
						}
					}
				}
			}
		}
	},
	"geckolib_format_version": 2
}