{
	"format_version": "1.8.0",
	"animations": {
		"swim": {
			"loop": true,
			"animation_length": 1.5,
			"bones": {
				"body": {
					"rotation": {
						"0.0": {
							"vector": [0, 2.5, 0]
						},
						"0.75": {
							"vector": [0, -2.5, 0],
							"easing": "easeInOutSine"
						},
						"1.5": {
							"vector": [0, 2.5, 0],
							"easing": "easeInOutSine"
						}
					},
					"position": {
						"0.0": {
							"vector": [0, -0.25, 0]
						},
						"0.375": {
							"vector": [0, -0.5, 0]
						},
						"1.125": {
							"vector": [0, 0, 0]
						},
						"1.5": {
							"vector": [0, -0.25, 0]
						}
					}
				},
				"tail1": {
					"rotation": {
						"0.0": {
							"vector": [0, -12.5, 0]
						},
						"0.75": {
							"vector": [0, 12.5, 0],
							"easing": "easeInOutSine"
						},
						"1.5": {
							"vector": [0, -12.5, 0],
							"easing": "easeInOutSine"
						}
					}
				},
				"tail2": {
					"rotation": {
						"0.0": {
							"vector": [0, -20, 0]
						},
						"0.75": {
							"vector": [0, 20, 0],
							"easing": "easeInOutSine"
						},
						"1.5": {
							"vector": [0, -20, 0],
							"easing": "easeInOutSine"
						}
					}
				},
				"tail3": {
					"rotation": {
						"0.0": {
							"vector": [0, -12.5, 0]
						},
						"0.75": {
							"vector": [0, 12.5, 0],
							"easing": "easeInOutSine"
						},
						"1.5": {
							"vector": [0, -12.5, 0],
							"easing": "easeInOutSine"
						}
					}
				}
			}
		},
		"idle": {
			"loop": true,
			"animation_length": 3,
			"bones": {
				"body": {
					"rotation": {
						"0.0": {
							"vector": [0, 0, 180]
						},
						"1.5": {
							"vector": [21.75249, 0, 180],
							"easing": "easeInOutSine"
						},
						"3.0": {
							"vector": [0, 0, 180],
							"easing": "easeInOutQuad"
						}
					}
				},
				"tail1": {
					"rotation": {
						"0.0": {
							"vector": [-15, 0, 0]
						},
						"1.5": {
							"vector": [-37.5, 0, 0],
							"easing": "easeInOutSine"
						},
						"3.0": {
							"vector": [-15, 0, 0],
							"easing": "easeInOutQuad"
						}
					}
				},
				"tail2": {
					"rotation": {
						"0.0": {
							"vector": [0, 0, 0]
						},
						"1.5": {
							"vector": [-42.5, 0, 0],
							"easing": "easeInOutSine"
						},
						"3.0": {
							"vector": [0, 0, 0],
							"easing": "easeInOutQuad"
						}
					}
				}
			}
		}
	},
	"geckolib_format_version": 2
}