{
	"format_version": "1.8.0",
	"animations": {
		"idle": {
			"loop": true,
			"animation_length": 2,
			"bones": {
				"head": {
					"position": {
						"0.0": {
							"vector": [0, -1, 1]
						},
						"1.0": {
							"vector": [0, -1.25, 1],
							"easing": "easeInSine"
						},
						"2.0": {
							"vector": [0, -1, 1],
							"easing": "easeInSine"
						}
					}
				},
				"jaw": {
					"rotation": {
						"0.0": {
							"vector": [0, 0, 0]
						},
						"1.0": {
							"vector": [2.5, 0, 0],
							"easing": "easeInSine"
						},
						"2.0": {
							"vector": [0, 0, 0],
							"easing": "easeInSine"
						}
					}
				},
				"body": {
					"rotation": {
						"vector": [-15, 0, 0]
					},
					"position": {
						"0.0": {
							"vector": [0, -2, 0]
						},
						"1.0": {
							"vector": [0, -2.25, 0],
							"easing": "linear"
						},
						"2.0": {
							"vector": [0, -2, 0],
							"easing": "linear"
						}
					}
				},
				"tail": {
					"rotation": {
						"vector": [-5, 0, 0]
					},
					"position": {
						"0.0": {
							"vector": [0, -4, 0]
						},
						"1.0": {
							"vector": [0, -4.25, 0],
							"easing": "easeInSine"
						},
						"2.0": {
							"vector": [0, -4, 0],
							"easing": "easeInSine"
						}
					}
				},
				"left_leg2": {
					"rotation": {
						"vector": [0, 0, -22.5]
					},
					"position": {
						"vector": [0, -1, 0]
					}
				},
				"right_leg2": {
					"rotation": {
						"vector": [0, 0, 22.5]
					},
					"position": {
						"vector": [0, -1, 0]
					}
				},
				"tongue": {
					"rotation": {
						"1.25": {
							"vector": [0, 0, 0]
						},
						"1.2917": {
							"vector": [-5, 0, 0]
						},
						"1.3333": {
							"vector": [0, 0, 0]
						},
						"1.375": {
							"vector": [-5, 0, 0]
						},
						"1.4167": {
							"vector": [0, 0, 0]
						},
						"1.4583": {
							"vector": [-5, 0, 0]
						},
						"1.5": {
							"vector": [0, 0, 0]
						},
						"1.5417": {
							"vector": [-5, 0, 0]
						},
						"1.5833": {
							"vector": [0, 0, 0]
						}
					},
					"position": {
						"0.0": {
							"vector": [0, 0, 0]
						},
						"0.8333": {
							"vector": [0, 0, 0],
							"easing": "linear"
						},
						"1.25": {
							"vector": [0, 0, -5],
							"easing": "easeOutSine"
						},
						"1.625": {
							"vector": [0, 0, -5],
							"easing": "easeOutSine"
						},
						"1.9167": {
							"vector": [0, 0, 0],
							"easing": "easeInSine"
						},
						"2.0": {
							"vector": [0, 0, 0],
							"easing": "easeInSine"
						}
					}
				}
			}
		},
		"walk": {
			"loop": true,
			"animation_length": 2,
			"bones": {
				"head": {
					"relative_to": {
						"rotation": "entity"
					},
					"rotation": {
						"0.0": {
							"vector": [-2.06754, 22.40972, -5.40961]
						},
						"1.0": {
							"vector": [-2.06754, -22.40972, 5.40961],
							"easing": "easeInOutSine"
						},
						"2.0": {
							"vector": [-2.06754, 22.40972, -5.40961],
							"easing": "easeInOutSine"
						}
					}
				},
				"body": {
					"rotation": {
						"0.0": {
							"vector": [0, 0, -5]
						},
						"1.0": {
							"vector": [0, 0, 5],
							"easing": "easeInSine"
						},
						"2.0": {
							"vector": [0, 0, -5],
							"easing": "easeInSine"
						}
					}
				},
				"tail": {
					"rotation": {
						"0.0": {
							"vector": [2.06754, -22.40972, -5.40961]
						},
						"0.5": {
							"vector": [-2.5, 0, 0]
						},
						"1.0": {
							"vector": [2.06754, 22.40972, 5.40961],
							"easing": "linear"
						},
						"1.5": {
							"vector": [2.5, 0, 0]
						},
						"2.0": {
							"vector": [2.06754, -22.40972, -5.40961],
							"easing": "linear"
						}
					}
				},
				"left_leg1": {
					"rotation": {
						"0.0": {
							"vector": [-45, 0, 0]
						},
						"0.5": {
							"vector": [0, 0, 0],
							"easing": "linear"
						},
						"1.0": {
							"vector": [45, 0, 0],
							"easing": "linear"
						},
						"1.5": {
							"vector": [0, 0, -67.5],
							"easing": "linear"
						},
						"2.0": {
							"vector": [-45, 0, 0],
							"easing": "linear"
						}
					},
					"position": {
						"0.0": {
							"vector": [0, -0.5, 0]
						},
						"0.5": {
							"vector": [0, 0, 0],
							"easing": "linear"
						},
						"1.0": {
							"vector": [0, -0.5, 0],
							"easing": "linear"
						},
						"1.5": {
							"vector": [0, 0.5, 0],
							"easing": "linear"
						},
						"2.0": {
							"vector": [0, -0.5, 0],
							"easing": "linear"
						}
					}
				},
				"left_leg2": {
					"rotation": {
						"0.0": {
							"vector": [45, 0, 0]
						},
						"0.5": {
							"vector": [0, 0, -45],
							"easing": "linear"
						},
						"1.0": {
							"vector": [-45, 0, 0],
							"easing": "linear"
						},
						"1.5": {
							"vector": [0, 0, 0],
							"easing": "linear"
						},
						"2.0": {
							"vector": [45, 0, 0],
							"easing": "linear"
						}
					},
					"position": {
						"0.0": {
							"vector": [0, -0.5, 0]
						},
						"0.5": {
							"vector": [0, 0, 0],
							"easing": "linear"
						},
						"1.0": {
							"vector": [0, -0.5, 0],
							"easing": "linear"
						},
						"1.5": {
							"vector": [0, 0, 0],
							"easing": "linear"
						},
						"2.0": {
							"vector": [0, -0.5, 0],
							"easing": "linear"
						}
					}
				},
				"right_leg1": {
					"rotation": {
						"0.0": {
							"vector": [45, 0, 0]
						},
						"0.5": {
							"vector": [0, 0, 67.5],
							"easing": "linear"
						},
						"1.0": {
							"vector": [-45, 0, 0],
							"easing": "linear"
						},
						"1.5": {
							"vector": [0, 0, 0],
							"easing": "linear"
						},
						"2.0": {
							"vector": [45, 0, 0],
							"easing": "linear"
						}
					},
					"position": {
						"0.0": {
							"vector": [0, -0.5, 0]
						},
						"0.5": {
							"vector": [0, 0.5, 0],
							"easing": "linear"
						},
						"1.0": {
							"vector": [0, -0.5, 0],
							"easing": "linear"
						},
						"1.5": {
							"vector": [0, 0, 0],
							"easing": "linear"
						},
						"2.0": {
							"vector": [0, -0.5, 0],
							"easing": "linear"
						}
					}
				},
				"right_leg2": {
					"rotation": {
						"0.0": {
							"vector": [-45, 0, 0]
						},
						"0.5": {
							"vector": [0, 0, 0],
							"easing": "linear"
						},
						"1.0": {
							"vector": [45, 0, 0],
							"easing": "linear"
						},
						"1.5": {
							"vector": [0, 0, 45],
							"easing": "linear"
						},
						"2.0": {
							"vector": [-45, 0, 0],
							"easing": "linear"
						}
					},
					"position": {
						"0.0": {
							"vector": [0, -0.5, 0]
						},
						"0.5": {
							"vector": [0, 0, 0],
							"easing": "linear"
						},
						"1.0": {
							"vector": [0, -0.5, 0],
							"easing": "linear"
						},
						"1.5": {
							"vector": [0, 0, 0],
							"easing": "linear"
						},
						"2.0": {
							"vector": [0, -0.5, 0],
							"easing": "linear"
						}
					}
				}
			}
		},
		"attack": {
			"loop": true,
			"animation_length": 0.5,
			"bones": {
				"head": {
					"rotation": {
						"0.0": {
							"vector": [-7.5, 0, 0]
						},
						"0.25": {
							"vector": [-17.5, 0, 0],
							"easing": "easeInSine"
						},
						"0.5": {
							"vector": [-7.5, 0, 0],
							"easing": "easeInSine"
						}
					},
					"position": {
						"vector": [0, 7, 1]
					}
				},
				"jaw": {
					"rotation": {
						"0.0": {
							"vector": [25, 0, 0]
						},
						"0.25": {
							"vector": [0, 0, 0],
							"easing": "easeInSine"
						},
						"0.5": {
							"vector": [25, 0, 0],
							"easing": "easeInSine"
						}
					}
				},
				"body": {
					"rotation": {
						"0.0": {
							"vector": [-47.39118, -3.68425, -3.38262]
						},
						"0.25": {
							"vector": [-47.39118, 3.68425, 3.38262]
						},
						"0.5": {
							"vector": [-47.39118, -3.68425, -3.38262]
						}
					},
					"position": {
						"0.0": {
							"vector": [0, 4, -2]
						},
						"0.25": {
							"vector": [0, 3.75, -2]
						},
						"0.5": {
							"vector": [0, 4, -2]
						}
					}
				},
				"tail": {
					"rotation": {
						"0.0": {
							"vector": [-16.17354, 21.69365, -6.1191]
						},
						"0.25": {
							"vector": [-16.17354, -21.69365, 6.1191],
							"easing": "easeInSine"
						},
						"0.5": {
							"vector": [-16.17354, 21.69365, -6.1191],
							"easing": "easeInSine"
						}
					},
					"position": {
						"vector": [0, -2, -2]
					}
				},
				"left_leg1": {
					"rotation": {
						"0.0": {
							"vector": [0, 0, 10]
						},
						"0.25": {
							"vector": [22.5, 0, 10]
						},
						"0.5": {
							"vector": [0, 0, 10]
						}
					},
					"position": {
						"vector": [0, 8, 0]
					}
				},
				"left_leg2": {
					"rotation": {
						"0.0": {
							"vector": [-22.5, 0, 0]
						},
						"0.125": {
							"vector": [0, 0, 0]
						},
						"0.25": {
							"vector": [22.5, 0, 0]
						},
						"0.375": {
							"vector": [0, 0, -22.5]
						},
						"0.5": {
							"vector": [-22.5, 0, 0]
						}
					},
					"position": {
						"vector": [0, 0, -2]
					}
				},
				"right_leg1": {
					"rotation": {
						"0.0": {
							"vector": [0, 0, -10]
						},
						"0.25": {
							"vector": [-22.5, 0, -10]
						},
						"0.5": {
							"vector": [0, 0, -10]
						}
					},
					"position": {
						"vector": [0, 8, 0]
					}
				},
				"right_leg2": {
					"rotation": {
						"0.0": {
							"vector": [22.5, 0, 0]
						},
						"0.125": {
							"vector": [0, 0, 22.5]
						},
						"0.25": {
							"vector": [-22.5, 0, 0]
						},
						"0.375": {
							"vector": [0, 0, 0]
						},
						"0.5": {
							"vector": [22.5, 0, 0]
						}
					},
					"position": {
						"vector": [0, 0, -2]
					}
				}
			}
		}
	},
	"geckolib_format_version": 2
}