{
	"format_version": "1.8.0",
	"animations": {
		"idle": {
			"loop": true,
			"animation_length": 2,
			"bones": {
				"Body": {
					"position": {
						"0.0": {
							"vector": [0, 0, 0]
						},
						"1.0": {
							"vector": [0, -1, 0]
						},
						"2.0": {
							"vector": [0, 0, 0]
						}
					}
				},
				"tail": {
					"rotation": {
						"0.0": {
							"vector": [-37.5, 0, 0]
						},
						"0.75": {
							"vector": [-30, 0, 0],
							"easing": "linear"
						},
						"1.4167": {
							"vector": [-47.5, 0, 0],
							"easing": "easeInOutElastic"
						},
						"2.0": {
							"vector": [-37.5, 0, 0],
							"easing": "easeInSine"
						}
					}
				},
				"Neck": {
					"position": {
						"0.0": {
							"vector": [0, 0, 0]
						},
						"1.0": {
							"vector": [0, -1, 0],
							"easing": "easeInOutSine"
						},
						"2.0": {
							"vector": [0, 0, 0],
							"easing": "easeInOutSine"
						}
					}
				},
				"feather": {
					"rotation": {
						"0.0": {
							"vector": [-85, 0, 0]
						},
						"1.0": {
							"vector": [-80, 0, 0]
						},
						"2.0": {
							"vector": [-85, 0, 0]
						}
					}
				},
				"jaw": {
					"rotation": {
						"0.0": {
							"vector": [10, 0, 0]
						},
						"1.0": {
							"vector": [2.5, 0, 0]
						},
						"2.0": {
							"vector": [10, 0, 0]
						}
					}
				},
				"LeftLeg": {
					"rotation": {
						"vector": [27.5, 0, 0]
					},
					"position": {
						"0.0": {
							"vector": [0, 0, 0]
						},
						"1.0": {
							"vector": [0, -1, 0],
							"easing": "linear"
						},
						"2.0": {
							"vector": [0, 0, 0],
							"easing": "linear"
						}
					}
				},
				"LeftLeg2": {
					"rotation": {
						"0.0": {
							"vector": [-90, 0, 0]
						},
						"1.0": {
							"vector": [-85, 0, 0]
						},
						"2.0": {
							"vector": [-90, 0, 0]
						}
					}
				},
				"LeftFoot": {
					"rotation": {
						"0.0": {
							"vector": [207.5, 0, 0]
						},
						"1.0": {
							"vector": [215, 0, 0]
						},
						"2.0": {
							"vector": [207.5, 0, 0]
						}
					}
				}
			}
		},
		"walk": {
			"loop": true,
			"animation_length": 2,
			"bones": {
				"Body": {
					"rotation": {
						"0.0": {
							"vector": [0, 0, -5]
						},
						"1.0": {
							"vector": [0, 0, 5]
						},
						"2.0": {
							"vector": [0, 0, -5]
						}
					},
					"position": {
						"0.0": {
							"vector": [0, -1, 0]
						},
						"0.5": {
							"vector": [0, 0, 0]
						},
						"1.0": {
							"vector": [0, -1, 0]
						},
						"1.5": {
							"vector": [0, 0, 0]
						},
						"2.0": {
							"vector": [0, -1, 0]
						}
					}
				},
				"tail": {
					"rotation": {
						"0.0": {
							"vector": [-37.5, 0, 0]
						},
						"0.75": {
							"vector": [-30, 0, 0],
							"easing": "linear"
						},
						"1.4167": {
							"vector": [-47.5, 0, 0],
							"easing": "easeInOutElastic"
						},
						"2.0": {
							"vector": [-37.5, 0, 0],
							"easing": "easeInSine"
						}
					}
				},
				"Neck": {
					"rotation": {
						"0.0": {
							"vector": [22.5, 0, 0]
						},
						"0.6667": {
							"vector": [-5, 0, 0],
							"easing": "linear"
						},
						"1.0": {
							"vector": [22.5, 0, 0],
							"easing": "linear"
						},
						"1.6667": {
							"vector": [-5, 0, 0],
							"easing": "linear"
						},
						"2.0": {
							"vector": [22.5, 0, 0],
							"easing": "linear"
						}
					},
					"position": {
						"0.0": {
							"vector": [0, -1, 0]
						},
						"0.5": {
							"vector": [0, 0, 0]
						},
						"1.0": {
							"vector": [0, -1, 0]
						},
						"1.5": {
							"vector": [0, 0, 0]
						},
						"2.0": {
							"vector": [0, -1, 0]
						}
					}
				},
				"head": {
					"rotation": {
						"0.0": {
							"vector": [-22.5, 0, 0]
						},
						"0.6667": {
							"vector": [5, 0, 0]
						},
						"1.0": {
							"vector": [-22.5, 0, 0]
						},
						"1.6667": {
							"vector": [5, 0, 0]
						},
						"2.0": {
							"vector": [-22.5, 0, 0]
						}
					}
				},
				"feather": {
					"rotation": {
						"0.0": {
							"vector": [0, 0, 0]
						},
						"0.5": {
							"vector": [-80, 0, 0]
						},
						"1.0": {
							"vector": [-75, 0, 0]
						},
						"1.5": {
							"vector": [-80, 0, 0]
						},
						"2.0": {
							"vector": [0, 0, 0]
						}
					}
				},
				"jaw": {
					"rotation": {
						"0.0": {
							"vector": [10, 0, 0]
						},
						"0.6667": {
							"vector": [0, 0, 0]
						},
						"1.0": {
							"vector": [10, 0, 0]
						},
						"1.6667": {
							"vector": [0, 0, 0]
						},
						"2.0": {
							"vector": [10, 0, 0]
						}
					}
				},
				"LeftLeg": {
					"rotation": {
						"0.0": {
							"vector": [22.5, 0, 0]
						},
						"0.25": {
							"vector": [22.5, 0, 0]
						},
						"0.5": {
							"vector": [0, 0, 0]
						},
						"1.0": {
							"vector": [-22.5, 0, 0]
						},
						"1.5": {
							"vector": [0, 0, 0]
						},
						"2.0": {
							"vector": [22.5, 0, 0]
						}
					},
					"position": {
						"0.0": {
							"vector": [0, -1.5, 0]
						},
						"0.25": {
							"vector": [0, -0.5, 0]
						},
						"0.5": {
							"vector": [0, 0, 0]
						},
						"1.0": {
							"vector": [0, -2.25, 0]
						},
						"1.5": {
							"vector": [0, 0.1, 0]
						},
						"2.0": {
							"vector": [0, -1.5, 0]
						}
					}
				},
				"LeftLeg2": {
					"rotation": {
						"0.0": {
							"vector": [-22.5, 0, 0]
						},
						"0.25": {
							"vector": [-45, 0, 0]
						},
						"0.5": {
							"vector": [-45, 0, 0]
						},
						"1.0": {
							"vector": [-22.5, 0, 0]
						},
						"1.5": {
							"vector": [0, 0, 0]
						},
						"2.0": {
							"vector": [-22.5, 0, 0]
						}
					}
				},
				"LeftFoot": {
					"rotation": {
						"0.0": {
							"vector": [0, 0, 0]
						},
						"0.25": {
							"vector": [45, 0, 0]
						},
						"0.5": {
							"vector": [87.5, 0, 0]
						},
						"1.0": {
							"vector": [60, 0, 0]
						},
						"1.5": {
							"vector": [0, 0, 0]
						},
						"2.0": {
							"vector": [0, 0, 0]
						}
					}
				},
				"RightLeg": {
					"rotation": {
						"0.0": {
							"vector": [-22.5, 0, 0]
						},
						"0.5": {
							"vector": [0, 0, 0]
						},
						"1.0": {
							"vector": [22.5, 0, 0]
						},
						"1.25": {
							"vector": [22.5, 0, 0]
						},
						"1.5": {
							"vector": [0, 0, 0]
						},
						"2.0": {
							"vector": [-22.5, 0, 0]
						}
					},
					"position": {
						"0.0": {
							"vector": [0, -2.25, 0]
						},
						"0.5": {
							"vector": [0, 0.1, 0]
						},
						"1.0": {
							"vector": [0, -1.5, 0]
						},
						"1.25": {
							"vector": [0, -0.5, 0]
						},
						"1.5": {
							"vector": [0, 0, 0]
						},
						"2.0": {
							"vector": [0, -2.25, 0]
						}
					}
				},
				"RightLeg2": {
					"rotation": {
						"0.0": {
							"vector": [-22.5, 0, 0]
						},
						"0.5": {
							"vector": [0, 0, 0]
						},
						"1.0": {
							"vector": [-22.5, 0, 0]
						},
						"1.25": {
							"vector": [-45, 0, 0]
						},
						"1.5": {
							"vector": [-45, 0, 0]
						},
						"2.0": {
							"vector": [-22.5, 0, 0]
						}
					}
				},
				"RightFoot": {
					"rotation": {
						"0.0": {
							"vector": [60, 0, 0]
						},
						"0.5": {
							"vector": [0, 0, 0]
						},
						"1.0": {
							"vector": [0, 0, 0]
						},
						"1.25": {
							"vector": [45, 0, 0]
						},
						"1.5": {
							"vector": [87.5, 0, 0]
						},
						"2.0": {
							"vector": [60, 0, 0]
						}
					}
				}
			}
		}
	},
	"geckolib_format_version": 2
}