{
	"format_version": "1.8.0",
	"animations": {
		"animation.Tupa.idle": {
			"loop": true,
			"animation_length": 2,
			"bones": {
				"body": {
					"rotation": {
						"vector": [-20, 0, 0]
					},
					"position": {
						"0.0": {
							"vector": [0, 1, 0]
						},
						"1.0": {
							"vector": [0, 0.5, 0],
							"easing": "easeOutSine"
						},
						"2.0": {
							"vector": [0, 1, 0],
							"easing": "easeOutSine"
						}
					}
				},
				"head": {
					"rotation": {
						"0.0": {
							"vector": [-42.5, 0, 0]
						},
						"1.0": {
							"vector": [-32.5, 0, 0]
						},
						"2.0": {
							"vector": [-42.5, 0, 0]
						}
					},
					"position": {
						"0.0": {
							"vector": [0, 2, 2]
						},
						"1.0": {
							"vector": [0, 1.5, 2],
							"easing": "easeInOutSine"
						},
						"2.0": {
							"vector": [0, 2, 2],
							"easing": "easeInOutSine"
						}
					}
				},
				"head2": {
					"rotation": {
						"0.0": {
							"vector": [25, 0, 0]
						},
						"1.0": {
							"vector": [30, 0, 0]
						},
						"2.0": {
							"vector": [25, 0, 0]
						}
					}
				},
				"head3": {
					"rotation": {
						"0.0": {
							"vector": [22.5, 0, 0]
						},
						"1.0": {
							"vector": [12.5, 0, 0]
						},
						"2.0": {
							"vector": [22.5, 0, 0]
						}
					}
				},
				"jaw": {
					"rotation": {
						"0.0": {
							"vector": [0, 0, 0]
						},
						"1.0": {
							"vector": [5, 0, 0]
						},
						"2.0": {
							"vector": [0, 0, 0]
						}
					}
				},
				"Left_Wing": {
					"rotation": {
						"vector": [0, 0, 72.5]
					},
					"position": {
						"0.0": {
							"vector": [0, -0.25, 0]
						},
						"1.0": {
							"vector": [0, -0.75, 0]
						},
						"2.0": {
							"vector": [0, -0.25, 0]
						}
					}
				},
				"Left_Wing2": {
					"rotation": {
						"0.0": {
							"vector": [0, -25, -150]
						},
						"1.0": {
							"vector": [2.3273, -24.89837, -155.51385]
						},
						"2.0": {
							"vector": [0, -25, -150]
						}
					}
				},
				"Right_Wing": {
					"rotation": {
						"vector": [0, 0, -72.5]
					},
					"position": {
						"0.0": {
							"vector": [0, -0.25, 0]
						},
						"1.0": {
							"vector": [0, -0.75, 0]
						},
						"2.0": {
							"vector": [0, -0.25, 0]
						}
					}
				},
				"Right_Wing2": {
					"rotation": {
						"0.0": {
							"vector": [0, 25, 150]
						},
						"1.0": {
							"vector": [2.3273, 24.89837, 155.51385]
						},
						"2.0": {
							"vector": [0, 25, 150]
						}
					}
				},
				"Right_leg": {
					"rotation": {
						"0.0": {
							"vector": [-35, 0, 0]
						},
						"1.0": {
							"vector": [-42.5, 0, 0]
						},
						"2.0": {
							"vector": [-35, 0, 0]
						}
					},
					"position": {
						"0.0": {
							"vector": [0, 0, 0]
						},
						"1.0": {
							"vector": [0, -0.5, 0]
						},
						"2.0": {
							"vector": [0, 0, 0]
						}
					}
				},
				"Left_leg": {
					"rotation": {
						"0.0": {
							"vector": [-35, 0, 0]
						},
						"1.0": {
							"vector": [-42.5, 0, 0]
						},
						"2.0": {
							"vector": [-35, 0, 0]
						}
					},
					"position": {
						"0.0": {
							"vector": [0, 0, 0]
						},
						"1.0": {
							"vector": [0, -0.5, 0]
						},
						"2.0": {
							"vector": [0, 0, 0]
						}
					}
				},
				"Right_leg2": {
					"rotation": {
						"0.0": {
							"vector": [52.5, 0, 0]
						},
						"1.0": {
							"vector": [67.5, 0, 0]
						},
						"2.0": {
							"vector": [52.5, 0, 0]
						}
					}
				},
				"Left_leg2": {
					"rotation": {
						"0.0": {
							"vector": [52.5, 0, 0]
						},
						"1.0": {
							"vector": [67.5, 0, 0]
						},
						"2.0": {
							"vector": [52.5, 0, 0]
						}
					}
				},
				"Right_leg3": {
					"rotation": {
						"vector": [-17.5, 0, 0]
					}
				},
				"Left_leg3": {
					"rotation": {
						"vector": [-17.5, 0, 0]
					}
				}
			}
		},
		"animation.Tupa.walk": {
			"loop": true,
			"animation_length": 2,
			"bones": {
				"body": {
					"rotation": {
						"0.0": {
							"vector": [-19.98247, -0.85481, -2.34941]
						},
						"1.0": {
							"vector": [-19.98247, 0.85481, 2.34941]
						},
						"2.0": {
							"vector": [-19.98247, -0.85481, -2.34941]
						}
					},
					"position": {
						"0.0": {
							"vector": [0, 1, 0]
						},
						"1.0": {
							"vector": [0, 0.5, 0],
							"easing": "easeOutSine"
						},
						"2.0": {
							"vector": [0, 1, 0],
							"easing": "easeOutSine"
						}
					}
				},
				"head": {
					"rotation": {
						"0.0": {
							"vector": [-42.5, 0, 0]
						},
						"1.0": {
							"vector": [-32.5, 0, 0]
						},
						"2.0": {
							"vector": [-42.5, 0, 0]
						}
					},
					"position": {
						"0.0": {
							"vector": [0, 2, 2]
						},
						"1.0": {
							"vector": [0, 1.5, 2],
							"easing": "easeInOutSine"
						},
						"2.0": {
							"vector": [0, 2, 2],
							"easing": "easeInOutSine"
						}
					}
				},
				"head2": {
					"rotation": {
						"0.0": {
							"vector": [25, 0, 0]
						},
						"1.0": {
							"vector": [30, 0, 0]
						},
						"2.0": {
							"vector": [25, 0, 0]
						}
					}
				},
				"head3": {
					"rotation": {
						"0.0": {
							"vector": [22.5, 0, 0]
						},
						"1.0": {
							"vector": [12.5, 0, 0]
						},
						"2.0": {
							"vector": [22.5, 0, 0]
						}
					}
				},
				"jaw": {
					"rotation": {
						"0.0": {
							"vector": [0, 0, 0]
						},
						"1.0": {
							"vector": [5, 0, 0]
						},
						"2.0": {
							"vector": [0, 0, 0]
						}
					}
				},
				"Left_Wing": {
					"rotation": {
						"0.0": {
							"vector": [0, 10, 72.5]
						},
						"0.5": {
							"vector": [0, 0, 72.5]
						},
						"1.0": {
							"vector": [0, -10, 72.5]
						},
						"1.5": {
							"vector": [0, 0, 72.5]
						},
						"2.0": {
							"vector": [0, 10, 72.5]
						}
					},
					"position": {
						"0.0": {
							"vector": [0, -0.25, 0]
						},
						"1.5": {
							"vector": [0, 0.75, 0]
						},
						"2.0": {
							"vector": [0, -0.25, 0]
						}
					}
				},
				"Left_Wing2": {
					"rotation": {
						"0.0": {
							"vector": [0, -30, -150]
						},
						"1.0": {
							"vector": [0, -25, -150]
						},
						"2.0": {
							"vector": [0, -30, -150]
						}
					}
				},
				"Right_Wing": {
					"rotation": {
						"0.0": {
							"vector": [0, 10, -72.5]
						},
						"0.5": {
							"vector": [0, 0, -72.5]
						},
						"1.0": {
							"vector": [0, -10, -72.5]
						},
						"1.5": {
							"vector": [0, 0, -72.5]
						},
						"2.0": {
							"vector": [0, 10, -72.5]
						}
					},
					"position": {
						"0.0": {
							"vector": [0, -0.25, 0]
						},
						"0.5": {
							"vector": [0, 0.75, 0]
						},
						"1.0": {
							"vector": [0, -0.25, 0]
						}
					}
				},
				"Right_Wing2": {
					"rotation": {
						"0.0": {
							"vector": [0, 20, 150]
						},
						"1.0": {
							"vector": [0, 25, 150]
						},
						"2.0": {
							"vector": [0, 20, 150]
						}
					}
				},
				"Right_leg": {
					"rotation": {
						"0.0": {
							"vector": [-45, 0, 0]
						},
						"0.5": {
							"vector": [-35, 0, 0],
							"easing": "linear"
						},
						"1.0": {
							"vector": [-20, 0, 0],
							"easing": "linear"
						},
						"1.5": {
							"vector": [-35, 0, 0],
							"easing": "easeInSine"
						},
						"2.0": {
							"vector": [-45, 0, 0],
							"easing": "easeInSine"
						}
					},
					"position": {
						"0.0": {
							"vector": [0, 0, 0]
						},
						"0.5": {
							"vector": [0, 0, 0],
							"easing": "linear"
						},
						"1.0": {
							"vector": [0, 0, 0],
							"easing": "linear"
						},
						"1.5": {
							"vector": [0, 0.5, 0],
							"easing": "easeInSine"
						},
						"2.0": {
							"vector": [0, 0, 0],
							"easing": "easeInSine"
						}
					}
				},
				"Left_leg": {
					"rotation": {
						"0.0": {
							"vector": [-20, 0, 0]
						},
						"0.5": {
							"vector": [-35, 0, 0],
							"easing": "easeInSine"
						},
						"1.0": {
							"vector": [-45, 0, 0],
							"easing": "easeInSine"
						},
						"1.5": {
							"vector": [-35, 0, 0],
							"easing": "linear"
						},
						"2.0": {
							"vector": [-20, 0, 0],
							"easing": "linear"
						}
					},
					"position": {
						"0.0": {
							"vector": [0, 0, 0]
						},
						"0.5": {
							"vector": [0, 0.5, 0],
							"easing": "easeInSine"
						},
						"1.0": {
							"vector": [0, 0, 0],
							"easing": "easeInSine"
						},
						"1.5": {
							"vector": [0, 0, 0],
							"easing": "linear"
						},
						"2.0": {
							"vector": [0, 0, 0],
							"easing": "linear"
						}
					}
				},
				"Right_leg2": {
					"rotation": {
						"0.0": {
							"vector": [42.5, 0, 0]
						},
						"0.5": {
							"vector": [52.5, 0, 0],
							"easing": "easeInOutSine"
						},
						"1.0": {
							"vector": [55, 0, 0],
							"easing": "easeInOutSine"
						},
						"1.5": {
							"vector": [52.5, 0, 0],
							"easing": "easeInOutSine"
						},
						"2.0": {
							"vector": [42.5, 0, 0],
							"easing": "easeInOutSine"
						}
					}
				},
				"Left_leg2": {
					"rotation": {
						"0.0": {
							"vector": [55, 0, 0]
						},
						"0.5": {
							"vector": [52.5, 0, 0],
							"easing": "easeInOutSine"
						},
						"1.0": {
							"vector": [42.5, 0, 0],
							"easing": "easeInOutSine"
						},
						"1.5": {
							"vector": [52.5, 0, 0],
							"easing": "easeInOutSine"
						},
						"2.0": {
							"vector": [55, 0, 0],
							"easing": "easeInOutSine"
						}
					}
				},
				"Right_leg3": {
					"rotation": {
						"0.0": {
							"vector": [2.5, 0, 0]
						},
						"0.5": {
							"vector": [-17.5, 0, 0],
							"easing": "easeInOutSine"
						},
						"1.0": {
							"vector": [-32.5, 0, 0],
							"easing": "easeInOutSine"
						},
						"1.5": {
							"vector": [-7.5, 0, 0],
							"easing": "easeInOutSine"
						},
						"2.0": {
							"vector": [2.5, 0, 0],
							"easing": "easeInOutSine"
						}
					}
				},
				"Left_leg3": {
					"rotation": {
						"0.0": {
							"vector": [-32.5, 0, 0]
						},
						"0.5": {
							"vector": [-7.5, 0, 0],
							"easing": "easeInOutSine"
						},
						"1.0": {
							"vector": [2.5, 0, 0],
							"easing": "easeInOutSine"
						},
						"1.5": {
							"vector": [-17.5, 0, 0],
							"easing": "easeInOutSine"
						},
						"2.0": {
							"vector": [-32.5, 0, 0],
							"easing": "easeInOutSine"
						}
					}
				}
			}
		},
		"animation.Tupa.fly": {
			"loop": true,
			"animation_length": 4,
			"bones": {
				"body": {
					"position": {
						"0.0": {
							"vector": [0, 0, 0]
						},
						"0.75": {
							"vector": [0, 0.5, 0]
						},
						"1.7083": {
							"vector": [0, 0, 0],
							"easing": "linear"
						},
						"1.7917": {
							"vector": [0, -1.58, 0],
							"easing": "linear"
						},
						"1.9583": {
							"vector": [0, 0.5, 0],
							"easing": "linear"
						},
						"2.125": {
							"vector": [0, 1.42, 0],
							"easing": "linear"
						},
						"3.25": {
							"vector": [0, 0.5, 0]
						},
						"4.0": {
							"vector": [0, 0, 0]
						}
					}
				},
				"head": {
					"position": {
						"0.0": {
							"vector": [0, 0, 0]
						},
						"0.75": {
							"vector": [0, 0.5, 0]
						},
						"1.7083": {
							"vector": [0, 0, 0],
							"easing": "linear"
						},
						"1.7917": {
							"vector": [0, -1.58, 0],
							"easing": "linear"
						},
						"1.9583": {
							"vector": [0, 0.5, 0],
							"easing": "linear"
						},
						"2.125": {
							"vector": [0, 1.42, 0],
							"easing": "linear"
						},
						"3.25": {
							"vector": [0, 0.5, 0]
						},
						"4.0": {
							"vector": [0, 0, 0]
						}
					}
				},
				"jaw": {
					"rotation": {
						"0.0": {
							"vector": [0, 0, 0]
						},
						"1.0": {
							"vector": [5, 0, 0]
						},
						"2.0": {
							"vector": [0, 0, 0]
						},
						"3.0": {
							"vector": [5, 0, 0]
						},
						"4.0": {
							"vector": [0, 0, 0]
						}
					}
				},
				"Left_Wing": {
					"rotation": {
						"0.0": {
							"vector": [0, 0, 5]
						},
						"1.5833": {
							"vector": [0, 0, -5],
							"easing": "linear"
						},
						"1.7917": {
							"vector": [0, 0, -72.5],
							"easing": "linear"
						},
						"2.125": {
							"vector": [0, 0, 70],
							"easing": "linear"
						},
						"2.3333": {
							"vector": [0, 0, -5],
							"easing": "linear"
						},
						"4.0": {
							"vector": [0, 0, 5]
						}
					},
					"position": {
						"0.0": {
							"vector": [0, 0, 0]
						},
						"0.75": {
							"vector": [0, 0.5, 0]
						},
						"1.7083": {
							"vector": [0, 0, 0],
							"easing": "linear"
						},
						"1.7917": {
							"vector": [0, -2, 0],
							"easing": "linear"
						},
						"2.125": {
							"vector": [0, 1, 0],
							"easing": "linear"
						},
						"2.3333": {
							"vector": [0, 1, 0],
							"easing": "linear"
						},
						"3.25": {
							"vector": [0, 0.5, 0]
						},
						"4.0": {
							"vector": [0, 0, 0]
						}
					}
				},
				"Left_Wing2": {
					"rotation": {
						"1.5833": {
							"vector": [0, 0, 0]
						},
						"1.7917": {
							"vector": [0, 0, -45]
						},
						"2.125": {
							"vector": [0, 0, 45]
						},
						"2.3333": {
							"vector": [0, 0, 0]
						}
					}
				},
				"Right_Wing": {
					"rotation": {
						"0.0": {
							"vector": [0, 0, 5]
						},
						"1.5833": {
							"vector": [0, 0, -5],
							"easing": "linear"
						},
						"1.7917": {
							"vector": [0, 0, 72.5],
							"easing": "linear"
						},
						"2.125": {
							"vector": [0, 0, -70],
							"easing": "linear"
						},
						"2.3333": {
							"vector": [0, 0, -5],
							"easing": "linear"
						},
						"4.0": {
							"vector": [0, 0, 5]
						}
					},
					"position": {
						"0.0": {
							"vector": [0, 0, 0]
						},
						"0.75": {
							"vector": [0, 0.5, 0]
						},
						"1.7083": {
							"vector": [0, 0, 0],
							"easing": "linear"
						},
						"1.7917": {
							"vector": [0, -2, 0],
							"easing": "linear"
						},
						"2.125": {
							"vector": [0, 1, 0],
							"easing": "linear"
						},
						"2.3333": {
							"vector": [0, 1, 0],
							"easing": "linear"
						},
						"3.25": {
							"vector": [0, 0.5, 0]
						},
						"4.0": {
							"vector": [0, 0, 0]
						}
					}
				},
				"Right_Wing2": {
					"rotation": {
						"1.5833": {
							"vector": [0, 0, 0]
						},
						"1.7917": {
							"vector": [0, 0, 45]
						},
						"2.125": {
							"vector": [0, 0, -45]
						},
						"2.3333": {
							"vector": [0, 0, 0]
						}
					}
				},
				"Right_leg": {
					"rotation": {
						"vector": [90, -22.5, 0]
					},
					"position": {
						"0.0": {
							"vector": [1.5, 0, 0]
						},
						"0.75": {
							"vector": [1.5, 0.5, 0]
						},
						"1.7083": {
							"vector": [1.5, 0, 0],
							"easing": "linear"
						},
						"1.7917": {
							"vector": [1.5, -1.58, 0],
							"easing": "linear"
						},
						"1.9583": {
							"vector": [1.5, 0.5, 0],
							"easing": "linear"
						},
						"2.125": {
							"vector": [1.5, 1.42, 0],
							"easing": "linear"
						},
						"3.25": {
							"vector": [1.5, 0.5, 0]
						},
						"4.0": {
							"vector": [1.5, 0, 0]
						}
					}
				},
				"Left_leg": {
					"rotation": {
						"vector": [90, 22.5, 0]
					},
					"position": {
						"0.0": {
							"vector": [-1.5, 0, 0]
						},
						"0.75": {
							"vector": [-1.5, 0.5, 0]
						},
						"1.7083": {
							"vector": [-1.5, 0, 0],
							"easing": "linear"
						},
						"1.7917": {
							"vector": [-1.5, -1.58, 0],
							"easing": "linear"
						},
						"1.9583": {
							"vector": [-1.5, 0.5, 0],
							"easing": "linear"
						},
						"2.125": {
							"vector": [-1.5, 1.42, 0],
							"easing": "linear"
						},
						"3.25": {
							"vector": [-1.5, 0.5, 0]
						},
						"4.0": {
							"vector": [-1.5, 0, 0]
						}
					}
				}
			}
		}
	},
	"geckolib_format_version": 2
}