{
  "pools": [
    {
      "rolls": 5,
      "bonus_rolls": 1,
      "entries": [
        {
          "type": "minecraft:item",
          "weight": 1,
          "name": "minecraft:splash_potion",
          "functions": [
            {
              "function": "set_nbt",
              "tag": "{custom_potion_effects:[{id:\"minecraft:instant_health\",amplifier:1b,duration:20},{id:\"minecraft:regeneration\",amplifier:2b,duration:100}],CustomPotionColor:16720161}"
            }
          ]
        },
        {
          "type": "minecraft:item",
          "weight": 2,
          "name": "minecraft:coal_block",
          "functions": [
            {
              "function": "minecraft:set_count",
              "count": {
                "min": 1,
                "max": 3
              }
            }
          ]
        },
        {
          "type": "item",
          "weight": 2,
          "name": "minecraft:dried_kelp",
          "functions": [
            {
              "function": "minecraft:set_count",
              "count": {
                "min": 2,
                "max": 4
              }
            },
            {
              "function": "set_nbt",
              "tag": "{ic:burnt_meat}"
            },
            {
              "function": "set_name",
              "name": [
                {
                  "text": "Burnt Meat",
                  "color": "aqua",
                  "italic": false
                }
              ]
            },
            {
              "function": "set_lore",
              "lore": [
                {
                  "text": "If the user has Fire Resistance ",
                  "color": "gray",
                  "italic": false
                },
                {
                  "text": "clears the effect, but grants",
                  "color": "gray",
                  "italic": false
                },
                {
                  "text": "Strength II for 60 seconds",
                  "color": "gray",
                  "italic": false
                }
              ]
            }
          ]
        },
        {
          "type": "minecraft:item",
          "weight": 4,
          "name": "minecraft:experience_bottle",
          "functions": [
            {
              "function": "minecraft:set_count",
              "count": {
                "min": 4,
                "max": 8
              }
            }
          ]
        },
        {
          "type": "item",
          "weight": 3,
          "name": "minecraft:dried_kelp",
          "functions": [
            {
              "function": "minecraft:set_count",
              "count": {
                "min": 2,
                "max": 4
              }
            },
            {
              "function": "set_nbt",
              "tag": "{ic:burnt_meat}"
            },
            {
              "function": "set_name",
              "name": [
                {
                  "text": "Burnt Meat",
                  "color": "aqua",
                  "italic": false
                }
              ]
            },
            {
              "function": "set_lore",
              "lore": [
                {
                  "text": "If the user has Fire Resistance ",
                  "color": "gray",
                  "italic": false
                },
                {
                  "text": "clears the effect, but grants",
                  "color": "gray",
                  "italic": false
                },
                {
                  "text": "Strength II for 60 seconds",
                  "color": "gray",
                  "italic": false
                }
              ]
            }
          ]
        },
        {
          "type": "minecraft:loot_table",
          "weight": 2,
          "name": "infinity_cave:refs/rare_gear"
        },
        {
          "type": "minecraft:loot_table",
          "weight": 2,
          "name": "infinity_cave:refs/frozen/rare"
        }
      ]
    }
  ]
}
