{
  "pools": [
    {
      "rolls": 4,
      "bonus_rolls": 1,
      "entries": [
        {
          "type": "minecraft:item",
          "weight": 1,
          "name": "minecraft:splash_potion",
          "functions": [
            {
              "function": "minecraft:set_nbt",
              "tag": "{Potion:\"minecraft:strong_healing\"}"
            }
          ]
        },
        {
          "type": "minecraft:item",
          "name": "minecraft:iron_axe",
          "functions": [
            {
              "function": "minecraft:set_enchantments",
              "enchantments": {
                "minecraft:sharpness": {
                  "min": 1,
                  "max": 3
                },
                "minecraft:unbreaking": {
                  "min": 2,
                  "max": 5
                },
                "minecraft:fortune": {
                  "min": 0,
                  "max": 2
                },
                "minecraft:efficiency": {
                  "min": 0,
                  "max": 4
                }
              }
            }
          ]
        },
        {
          "type": "minecraft:item",
          "weight": 4,
          "name": "minecraft:experience_bottle",
          "functions": [
            {
              "function": "minecraft:set_count",
              "count": {
                "min": 3,
                "max": 6
              }
            }
          ]
        },
        {
          "type": "minecraft:loot_table",
          "weight": 2,
          "name": "infinity_cave:refs/uncommon_gear"
        },
        {
          "type": "minecraft:loot_table",
          "weight": 2,
          "name": "infinity_cave:refs/deeprock/uncommon"
        }
      ]
    }
  ]
}
