{
  "pools": [
    {
      "rolls": 3,
      "bonus_rolls": 1,
      "entries": [
        {
          "type": "minecraft:item",
          "weight": 1,
          "name": "minecraft:splash_potion",
          "functions": [
            {
              "function": "minecraft:set_nbt",
              "tag": "{Potion:\"minecraft:healing\"}"
            }
          ]
        },
        {
          "type": "minecraft:loot_table",
          "weight": 2,
          "name": "infinity_cave:refs/common_gear"
        },
        {
          "type": "minecraft:loot_table",
          "weight": 2,
          "name": "infinity_cave:refs/deep_dark/common"
        },

        {
          "type": "minecraft:item",
          "weight": 2,
          "name": "minecraft:iron_nugget",
          "functions": [
            {
              "function": "minecraft:set_count",
              "count": {
                "min": 5,
                "max": 10
              }
            }
          ]
        },

        {
          "type": "minecraft:item",
          "weight": 4,
          "name": "minecraft:experience_bottle",
          "functions": [
            {
              "function": "minecraft:set_count",
              "count": {
                "min": 1,
                "max": 4
              }
            }
          ]
        }
      ]
    }
  ]
}
