{
  "display": {
    "icon": {
      "item": "minecraft:tnt"
    },
    "title": "Too Much TNT! EXPLODINGTNT!",
    "description": [
      {
        "text": "Kill a Bomber mob!"
      }
    ],
    "show_toast": true,
    "announce_to_chat": true,
    "hidden": false
  },
  "parent": "infinity_cave:display/kills/epic",
  "criteria": {
    "requirement": {
      "trigger": "minecraft:player_killed_entity",
      "conditions": {
        "entity": [
          {
            "condition": "minecraft:entity_properties",
            "entity": "this",
            "predicate": {
              "type": "minecraft:creeper",
              "team": "ic.mob_team",
              "equipment": {
                "chest": {
                  "tag": "minecraft:trimmable_armor"
                }
              }
            }
          }
        ]
      }
    }
  }
}
