{
    "criteria": {
      "requirement": {
        "trigger": "minecraft:enter_block",
        "conditions": {
          "player": [
            {
              "condition": "minecraft:location_check",
              "predicate": {
                "biome": "infinity_cave:sulfide_caves"
              }
            },
            {
              "condition": "minecraft:inverted",
              "term": {
                "condition": "minecraft:entity_properties",
                "entity": "this",
                "predicate": {
                  "effects": {
                    "minecraft:poison": {}
                  }
                }
              }
            }
          ],
          "block": "minecraft:water"
        }
      }
    },
    "rewards": {
      "function": "infinity_cave:mechanics/sulfide/toxic_water"
    }
  }
  