{
  "type": "minecraft:tree",
  "config": {
    "decorators": [],
    "dirt_provider": {
      "type": "minecraft:simple_state_provider",
      "state": {
        "Name": "minecraft:rooted_dirt"
      }
    },
    "foliage_placer": {
      "type": "minecraft:random_spread_foliage_placer",
      "foliage_height": 2,
      "leaf_placement_attempts": 50,
      "offset": 0,
      "radius": 3
    },
    "foliage_provider": {
      "type": "minecraft:weighted_state_provider",
      "entries": [
        {
          "data": {
            "Name": "minecraft:azalea_leaves",
            "Properties": {
              "distance": "7",
              "persistent": "false",
              "waterlogged": "true"
            }
          },
          "weight": 3
        },
        {
          "data": {
            "Name": "minecraft:flowering_azalea_leaves",
            "Properties": {
              "distance": "7",
              "persistent": "false",
              "waterlogged": "true"
            }
          },
          "weight": 1
        }
      ]
    },
    "force_dirt": true,
    "ignore_vines": false,
    "minimum_size": {
      "type": "minecraft:two_layers_feature_size",
      "limit": 1,
      "lower_size": 0,
      "upper_size": 1
    },
    "trunk_placer": {
      "type": "minecraft:bending_trunk_placer",
      "base_height": 9,
      "bend_length": {
        "type": "minecraft:uniform",
        "value": {
          "max_inclusive": 2,
          "min_inclusive": 1
        }
      },
      "height_rand_a": 2,
      "height_rand_b": 0,
      "min_height_for_leaves": 3
    },
    "trunk_provider": {
      "type": "minecraft:simple_state_provider",
      "state": {
        "Name": "minecraft:jungle_log",
        "Properties": {
          "axis": "y"
        }
      }
    }
  }
}