{
  "feature": {
    "type": "minecraft:random_patch",
    "config": {
      "tries": 64,
      "xz_spread": 1,
      "y_spread": 1,
      "feature": {
        "feature": {
          "type": "minecraft:simple_block",
          "config": {
            "to_place": {
              "type": "minecraft:weighted_state_provider",
              "entries": [
                {
                  "weight": 1,
                  "data": {
                    "Name": "minecraft:gravel"
                  }
                },
                {
                  "weight": 2,
                  "data": {
                    "Name": "minecraft:grass_block",
                    "Properties": {
                      "snowy": "false"
                    }
                  }
                }
              ]
            }
          }
        },
        "placement": [
          {
            "type": "minecraft:block_predicate_filter",
            "predicate": {
              "type": "minecraft:all_of",
              "predicates": [
                {
                  "type": "minecraft:matching_blocks",
                  "offset": [
                    0,
                    1,
                    0
                  ],
                  "blocks": [
                    "minecraft:air"
                  ]
                },
                {
                  "type": "minecraft:matching_blocks",
                  "offset": [
                    0,
                    0,
                    0
                  ],
                  "blocks": [
                    "minecraft:grass_block",
					"minecraft:coarse_dirt"
                  ]
                },
                {
                  "type": "minecraft:matching_blocks",
                  "offset": [
                    1,
                    3,
                    0
                  ],
                  "blocks": [
                    "minecraft:air"
                  ]
                },
                {
                  "type": "minecraft:matching_blocks",
                  "offset": [
                    -1,
                    3,
                    0
                  ],
                  "blocks": [
                    "minecraft:air"
                  ]
                },
                {
                  "type": "minecraft:matching_blocks",
                  "offset": [
                    0,
                    3,
                    1
                  ],
                  "blocks": [
                    "minecraft:air"
                  ]
                },
                {
                  "type": "minecraft:matching_blocks",
                  "offset": [
                    0,
                    3,
                    -1
                  ],
                  "blocks": [
                    "minecraft:air"
                  ]
                },
                {
                  "type": "minecraft:not",
                  "predicate": {
                    "type": "minecraft:matching_blocks",
                    "offset": [
                      1,
                      -1,
                      0
                    ],
                    "blocks": [
                      "minecraft:air"
                    ]
                  }
                },
                {
                  "type": "minecraft:not",
                  "predicate": {
                    "type": "minecraft:matching_blocks",
                    "offset": [
                      -1,
                      -1,
                      0
                    ],
                    "blocks": [
                      "minecraft:air"
                    ]
                  }
                },
                {
                  "type": "minecraft:not",
                  "predicate": {
                    "type": "minecraft:matching_blocks",
                    "offset": [
                      0,
                      -1,
                      1
                    ],
                    "blocks": [
                      "minecraft:air"
                    ]
                  }
                },
                {
                  "type": "minecraft:not",
                  "predicate": {
                    "type": "minecraft:matching_blocks",
                    "offset": [
                      0,
                      -1,
                      -1
                    ],
                    "blocks": [
                      "minecraft:air"
                    ]
                  }
                }
              ]
            }
          }
        ]
      }
    }
  },
  "placement": [
    {
      "type": "minecraft:count",
      "count": 128
    },
    {
      "type": "minecraft:in_square"
    },
    {
      "type": "minecraft:noise_based_count",
      "noise_to_count_ratio": 1,
      "noise_factor": 250,
      "noise_offset": 0.02
    },
    {
      "type": "minecraft:noise_based_count",
      "noise_to_count_ratio": -1,
      "noise_factor": 250,
      "noise_offset": -0.02
    },
    {
      "type": "minecraft:heightmap",
      "heightmap": "WORLD_SURFACE_WG"
    },
    {
      "type": "minecraft:biome"
    }
  ]
}
