{
  "type": "minecraft:tree",
  "config": {
    "ignore_vines": true,
    "minimum_size": {
      "type": "minecraft:two_layers_feature_size",
      "limit": 2,
      "lower_size": 0,
      "upper_size": 2
    },
    "trunk_provider": {
      "type": "minecraft:simple_state_provider",
      "state": {
        "Name": "minecraft:spruce_log",
        "Properties": {
          "axis": "y"
        }
      }
    },
    "trunk_placer": {
      "type": "minecraft:straight_trunk_placer",
      "base_height": 8,
      "height_rand_a": 2,
      "height_rand_b": 3
    },
    "foliage_placer": {
      "type": "minecraft:mega_pine_foliage_placer",
      "radius": {
        "type": "minecraft:uniform",
        "value": {
          "min_inclusive": 1,
          "max_inclusive": 2
        }
      },
      "offset": {
        "type": "minecraft:uniform",
        "value": {
          "min_inclusive": 1,
          "max_inclusive": 3
        }
      },
      "crown_height": {
        "type": "minecraft:uniform",
        "value": {
          "min_inclusive": 9,
          "max_inclusive": 11
        }
      }
    },
    "decorators": [],
    "foliage_provider": {
      "type": "minecraft:simple_state_provider",
      "state": {
        "Name": "minecraft:spruce_leaves",
        "Properties": {
          "persistent": "false",
          "distance": "7"
        }
      }
    },
    "force_dirt": false,
    "sapling_provider": {
      "type": "minecraft:simple_state_provider",
      "state": {
        "Name": "minecraft:spruce_sapling",
        "Properties": {
          "stage": "0"
        }
      }
    },
    "dirt_provider": {
      "state": {
        "Name": "minecraft:dirt"
      },
      "type": "minecraft:simple_state_provider"
    }
  }
}
