{
  "credit": "Made with Blockbench",
  "texture_size": [
    128,
    128
  ],
  "elements": [
    {
      "from": [
        18,
        0,
        0
      ],
      "to": [
        23,
        4,
        5
      ],
      "rotation": {
        "angle": 0,
        "axis": "y",
        "origin": [
          18,
          0,
          0
        ]
      },
      "faces": {
        "north": {
          "uv": [
            0.625,
            6.875,
            1.25,
            7.375
          ],
          "texture": "#0"
        },
        "east": {
          "uv": [
            0,
            6.875,
            0.625,
            7.375
          ],
          "texture": "#0"
        },
        "south": {
          "uv": [
            1.875,
            6.875,
            2.5,
            7.375
          ],
          "texture": "#0"
        },
        "west": {
          "uv": [
            1.25,
            6.875,
            1.875,
            7.375
          ],
          "texture": "#0"
        },
        "up": {
          "uv": [
            1.25,
            6.875,
            0.625,
            6.25
          ],
          "texture": "#0"
        },
        "down": {
          "uv": [
            1.875,
            6.25,
            1.25,
            6.875
          ],
          "texture": "#0"
        }
      }
    },
    {
      "from": [
        19,
        4,
        1
      ],
      "to": [
        22,
        13,
        4
      ],
      "rotation": {
        "angle": 0,
        "axis": "y",
        "origin": [
          18,
          4,
          0
        ]
      },
      "faces": {
        "north": {
          "uv": [
            0.375,
            5,
            0.75,
            6.125
          ],
          "texture": "#0"
        },
        "east": {
          "uv": [
            0,
            5,
            0.375,
            6.125
          ],
          "texture": "#0"
        },
        "south": {
          "uv": [
            1.125,
            5,
            1.5,
            6.125
          ],
          "texture": "#0"
        },
        "west": {
          "uv": [
            0.75,
            5,
            1.125,
            6.125
          ],
          "texture": "#0"
        },
        "up": {
          "uv": [
            0.75,
            5,
            0.375,
            4.625
          ],
          "texture": "#0"
        },
        "down": {
          "uv": [
            1.125,
            4.625,
            0.75,
            5
          ],
          "texture": "#0"
        }
      }
    },
    {
      "from": [
        -7,
        13,
        0
      ],
      "to": [
        23,
        16,
        16
      ],
      "rotation": {
        "angle": 0,
        "axis": "y",
        "origin": [
          18,
          7,
          0
        ]
      },
      "faces": {
        "north": {
          "uv": [
            2,
            2,
            5.75,
            2.375
          ],
          "texture": "#0"
        },
        "east": {
          "uv": [
            0,
            2,
            2,
            2.375
          ],
          "texture": "#0"
        },
        "south": {
          "uv": [
            7.75,
            2,
            11.5,
            2.375
          ],
          "texture": "#0"
        },
        "west": {
          "uv": [
            5.75,
            2,
            7.75,
            2.375
          ],
          "texture": "#0"
        },
        "up": {
          "uv": [
            5.75,
            2,
            2,
            0
          ],
          "texture": "#0"
        },
        "down": {
          "uv": [
            9.5,
            0,
            5.75,
            2
          ],
          "texture": "#0"
        }
      }
    },
    {
      "from": [
        17,
        12,
        -2
      ],
      "to": [
        19,
        17,
        0
      ],
      "rotation": {
        "angle": 0,
        "axis": "y",
        "origin": [
          18,
          7,
          -4
        ]
      },
      "faces": {
        "north": {
          "uv": [
            0.5,
            3.25,
            0.75,
            3.875
          ],
          "texture": "#0"
        },
        "east": {
          "uv": [
            0.25,
            3.25,
            0.5,
            3.875
          ],
          "texture": "#0"
        },
        "south": {
          "uv": [
            1,
            3.25,
            1.25,
            3.875
          ],
          "texture": "#0"
        },
        "west": {
          "uv": [
            0.75,
            3.25,
            1,
            3.875
          ],
          "texture": "#0"
        },
        "up": {
          "uv": [
            0.75,
            3.25,
            0.5,
            3
          ],
          "texture": "#0"
        },
        "down": {
          "uv": [
            1,
            3,
            0.75,
            3.25
          ],
          "texture": "#0"
        }
      }
    },
    {
      "from": [
        17.5,
        9,
        -1.5
      ],
      "to": [
        18.5,
        12,
        -0.5
      ],
      "rotation": {
        "angle": 0,
        "axis": "y",
        "origin": [
          18,
          7,
          -4
        ]
      },
      "faces": {
        "north": {
          "uv": [
            0.125,
            0.125,
            0.25,
            0.5
          ],
          "texture": "#0"
        },
        "east": {
          "uv": [
            0,
            0.125,
            0.125,
            0.5
          ],
          "texture": "#0"
        },
        "south": {
          "uv": [
            0.375,
            0.125,
            0.5,
            0.5
          ],
          "texture": "#0"
        },
        "west": {
          "uv": [
            0.25,
            0.125,
            0.375,
            0.5
          ],
          "texture": "#0"
        },
        "up": {
          "uv": [
            0.25,
            0.125,
            0.125,
            0
          ],
          "texture": "#0"
        },
        "down": {
          "uv": [
            0.375,
            0,
            0.25,
            0.125
          ],
          "texture": "#0"
        }
      }
    },
    {
      "from": [
        17,
        7,
        -1.5
      ],
      "to": [
        19,
        9,
        -0.5
      ],
      "rotation": {
        "angle": 0,
        "axis": "y",
        "origin": [
          18,
          7,
          -4
        ]
      },
      "faces": {
        "north": {
          "uv": [
            0.125,
            0.75,
            0.375,
            1
          ],
          "texture": "#0"
        },
        "east": {
          "uv": [
            0,
            0.75,
            0.125,
            1
          ],
          "texture": "#0"
        },
        "south": {
          "uv": [
            0.5,
            0.75,
            0.75,
            1
          ],
          "texture": "#0"
        },
        "west": {
          "uv": [
            0.375,
            0.75,
            0.5,
            1
          ],
          "texture": "#0"
        },
        "up": {
          "uv": [
            0.375,
            0.75,
            0.125,
            0.625
          ],
          "texture": "#0"
        },
        "down": {
          "uv": [
            0.625,
            0.625,
            0.375,
            0.75
          ],
          "texture": "#0"
        }
      }
    },
    {
      "from": [
        13.5,
        11,
        -1
      ],
      "to": [
        14.5,
        17,
        0
      ],
      "rotation": {
        "angle": 0,
        "axis": "y",
        "origin": [
          18,
          7,
          -4
        ]
      },
      "faces": {
        "north": {
          "uv": [
            0.125,
            2.5,
            0.25,
            3.25
          ],
          "texture": "#0"
        },
        "east": {
          "uv": [
            0,
            2.5,
            0.125,
            3.25
          ],
          "texture": "#0"
        },
        "south": {
          "uv": [
            0.375,
            2.5,
            0.5,
            3.25
          ],
          "texture": "#0"
        },
        "west": {
          "uv": [
            0.25,
            2.5,
            0.375,
            3.25
          ],
          "texture": "#0"
        },
        "up": {
          "uv": [
            0.25,
            2.5,
            0.125,
            2.375
          ],
          "texture": "#0"
        },
        "down": {
          "uv": [
            0.375,
            2.375,
            0.25,
            2.5
          ],
          "texture": "#0"
        }
      }
    },
    {
      "from": [
        13,
        7,
        -1
      ],
      "to": [
        15,
        8,
        0
      ],
      "rotation": {
        "angle": 0,
        "axis": "y",
        "origin": [
          18,
          7,
          -4
        ]
      },
      "faces": {
        "north": {
          "uv": [
            0.125,
            1.875,
            0.375,
            2
          ],
          "texture": "#0"
        },
        "east": {
          "uv": [
            0,
            1.875,
            0.125,
            2
          ],
          "texture": "#0"
        },
        "south": {
          "uv": [
            0.5,
            1.875,
            0.75,
            2
          ],
          "texture": "#0"
        },
        "west": {
          "uv": [
            0.375,
            1.875,
            0.5,
            2
          ],
          "texture": "#0"
        },
        "up": {
          "uv": [
            0.375,
            1.875,
            0.125,
            1.75
          ],
          "texture": "#0"
        },
        "down": {
          "uv": [
            0.625,
            1.75,
            0.375,
            1.875
          ],
          "texture": "#0"
        }
      }
    },
    {
      "from": [
        13,
        10,
        -1
      ],
      "to": [
        15,
        11,
        0
      ],
      "rotation": {
        "angle": 0,
        "axis": "y",
        "origin": [
          18,
          7,
          -4
        ]
      },
      "faces": {
        "north": {
          "uv": [
            0.875,
            0.75,
            1.125,
            0.875
          ],
          "texture": "#0"
        },
        "east": {
          "uv": [
            0.75,
            0.75,
            0.875,
            0.875
          ],
          "texture": "#0"
        },
        "south": {
          "uv": [
            1.25,
            0.75,
            1.5,
            0.875
          ],
          "texture": "#0"
        },
        "west": {
          "uv": [
            1.125,
            0.75,
            1.25,
            0.875
          ],
          "texture": "#0"
        },
        "up": {
          "uv": [
            1.125,
            0.75,
            0.875,
            0.625
          ],
          "texture": "#0"
        },
        "down": {
          "uv": [
            1.375,
            0.625,
            1.125,
            0.75
          ],
          "texture": "#0"
        }
      }
    },
    {
      "from": [
        15,
        7,
        -1
      ],
      "to": [
        16,
        11,
        0
      ],
      "rotation": {
        "angle": 0,
        "axis": "y",
        "origin": [
          18,
          7,
          -4
        ]
      },
      "faces": {
        "north": {
          "uv": [
            1.125,
            2.5,
            1.25,
            3
          ],
          "texture": "#0"
        },
        "east": {
          "uv": [
            1,
            2.5,
            1.125,
            3
          ],
          "texture": "#0"
        },
        "south": {
          "uv": [
            1.375,
            2.5,
            1.5,
            3
          ],
          "texture": "#0"
        },
        "west": {
          "uv": [
            1.25,
            2.5,
            1.375,
            3
          ],
          "texture": "#0"
        },
        "up": {
          "uv": [
            1.25,
            2.5,
            1.125,
            2.375
          ],
          "texture": "#0"
        },
        "down": {
          "uv": [
            1.375,
            2.375,
            1.25,
            2.5
          ],
          "texture": "#0"
        }
      }
    },
    {
      "from": [
        12,
        7,
        -1
      ],
      "to": [
        13,
        11,
        0
      ],
      "rotation": {
        "angle": 0,
        "axis": "y",
        "origin": [
          18,
          7,
          -4
        ]
      },
      "faces": {
        "north": {
          "uv": [
            0.625,
            2.5,
            0.75,
            3
          ],
          "texture": "#0"
        },
        "east": {
          "uv": [
            0.5,
            2.5,
            0.625,
            3
          ],
          "texture": "#0"
        },
        "south": {
          "uv": [
            0.875,
            2.5,
            1,
            3
          ],
          "texture": "#0"
        },
        "west": {
          "uv": [
            0.75,
            2.5,
            0.875,
            3
          ],
          "texture": "#0"
        },
        "up": {
          "uv": [
            0.75,
            2.5,
            0.625,
            2.375
          ],
          "texture": "#0"
        },
        "down": {
          "uv": [
            0.875,
            2.375,
            0.75,
            2.5
          ],
          "texture": "#0"
        }
      }
    },
    {
      "from": [
        23,
        7,
        4
      ],
      "to": [
        23,
        13,
        12
      ],
      "rotation": {
        "angle": 0,
        "axis": "y",
        "origin": [
          18,
          4,
          0
        ]
      },
      "faces": {
        "north": {
          "uv": [
            1,
            1,
            1,
            1.75
          ],
          "texture": "#0"
        },
        "east": {
          "uv": [
            0,
            1,
            1,
            1.75
          ],
          "texture": "#0"
        },
        "south": {
          "uv": [
            2,
            1,
            2,
            1.75
          ],
          "texture": "#0"
        },
        "west": {
          "uv": [
            1,
            1,
            2,
            1.75
          ],
          "texture": "#0"
        },
        "up": {
          "uv": [
            1,
            1,
            1,
            0
          ],
          "texture": "#0"
        },
        "down": {
          "uv": [
            1,
            0,
            1,
            1
          ],
          "texture": "#0"
        }
      }
    },
    {
      "from": [
        -7,
        7,
        4
      ],
      "to": [
        -7,
        13,
        12
      ],
      "rotation": {
        "angle": 0,
        "axis": "y",
        "origin": [
          -12,
          4,
          0
        ]
      },
      "faces": {
        "north": {
          "uv": [
            1,
            1,
            1,
            1.75
          ],
          "texture": "#0"
        },
        "east": {
          "uv": [
            0,
            1,
            1,
            1.75
          ],
          "texture": "#0"
        },
        "south": {
          "uv": [
            2,
            1,
            2,
            1.75
          ],
          "texture": "#0"
        },
        "west": {
          "uv": [
            1,
            1,
            2,
            1.75
          ],
          "texture": "#0"
        },
        "up": {
          "uv": [
            1,
            1,
            1,
            0
          ],
          "texture": "#0"
        },
        "down": {
          "uv": [
            1,
            0,
            1,
            1
          ],
          "texture": "#0"
        }
      }
    },
    {
      "name": "bone",
      "from": [
        11,
        16,
        2
      ],
      "to": [
        19,
        17,
        14
      ],
      "rotation": {
        "angle": 22.5,
        "axis": "y",
        "origin": [
          15,
          16,
          9
        ]
      },
      "faces": {
        "north": {
          "uv": [
            1.5,
            6.125,
            2.5,
            6.25
          ],
          "texture": "#0"
        },
        "east": {
          "uv": [
            0,
            6.125,
            1.5,
            6.25
          ],
          "texture": "#0"
        },
        "south": {
          "uv": [
            4,
            6.125,
            5,
            6.25
          ],
          "texture": "#0"
        },
        "west": {
          "uv": [
            2.5,
            6.125,
            4,
            6.25
          ],
          "texture": "#0"
        },
        "up": {
          "uv": [
            2.5,
            6.125,
            1.5,
            4.625
          ],
          "texture": "#0"
        },
        "down": {
          "uv": [
            3.5,
            4.625,
            2.5,
            6.125
          ],
          "texture": "#0"
        }
      }
    },
    {
      "name": "bone",
      "from": [
        -5,
        18,
        9
      ],
      "to": [
        1,
        25,
        15
      ],
      "rotation": {
        "angle": -22.5,
        "axis": "y",
        "origin": [
          2,
          18,
          13
        ]
      },
      "faces": {
        "north": {
          "uv": [
            8.125,
            5.625,
            8.875,
            6.5
          ],
          "texture": "#0"
        },
        "east": {
          "uv": [
            7.375,
            5.625,
            8.125,
            6.5
          ],
          "texture": "#0"
        },
        "south": {
          "uv": [
            9.625,
            5.625,
            10.375,
            6.5
          ],
          "texture": "#0"
        },
        "west": {
          "uv": [
            8.875,
            5.625,
            9.625,
            6.5
          ],
          "texture": "#0"
        },
        "up": {
          "uv": [
            8.875,
            5.625,
            8.125,
            4.875
          ],
          "texture": "#0"
        },
        "down": {
          "uv": [
            9.625,
            4.875,
            8.875,
            5.625
          ],
          "texture": "#0"
        }
      }
    },
    {
      "name": "bone",
      "from": [
        -4,
        17,
        10
      ],
      "to": [
        0,
        18,
        14
      ],
      "rotation": {
        "angle": -22.5,
        "axis": "y",
        "origin": [
          2,
          18,
          13
        ]
      },
      "faces": {
        "north": {
          "uv": [
            6.375,
            6.875,
            6.875,
            7
          ],
          "texture": "#0"
        },
        "east": {
          "uv": [
            5.875,
            6.875,
            6.375,
            7
          ],
          "texture": "#0"
        },
        "south": {
          "uv": [
            7.375,
            6.875,
            7.875,
            7
          ],
          "texture": "#0"
        },
        "west": {
          "uv": [
            6.875,
            6.875,
            7.375,
            7
          ],
          "texture": "#0"
        },
        "up": {
          "uv": [
            6.875,
            6.875,
            6.375,
            6.375
          ],
          "texture": "#0"
        },
        "down": {
          "uv": [
            7.375,
            6.375,
            6.875,
            6.875
          ],
          "texture": "#0"
        }
      }
    },
    {
      "name": "bone",
      "from": [
        -7,
        16,
        7
      ],
      "to": [
        3,
        17,
        17
      ],
      "rotation": {
        "angle": -22.5,
        "axis": "y",
        "origin": [
          2,
          18,
          13
        ]
      },
      "faces": {
        "north": {
          "uv": [
            7.875,
            7.75,
            9.125,
            7.875
          ],
          "texture": "#0"
        },
        "east": {
          "uv": [
            6.625,
            7.75,
            7.875,
            7.875
          ],
          "texture": "#0"
        },
        "south": {
          "uv": [
            10.375,
            7.75,
            11.625,
            7.875
          ],
          "texture": "#0"
        },
        "west": {
          "uv": [
            9.125,
            7.75,
            10.375,
            7.875
          ],
          "texture": "#0"
        },
        "up": {
          "uv": [
            9.125,
            7.75,
            7.875,
            6.5
          ],
          "texture": "#0"
        },
        "down": {
          "uv": [
            10.375,
            6.5,
            9.125,
            7.75
          ],
          "texture": "#0"
        }
      }
    },
    {
      "name": "bone",
      "from": [
        2,
        18,
        10
      ],
      "to": [
        6,
        24,
        14
      ],
      "rotation": {
        "angle": -22.5,
        "axis": "y",
        "origin": [
          2,
          18,
          13
        ]
      },
      "faces": {
        "north": {
          "uv": [
            5.875,
            5.625,
            6.375,
            6.375
          ],
          "texture": "#0"
        },
        "east": {
          "uv": [
            5.375,
            5.625,
            5.875,
            6.375
          ],
          "texture": "#0"
        },
        "south": {
          "uv": [
            6.875,
            5.625,
            7.375,
            6.375
          ],
          "texture": "#0"
        },
        "west": {
          "uv": [
            6.375,
            5.625,
            6.875,
            6.375
          ],
          "texture": "#0"
        },
        "up": {
          "uv": [
            6.375,
            5.625,
            5.875,
            5.125
          ],
          "texture": "#0"
        },
        "down": {
          "uv": [
            6.875,
            5.125,
            6.375,
            5.625
          ],
          "texture": "#0"
        }
      }
    },
    {
      "name": "bone",
      "from": [
        1,
        20,
        10
      ],
      "to": [
        2,
        23,
        14
      ],
      "rotation": {
        "angle": -22.5,
        "axis": "y",
        "origin": [
          2,
          16,
          13
        ]
      },
      "faces": {
        "north": {
          "uv": [
            7.375,
            5.25,
            7.5,
            5.625
          ],
          "texture": "#0"
        },
        "east": {
          "uv": [
            6.875,
            5.25,
            7.375,
            5.625
          ],
          "texture": "#0"
        },
        "south": {
          "uv": [
            8,
            5.25,
            8.125,
            5.625
          ],
          "texture": "#0"
        },
        "west": {
          "uv": [
            7.5,
            5.25,
            8,
            5.625
          ],
          "texture": "#0"
        },
        "up": {
          "uv": [
            7.5,
            5.25,
            7.375,
            4.75
          ],
          "texture": "#0"
        },
        "down": {
          "uv": [
            7.625,
            4.75,
            7.5,
            5.25
          ],
          "texture": "#0"
        }
      }
    },
    {
      "name": "bone",
      "from": [
        -1,
        7,
        1
      ],
      "to": [
        7,
        8,
        13
      ],
      "rotation": {
        "angle": -22.5,
        "axis": "y",
        "origin": [
          3,
          7,
          8
        ]
      },
      "faces": {
        "north": {
          "uv": [
            1.5,
            6.125,
            2.5,
            6.25
          ],
          "texture": "#0"
        },
        "east": {
          "uv": [
            0,
            6.125,
            1.5,
            6.25
          ],
          "texture": "#0"
        },
        "south": {
          "uv": [
            4,
            6.125,
            5,
            6.25
          ],
          "texture": "#0"
        },
        "west": {
          "uv": [
            2.5,
            6.125,
            4,
            6.25
          ],
          "texture": "#0"
        },
        "up": {
          "uv": [
            2.5,
            6.125,
            1.5,
            4.625
          ],
          "texture": "#0"
        },
        "down": {
          "uv": [
            3.5,
            4.625,
            2.5,
            6.125
          ],
          "texture": "#0"
        }
      }
    },
    {
      "name": "bone",
      "from": [
        15.25,
        7,
        2
      ],
      "to": [
        18.25,
        10,
        12
      ],
      "rotation": {
        "angle": 22.5,
        "axis": "y",
        "origin": [
          16.25,
          7,
          8
        ]
      },
      "faces": {
        "north": {
          "uv": [
            4,
            7.625,
            4.375,
            8
          ],
          "texture": "#0"
        },
        "east": {
          "uv": [
            2.75,
            7.625,
            4,
            8
          ],
          "texture": "#0"
        },
        "south": {
          "uv": [
            5.625,
            7.625,
            6,
            8
          ],
          "texture": "#0"
        },
        "west": {
          "uv": [
            4.375,
            7.625,
            5.625,
            8
          ],
          "texture": "#0"
        },
        "up": {
          "uv": [
            4.375,
            7.625,
            4,
            6.375
          ],
          "texture": "#0"
        },
        "down": {
          "uv": [
            4.75,
            6.375,
            4.375,
            7.625
          ],
          "texture": "#0"
        }
      }
    },
    {
      "name": "bone",
      "from": [
        11,
        8,
        2
      ],
      "to": [
        12,
        9,
        16
      ],
      "rotation": {
        "angle": 0,
        "axis": "y",
        "origin": [
          11,
          7,
          10
        ]
      },
      "faces": {
        "north": {
          "uv": [
            2.5,
            8,
            2.625,
            8.125
          ],
          "texture": "#0"
        },
        "east": {
          "uv": [
            0.75,
            8,
            2.5,
            8.125
          ],
          "texture": "#0"
        },
        "south": {
          "uv": [
            4.375,
            8,
            4.5,
            8.125
          ],
          "texture": "#0"
        },
        "west": {
          "uv": [
            2.625,
            8,
            4.375,
            8.125
          ],
          "texture": "#0"
        },
        "up": {
          "uv": [
            2.625,
            8,
            2.5,
            6.25
          ],
          "texture": "#0"
        },
        "down": {
          "uv": [
            2.75,
            6.25,
            2.625,
            8
          ],
          "texture": "#0"
        }
      }
    },
    {
      "name": "bone",
      "from": [
        10,
        7,
        4
      ],
      "to": [
        13,
        10,
        14
      ],
      "rotation": {
        "angle": 0,
        "axis": "y",
        "origin": [
          11,
          7,
          10
        ]
      },
      "faces": {
        "north": {
          "uv": [
            4,
            7.625,
            4.375,
            8
          ],
          "texture": "#0"
        },
        "east": {
          "uv": [
            2.75,
            7.625,
            4,
            8
          ],
          "texture": "#0"
        },
        "south": {
          "uv": [
            5.625,
            7.625,
            6,
            8
          ],
          "texture": "#0"
        },
        "west": {
          "uv": [
            4.375,
            7.625,
            5.625,
            8
          ],
          "texture": "#0"
        },
        "up": {
          "uv": [
            4.375,
            7.625,
            4,
            6.375
          ],
          "texture": "#0"
        },
        "down": {
          "uv": [
            4.75,
            6.375,
            4.375,
            7.625
          ],
          "texture": "#0"
        }
      }
    },
    {
      "name": "bone",
      "from": [
        14,
        11,
        0
      ],
      "to": [
        15,
        12,
        14
      ],
      "rotation": {
        "angle": -22.5,
        "axis": "y",
        "origin": [
          14,
          10,
          8
        ]
      },
      "faces": {
        "north": {
          "uv": [
            2.5,
            8,
            2.625,
            8.125
          ],
          "texture": "#0"
        },
        "east": {
          "uv": [
            0.75,
            8,
            2.5,
            8.125
          ],
          "texture": "#0"
        },
        "south": {
          "uv": [
            4.375,
            8,
            4.5,
            8.125
          ],
          "texture": "#0"
        },
        "west": {
          "uv": [
            2.625,
            8,
            4.375,
            8.125
          ],
          "texture": "#0"
        },
        "up": {
          "uv": [
            2.625,
            8,
            2.5,
            6.25
          ],
          "texture": "#0"
        },
        "down": {
          "uv": [
            2.75,
            6.25,
            2.625,
            8
          ],
          "texture": "#0"
        }
      }
    },
    {
      "name": "bone",
      "from": [
        13,
        10,
        2
      ],
      "to": [
        16,
        13,
        12
      ],
      "rotation": {
        "angle": -22.5,
        "axis": "y",
        "origin": [
          14,
          10,
          8
        ]
      },
      "faces": {
        "north": {
          "uv": [
            4,
            7.625,
            4.375,
            8
          ],
          "texture": "#0"
        },
        "east": {
          "uv": [
            2.75,
            7.625,
            4,
            8
          ],
          "texture": "#0"
        },
        "south": {
          "uv": [
            5.625,
            7.625,
            6,
            8
          ],
          "texture": "#0"
        },
        "west": {
          "uv": [
            4.375,
            7.625,
            5.625,
            8
          ],
          "texture": "#0"
        },
        "up": {
          "uv": [
            4.375,
            7.625,
            4,
            6.375
          ],
          "texture": "#0"
        },
        "down": {
          "uv": [
            4.75,
            6.375,
            4.375,
            7.625
          ],
          "texture": "#0"
        }
      }
    },
    {
      "name": "bone",
      "from": [
        16.25,
        8,
        0
      ],
      "to": [
        17.25,
        9,
        14
      ],
      "rotation": {
        "angle": 22.5,
        "axis": "y",
        "origin": [
          16.25,
          7,
          8
        ]
      },
      "faces": {
        "north": {
          "uv": [
            2.5,
            8,
            2.625,
            8.125
          ],
          "texture": "#0"
        },
        "east": {
          "uv": [
            0.75,
            8,
            2.5,
            8.125
          ],
          "texture": "#0"
        },
        "south": {
          "uv": [
            4.375,
            8,
            4.5,
            8.125
          ],
          "texture": "#0"
        },
        "west": {
          "uv": [
            2.625,
            8,
            4.375,
            8.125
          ],
          "texture": "#0"
        },
        "up": {
          "uv": [
            2.625,
            8,
            2.5,
            6.25
          ],
          "texture": "#0"
        },
        "down": {
          "uv": [
            2.75,
            6.25,
            2.625,
            8
          ],
          "texture": "#0"
        }
      }
    },
    {
      "name": "bone",
      "from": [
        -1,
        8,
        1
      ],
      "to": [
        7,
        9,
        13
      ],
      "rotation": {
        "angle": 22.5,
        "axis": "y",
        "origin": [
          3,
          8,
          8
        ]
      },
      "faces": {
        "north": {
          "uv": [
            1.5,
            6.125,
            2.5,
            6.25
          ],
          "texture": "#0"
        },
        "east": {
          "uv": [
            0,
            6.125,
            1.5,
            6.25
          ],
          "texture": "#0"
        },
        "south": {
          "uv": [
            4,
            6.125,
            5,
            6.25
          ],
          "texture": "#0"
        },
        "west": {
          "uv": [
            2.5,
            6.125,
            4,
            6.25
          ],
          "texture": "#0"
        },
        "up": {
          "uv": [
            2.5,
            6.125,
            1.5,
            4.625
          ],
          "texture": "#0"
        },
        "down": {
          "uv": [
            3.5,
            4.625,
            2.5,
            6.125
          ],
          "texture": "#0"
        }
      }
    },
    {
      "name": "bone",
      "from": [
        -1,
        9,
        2
      ],
      "to": [
        7,
        10,
        14
      ],
      "rotation": {
        "angle": 0,
        "axis": "y",
        "origin": [
          3,
          9,
          9
        ]
      },
      "faces": {
        "north": {
          "uv": [
            1.5,
            6.125,
            2.5,
            6.25
          ],
          "texture": "#0"
        },
        "east": {
          "uv": [
            0,
            6.125,
            1.5,
            6.25
          ],
          "texture": "#0"
        },
        "south": {
          "uv": [
            4,
            6.125,
            5,
            6.25
          ],
          "texture": "#0"
        },
        "west": {
          "uv": [
            2.5,
            6.125,
            4,
            6.25
          ],
          "texture": "#0"
        },
        "up": {
          "uv": [
            2.5,
            6.125,
            1.5,
            4.625
          ],
          "texture": "#0"
        },
        "down": {
          "uv": [
            3.5,
            4.625,
            2.5,
            6.125
          ],
          "texture": "#0"
        }
      }
    },
    {
      "from": [
        -4,
        5,
        0
      ],
      "to": [
        20,
        7,
        16
      ],
      "rotation": {
        "angle": 0,
        "axis": "y",
        "origin": [
          18,
          -1,
          0
        ]
      },
      "faces": {
        "north": {
          "uv": [
            2,
            4.375,
            5,
            4.625
          ],
          "texture": "#0"
        },
        "east": {
          "uv": [
            0,
            4.375,
            2,
            4.625
          ],
          "texture": "#0"
        },
        "south": {
          "uv": [
            7,
            4.375,
            10,
            4.625
          ],
          "texture": "#0"
        },
        "west": {
          "uv": [
            5,
            4.375,
            7,
            4.625
          ],
          "texture": "#0"
        },
        "up": {
          "uv": [
            5,
            4.375,
            2,
            2.375
          ],
          "texture": "#0"
        },
        "down": {
          "uv": [
            8,
            2.375,
            5,
            4.375
          ],
          "texture": "#0"
        }
      }
    },
    {
      "from": [
        19,
        4,
        12
      ],
      "to": [
        22,
        13,
        15
      ],
      "rotation": {
        "angle": 0,
        "axis": "y",
        "origin": [
          18,
          4,
          11
        ]
      },
      "faces": {
        "north": {
          "uv": [
            0.375,
            5,
            0.75,
            6.125
          ],
          "texture": "#0"
        },
        "east": {
          "uv": [
            0,
            5,
            0.375,
            6.125
          ],
          "texture": "#0"
        },
        "south": {
          "uv": [
            1.125,
            5,
            1.5,
            6.125
          ],
          "texture": "#0"
        },
        "west": {
          "uv": [
            0.75,
            5,
            1.125,
            6.125
          ],
          "texture": "#0"
        },
        "up": {
          "uv": [
            0.75,
            5,
            0.375,
            4.625
          ],
          "texture": "#0"
        },
        "down": {
          "uv": [
            1.125,
            4.625,
            0.75,
            5
          ],
          "texture": "#0"
        }
      }
    },
    {
      "from": [
        18,
        0,
        11
      ],
      "to": [
        23,
        4,
        16
      ],
      "rotation": {
        "angle": 0,
        "axis": "y",
        "origin": [
          18,
          0,
          11
        ]
      },
      "faces": {
        "north": {
          "uv": [
            0.625,
            6.875,
            1.25,
            7.375
          ],
          "texture": "#0"
        },
        "east": {
          "uv": [
            0,
            6.875,
            0.625,
            7.375
          ],
          "texture": "#0"
        },
        "south": {
          "uv": [
            1.875,
            6.875,
            2.5,
            7.375
          ],
          "texture": "#0"
        },
        "west": {
          "uv": [
            1.25,
            6.875,
            1.875,
            7.375
          ],
          "texture": "#0"
        },
        "up": {
          "uv": [
            1.25,
            6.875,
            0.625,
            6.25
          ],
          "texture": "#0"
        },
        "down": {
          "uv": [
            1.875,
            6.25,
            1.25,
            6.875
          ],
          "texture": "#0"
        }
      }
    },
    {
      "from": [
        -7,
        0,
        11
      ],
      "to": [
        -2,
        4,
        16
      ],
      "rotation": {
        "angle": 0,
        "axis": "y",
        "origin": [
          -2,
          0,
          11
        ]
      },
      "faces": {
        "north": {
          "uv": [
            0.625,
            6.875,
            1.25,
            7.375
          ],
          "texture": "#0"
        },
        "east": {
          "uv": [
            0,
            6.875,
            0.625,
            7.375
          ],
          "texture": "#0"
        },
        "south": {
          "uv": [
            1.875,
            6.875,
            2.5,
            7.375
          ],
          "texture": "#0"
        },
        "west": {
          "uv": [
            1.25,
            6.875,
            1.875,
            7.375
          ],
          "texture": "#0"
        },
        "up": {
          "uv": [
            1.25,
            6.875,
            0.625,
            6.25
          ],
          "texture": "#0"
        },
        "down": {
          "uv": [
            1.875,
            6.25,
            1.25,
            6.875
          ],
          "texture": "#0"
        }
      }
    },
    {
      "from": [
        -6,
        4,
        12
      ],
      "to": [
        -3,
        13,
        15
      ],
      "rotation": {
        "angle": 0,
        "axis": "y",
        "origin": [
          -2,
          4,
          11
        ]
      },
      "faces": {
        "north": {
          "uv": [
            0.375,
            5,
            0.75,
            6.125
          ],
          "texture": "#0"
        },
        "east": {
          "uv": [
            0,
            5,
            0.375,
            6.125
          ],
          "texture": "#0"
        },
        "south": {
          "uv": [
            1.125,
            5,
            1.5,
            6.125
          ],
          "texture": "#0"
        },
        "west": {
          "uv": [
            0.75,
            5,
            1.125,
            6.125
          ],
          "texture": "#0"
        },
        "up": {
          "uv": [
            0.75,
            5,
            0.375,
            4.625
          ],
          "texture": "#0"
        },
        "down": {
          "uv": [
            1.125,
            4.625,
            0.75,
            5
          ],
          "texture": "#0"
        }
      }
    },
    {
      "from": [
        -7,
        0,
        0
      ],
      "to": [
        -2,
        4,
        5
      ],
      "rotation": {
        "angle": 0,
        "axis": "y",
        "origin": [
          -2,
          0,
          0
        ]
      },
      "faces": {
        "north": {
          "uv": [
            0.625,
            6.875,
            1.25,
            7.375
          ],
          "texture": "#0"
        },
        "east": {
          "uv": [
            0,
            6.875,
            0.625,
            7.375
          ],
          "texture": "#0"
        },
        "south": {
          "uv": [
            1.875,
            6.875,
            2.5,
            7.375
          ],
          "texture": "#0"
        },
        "west": {
          "uv": [
            1.25,
            6.875,
            1.875,
            7.375
          ],
          "texture": "#0"
        },
        "up": {
          "uv": [
            1.25,
            6.875,
            0.625,
            6.25
          ],
          "texture": "#0"
        },
        "down": {
          "uv": [
            1.875,
            6.25,
            1.25,
            6.875
          ],
          "texture": "#0"
        }
      }
    },
    {
      "from": [
        -6,
        4,
        1
      ],
      "to": [
        -3,
        13,
        4
      ],
      "rotation": {
        "angle": 0,
        "axis": "y",
        "origin": [
          -2,
          4,
          0
        ]
      },
      "faces": {
        "north": {
          "uv": [
            0.375,
            5,
            0.75,
            6.125
          ],
          "texture": "#0"
        },
        "east": {
          "uv": [
            0,
            5,
            0.375,
            6.125
          ],
          "texture": "#0"
        },
        "south": {
          "uv": [
            1.125,
            5,
            1.5,
            6.125
          ],
          "texture": "#0"
        },
        "west": {
          "uv": [
            0.75,
            5,
            1.125,
            6.125
          ],
          "texture": "#0"
        },
        "up": {
          "uv": [
            0.75,
            5,
            0.375,
            4.625
          ],
          "texture": "#0"
        },
        "down": {
          "uv": [
            1.125,
            4.625,
            0.75,
            5
          ],
          "texture": "#0"
        }
      }
    }
  ],
  "display": {
    "thirdperson_righthand": {
      "scale": [
        0.3,
        0.3,
        0.3
      ]
    },
    "thirdperson_lefthand": {
      "scale": [
        0.3,
        0.3,
        0.3
      ]
    },
    "firstperson_righthand": {
      "scale": [
        0.3,
        0.3,
        0.3
      ]
    },
    "firstperson_lefthand": {
      "scale": [
        0.3,
        0.3,
        0.3
      ]
    },
    "ground": {
      "scale": [
        0.3,
        0.3,
        0.3
      ]
    },
    "gui": {
      "rotation": [
        -140,
        -29,
        180
      ],
      "translation": [
        0,
        -1,
        0
      ],
      "scale": [
        0.45,
        0.45,
        0.45
      ]
    },
    "fixed": {
      "rotation": [
        -43.5,
        0,
        0
      ],
      "scale": [
        0.4,
        0.4,
        0.4
      ]
    }
  }
}