{
  "credit": "Made with Blockbench",
  "parent": "CoelacanthFossilStatueA",
  "texture_size": [
    128,
    128
  ],
  "elements": [
    {
      "from": [
        -8,
        0,
        14
      ],
      "to": [
        24,
        16,
        16
      ],
      "rotation": {
        "angle": 0,
        "axis": "y",
        "origin": [
          8,
          0,
          8
        ]
      },
      "faces": {
        "north": {
          "uv": [
            0.25,
            0.25,
            4.25,
            2.25
          ],
          "texture": "#0"
        },
        "east": {
          "uv": [
            0,
            0.25,
            0.25,
            2.25
          ],
          "texture": "#0"
        },
        "south": {
          "uv": [
            4.5,
            0.25,
            8.5,
            2.25
          ],
          "texture": "#0"
        },
        "west": {
          "uv": [
            4.25,
            0.25,
            4.5,
            2.25
          ],
          "texture": "#0"
        },
        "up": {
          "uv": [
            4.25,
            0.25,
            0.25,
            0
          ],
          "texture": "#0"
        },
        "down": {
          "uv": [
            8.25,
            0,
            4.25,
            0.25
          ],
          "texture": "#0"
        }
      }
    },
    {
      "from": [
        11,
        4,
        13
      ],
      "to": [
        18,
        12,
        14
      ],
      "rotation": {
        "angle": 0,
        "axis": "y",
        "origin": [
          8.5,
          8,
          5
        ]
      },
      "faces": {
        "north": {
          "uv": [
            2.25,
            2.5,
            3.125,
            3.5
          ],
          "texture": "#0"
        },
        "east": {
          "uv": [
            2.125,
            2.5,
            2.25,
            3.5
          ],
          "texture": "#0"
        },
        "south": {
          "uv": [
            3.25,
            2.5,
            4.125,
            3.5
          ],
          "texture": "#0"
        },
        "west": {
          "uv": [
            3.125,
            2.5,
            3.25,
            3.5
          ],
          "texture": "#0"
        },
        "up": {
          "uv": [
            3.125,
            2.5,
            2.25,
            2.375
          ],
          "texture": "#0"
        },
        "down": {
          "uv": [
            4,
            2.375,
            3.125,
            2.5
          ],
          "texture": "#0"
        }
      }
    },
    {
      "from": [
        4,
        4.5,
        13.1
      ],
      "to": [
        11,
        11.5,
        14.1
      ],
      "rotation": {
        "angle": 0,
        "axis": "y",
        "origin": [
          8.5,
          8,
          5
        ]
      },
      "faces": {
        "north": {
          "uv": [
            0.25,
            2.625,
            1.125,
            3.5
          ],
          "texture": "#0"
        },
        "east": {
          "uv": [
            0.125,
            2.625,
            0.25,
            3.5
          ],
          "texture": "#0"
        },
        "south": {
          "uv": [
            1.25,
            2.625,
            2.125,
            3.5
          ],
          "texture": "#0"
        },
        "west": {
          "uv": [
            1.125,
            2.625,
            1.25,
            3.5
          ],
          "texture": "#0"
        },
        "up": {
          "uv": [
            1.125,
            2.625,
            0.25,
            2.5
          ],
          "texture": "#0"
        },
        "down": {
          "uv": [
            2,
            2.5,
            1.125,
            2.625
          ],
          "texture": "#0"
        }
      }
    },
    {
      "from": [
        -2,
        5,
        13.2
      ],
      "to": [
        4,
        11,
        14.2
      ],
      "rotation": {
        "angle": 0,
        "axis": "y",
        "origin": [
          8.5,
          8,
          5
        ]
      },
      "faces": {
        "north": {
          "uv": [
            4.25,
            2.75,
            5,
            3.5
          ],
          "texture": "#0"
        },
        "east": {
          "uv": [
            4.125,
            2.75,
            4.25,
            3.5
          ],
          "texture": "#0"
        },
        "south": {
          "uv": [
            5.125,
            2.75,
            5.875,
            3.5
          ],
          "texture": "#0"
        },
        "west": {
          "uv": [
            5,
            2.75,
            5.125,
            3.5
          ],
          "texture": "#0"
        },
        "up": {
          "uv": [
            5,
            2.75,
            4.25,
            2.625
          ],
          "texture": "#0"
        },
        "down": {
          "uv": [
            5.75,
            2.625,
            5,
            2.75
          ],
          "texture": "#0"
        }
      }
    },
    {
      "from": [
        18,
        5,
        13.1
      ],
      "to": [
        22,
        11,
        14.1
      ],
      "rotation": {
        "angle": 0,
        "axis": "y",
        "origin": [
          8.5,
          8,
          5
        ]
      },
      "faces": {
        "north": {
          "uv": [
            6,
            3,
            6.5,
            3.75
          ],
          "texture": "#0"
        },
        "east": {
          "uv": [
            5.875,
            3,
            6,
            3.75
          ],
          "texture": "#0"
        },
        "south": {
          "uv": [
            6.625,
            3,
            7.125,
            3.75
          ],
          "texture": "#0"
        },
        "west": {
          "uv": [
            6.5,
            3,
            6.625,
            3.75
          ],
          "texture": "#0"
        },
        "up": {
          "uv": [
            6.5,
            3,
            6,
            2.875
          ],
          "texture": "#0"
        },
        "down": {
          "uv": [
            7,
            2.875,
            6.5,
            3
          ],
          "texture": "#0"
        }
      }
    }
  ],
  "display": {},
  "groups": [
    0,
    {
      "name": "bone",
      "origin": [
        9,
        7.5,
        7
      ],
      "color": 0,
      "nbt": "{}",
      "children": [
        1,
        2,
        3,
        4
      ]
    }
  ]
}