{
  "credit": "Made with Blockbench",
  "texture_size": [
    128,
    128
  ],
  "elements": [
    {
      "name": "head",
      "from": [
        6,
        20,
        -1
      ],
      "to": [
        10,
        23,
        0
      ],
      "faces": {
        "north": {
          "uv": [
            1,
            3.75,
            1.5,
            4.125
          ],
          "texture": "#0"
        },
        "east": {
          "uv": [
            0.875,
            3.75,
            1,
            4.125
          ],
          "texture": "#0"
        },
        "south": {
          "uv": [
            1.625,
            3.75,
            2.125,
            4.125
          ],
          "texture": "#0"
        },
        "west": {
          "uv": [
            1.5,
            3.75,
            1.625,
            4.125
          ],
          "texture": "#0"
        },
        "up": {
          "uv": [
            1.5,
            3.75,
            1,
            3.625
          ],
          "texture": "#0"
        },
        "down": {
          "uv": [
            2,
            3.625,
            1.5,
            3.75
          ],
          "texture": "#0"
        }
      }
    },
    {
      "name": "head",
      "from": [
        6,
        18,
        -5
      ],
      "to": [
        10,
        24,
        -1
      ],
      "faces": {
        "north": {
          "uv": [
            0.5,
            0.5,
            1,
            1.25
          ],
          "texture": "#0"
        },
        "east": {
          "uv": [
            0,
            0.5,
            0.5,
            1.25
          ],
          "texture": "#0"
        },
        "south": {
          "uv": [
            1.5,
            0.5,
            2,
            1.25
          ],
          "texture": "#0"
        },
        "west": {
          "uv": [
            1,
            0.5,
            1.5,
            1.25
          ],
          "texture": "#0"
        },
        "up": {
          "uv": [
            1,
            0.5,
            0.5,
            0
          ],
          "texture": "#0"
        },
        "down": {
          "uv": [
            1.5,
            0,
            1,
            0.5
          ],
          "texture": "#0"
        }
      }
    },
    {
      "name": "head",
      "from": [
        7,
        18,
        2
      ],
      "to": [
        9,
        19,
        6
      ],
      "rotation": {
        "angle": -45,
        "axis": "x",
        "origin": [
          8,
          18,
          6
        ]
      },
      "faces": {
        "north": {
          "uv": [
            0.5,
            4.875,
            0.75,
            5
          ],
          "texture": "#0"
        },
        "east": {
          "uv": [
            0,
            4.875,
            0.5,
            5
          ],
          "texture": "#0"
        },
        "south": {
          "uv": [
            1.25,
            4.875,
            1.5,
            5
          ],
          "texture": "#0"
        },
        "west": {
          "uv": [
            0.75,
            4.875,
            1.25,
            5
          ],
          "texture": "#0"
        },
        "up": {
          "uv": [
            0.75,
            4.875,
            0.5,
            4.375
          ],
          "texture": "#0"
        },
        "down": {
          "uv": [
            1,
            4.375,
            0.75,
            4.875
          ],
          "texture": "#0"
        }
      }
    },
    {
      "name": "head",
      "from": [
        5,
        18,
        0
      ],
      "to": [
        11,
        25,
        6
      ],
      "faces": {
        "north": {
          "uv": [
            5.375,
            4.625,
            6.125,
            5.5
          ],
          "texture": "#0"
        },
        "east": {
          "uv": [
            4.625,
            4.625,
            5.375,
            5.5
          ],
          "texture": "#0"
        },
        "south": {
          "uv": [
            6.875,
            4.625,
            7.625,
            5.5
          ],
          "texture": "#0"
        },
        "west": {
          "uv": [
            6.125,
            4.625,
            6.875,
            5.5
          ],
          "texture": "#0"
        },
        "up": {
          "uv": [
            6.125,
            4.625,
            5.375,
            3.875
          ],
          "texture": "#0"
        },
        "down": {
          "uv": [
            6.875,
            3.875,
            6.125,
            4.625
          ],
          "texture": "#0"
        }
      }
    },
    {
      "name": "body",
      "from": [
        7,
        14.9,
        2.4
      ],
      "to": [
        9,
        15.9,
        19.4
      ],
      "faces": {
        "north": {
          "uv": [
            2.125,
            5.625,
            2.375,
            5.75
          ],
          "texture": "#0"
        },
        "east": {
          "uv": [
            0,
            5.625,
            2.125,
            5.75
          ],
          "texture": "#0"
        },
        "south": {
          "uv": [
            4.5,
            5.625,
            4.75,
            5.75
          ],
          "texture": "#0"
        },
        "west": {
          "uv": [
            2.375,
            5.625,
            4.5,
            5.75
          ],
          "texture": "#0"
        },
        "up": {
          "uv": [
            2.375,
            5.625,
            2.125,
            3.5
          ],
          "texture": "#0"
        },
        "down": {
          "uv": [
            2.625,
            3.5,
            2.375,
            5.625
          ],
          "texture": "#0"
        }
      }
    },
    {
      "name": "body",
      "from": [
        7,
        4.9,
        0.4
      ],
      "to": [
        9,
        6.9,
        7.4
      ],
      "faces": {
        "north": {
          "uv": [
            0.875,
            6.625,
            1.125,
            6.875
          ],
          "texture": "#0"
        },
        "east": {
          "uv": [
            0,
            6.625,
            0.875,
            6.875
          ],
          "texture": "#0"
        },
        "south": {
          "uv": [
            2,
            6.625,
            2.25,
            6.875
          ],
          "texture": "#0"
        },
        "west": {
          "uv": [
            1.125,
            6.625,
            2,
            6.875
          ],
          "texture": "#0"
        },
        "up": {
          "uv": [
            1.125,
            6.625,
            0.875,
            5.75
          ],
          "texture": "#0"
        },
        "down": {
          "uv": [
            1.375,
            5.75,
            1.125,
            6.625
          ],
          "texture": "#0"
        }
      }
    },
    {
      "name": "body",
      "from": [
        3,
        13.4,
        13.4
      ],
      "to": [
        13,
        15.4,
        17.4
      ],
      "faces": {
        "north": {
          "uv": [
            4.75,
            6,
            6,
            6.25
          ],
          "texture": "#0"
        },
        "east": {
          "uv": [
            4.25,
            6,
            4.75,
            6.25
          ],
          "texture": "#0"
        },
        "south": {
          "uv": [
            6.5,
            6,
            7.75,
            6.25
          ],
          "texture": "#0"
        },
        "west": {
          "uv": [
            6,
            6,
            6.5,
            6.25
          ],
          "texture": "#0"
        },
        "up": {
          "uv": [
            6,
            6,
            4.75,
            5.5
          ],
          "texture": "#0"
        },
        "down": {
          "uv": [
            7.25,
            5.5,
            6,
            6
          ],
          "texture": "#0"
        }
      }
    },
    {
      "name": "body",
      "from": [
        2,
        6.5,
        1
      ],
      "to": [
        2,
        15.5,
        12
      ],
      "faces": {
        "north": {
          "uv": [
            4,
            3.5,
            4,
            4.625
          ],
          "texture": "#0"
        },
        "east": {
          "uv": [
            2.625,
            3.5,
            4,
            4.625
          ],
          "texture": "#0"
        },
        "south": {
          "uv": [
            5.375,
            3.5,
            5.375,
            4.625
          ],
          "texture": "#0"
        },
        "west": {
          "uv": [
            4,
            3.5,
            5.375,
            4.625
          ],
          "texture": "#0"
        },
        "up": {
          "uv": [
            4,
            3.5,
            4,
            2.125
          ],
          "texture": "#0"
        },
        "down": {
          "uv": [
            4,
            2.125,
            4,
            3.5
          ],
          "texture": "#0"
        }
      }
    },
    {
      "name": "body",
      "from": [
        14,
        6.5,
        1
      ],
      "to": [
        14,
        15.5,
        12
      ],
      "rotation": {
        "angle": 0,
        "axis": "y",
        "origin": [
          16,
          0,
          0
        ]
      },
      "faces": {
        "north": {
          "uv": [
            4,
            3.5,
            4,
            4.625
          ],
          "texture": "#0"
        },
        "east": {
          "uv": [
            5.375,
            3.5,
            4,
            4.625
          ],
          "texture": "#0"
        },
        "south": {
          "uv": [
            5.375,
            3.5,
            5.375,
            4.625
          ],
          "texture": "#0"
        },
        "west": {
          "uv": [
            4,
            3.5,
            2.625,
            4.625
          ],
          "texture": "#0"
        },
        "up": {
          "uv": [
            4,
            3.5,
            4,
            2.125
          ],
          "texture": "#0"
        },
        "down": {
          "uv": [
            4,
            2.125,
            4,
            3.5
          ],
          "texture": "#0"
        }
      }
    },
    {
      "name": "body",
      "from": [
        2,
        15.5,
        1
      ],
      "to": [
        14,
        15.5,
        12
      ],
      "faces": {
        "north": {
          "uv": [
            4.375,
            3.5,
            5.875,
            3.5
          ],
          "texture": "#0"
        },
        "east": {
          "uv": [
            3,
            3.5,
            4.375,
            3.5
          ],
          "texture": "#0"
        },
        "south": {
          "uv": [
            7.25,
            3.5,
            8.75,
            3.5
          ],
          "texture": "#0"
        },
        "west": {
          "uv": [
            5.875,
            3.5,
            7.25,
            3.5
          ],
          "texture": "#0"
        },
        "up": {
          "uv": [
            5.875,
            3.5,
            4.375,
            2.125
          ],
          "texture": "#0"
        },
        "down": {
          "uv": [
            7.375,
            2.125,
            5.875,
            3.5
          ],
          "texture": "#0"
        }
      }
    },
    {
      "name": "body",
      "from": [
        2,
        6.5,
        1
      ],
      "to": [
        14,
        6.5,
        12
      ],
      "faces": {
        "north": {
          "uv": [
            1.375,
            3.5,
            2.875,
            3.5
          ],
          "texture": "#0"
        },
        "east": {
          "uv": [
            0,
            3.5,
            1.375,
            3.5
          ],
          "texture": "#0"
        },
        "south": {
          "uv": [
            4.25,
            3.5,
            5.75,
            3.5
          ],
          "texture": "#0"
        },
        "west": {
          "uv": [
            2.875,
            3.5,
            4.25,
            3.5
          ],
          "texture": "#0"
        },
        "up": {
          "uv": [
            2.875,
            3.5,
            1.375,
            2.125
          ],
          "texture": "#0"
        },
        "down": {
          "uv": [
            4.375,
            2.125,
            2.875,
            3.5
          ],
          "texture": "#0"
        }
      }
    },
    {
      "name": "floor",
      "from": [
        0,
        0,
        0
      ],
      "to": [
        16,
        1,
        16
      ],
      "faces": {
        "north": {
          "uv": [
            2,
            2,
            4,
            2.125
          ],
          "texture": "#0"
        },
        "east": {
          "uv": [
            0,
            2,
            2,
            2.125
          ],
          "texture": "#0"
        },
        "south": {
          "uv": [
            6,
            2,
            8,
            2.125
          ],
          "texture": "#0"
        },
        "west": {
          "uv": [
            4,
            2,
            6,
            2.125
          ],
          "texture": "#0"
        },
        "up": {
          "uv": [
            4,
            2,
            2,
            0
          ],
          "texture": "#0"
        },
        "down": {
          "uv": [
            6,
            0,
            4,
            2
          ],
          "texture": "#0"
        }
      }
    },
    {
      "name": "right_leg",
      "from": [
        12.25,
        1,
        13
      ],
      "to": [
        13.25,
        2,
        15
      ],
      "rotation": {
        "angle": 0,
        "axis": "y",
        "origin": [
          16,
          0,
          0
        ]
      },
      "faces": {
        "north": {
          "uv": [
            2.875,
            4.875,
            3,
            5
          ],
          "texture": "#0"
        },
        "east": {
          "uv": [
            2.625,
            4.875,
            2.875,
            5
          ],
          "texture": "#0"
        },
        "south": {
          "uv": [
            3.25,
            4.875,
            3.375,
            5
          ],
          "texture": "#0"
        },
        "west": {
          "uv": [
            3,
            4.875,
            3.25,
            5
          ],
          "texture": "#0"
        },
        "up": {
          "uv": [
            3,
            4.875,
            2.875,
            4.625
          ],
          "texture": "#0"
        },
        "down": {
          "uv": [
            3.125,
            4.625,
            3,
            4.875
          ],
          "texture": "#0"
        }
      }
    },
    {
      "name": "left_leg",
      "from": [
        1.75,
        1,
        8
      ],
      "to": [
        4.75,
        2,
        13
      ],
      "faces": {
        "north": {
          "uv": [
            0.625,
            1.875,
            1,
            2
          ],
          "texture": "#0"
        },
        "east": {
          "uv": [
            0,
            1.875,
            0.625,
            2
          ],
          "texture": "#0"
        },
        "south": {
          "uv": [
            1.625,
            1.875,
            2,
            2
          ],
          "texture": "#0"
        },
        "west": {
          "uv": [
            1,
            1.875,
            1.625,
            2
          ],
          "texture": "#0"
        },
        "up": {
          "uv": [
            1,
            1.875,
            0.625,
            1.25
          ],
          "texture": "#0"
        },
        "down": {
          "uv": [
            1.375,
            1.25,
            1,
            1.875
          ],
          "texture": "#0"
        }
      }
    },
    {
      "name": "left_leg",
      "from": [
        2.75,
        1,
        13
      ],
      "to": [
        3.75,
        2,
        15
      ],
      "faces": {
        "north": {
          "uv": [
            3,
            4.875,
            2.875,
            5
          ],
          "texture": "#0"
        },
        "east": {
          "uv": [
            3.25,
            4.875,
            3,
            5
          ],
          "texture": "#0"
        },
        "south": {
          "uv": [
            3.375,
            4.875,
            3.25,
            5
          ],
          "texture": "#0"
        },
        "west": {
          "uv": [
            2.875,
            4.875,
            2.625,
            5
          ],
          "texture": "#0"
        },
        "up": {
          "uv": [
            2.875,
            4.875,
            3,
            4.625
          ],
          "texture": "#0"
        },
        "down": {
          "uv": [
            3,
            4.625,
            3.125,
            4.875
          ],
          "texture": "#0"
        }
      }
    },
    {
      "name": "left_wing",
      "from": [
        0.75,
        11.6,
        1.85
      ],
      "to": [
        1.75,
        12.6,
        6.85
      ],
      "faces": {
        "north": {
          "uv": [
            0.625,
            3.5,
            0.75,
            3.625
          ],
          "texture": "#0"
        },
        "east": {
          "uv": [
            0,
            3.5,
            0.625,
            3.625
          ],
          "texture": "#0"
        },
        "south": {
          "uv": [
            1.375,
            3.5,
            1.5,
            3.625
          ],
          "texture": "#0"
        },
        "west": {
          "uv": [
            0.75,
            3.5,
            1.375,
            3.625
          ],
          "texture": "#0"
        },
        "up": {
          "uv": [
            0.75,
            3.5,
            0.625,
            2.875
          ],
          "texture": "#0"
        },
        "down": {
          "uv": [
            0.875,
            2.875,
            0.75,
            3.5
          ],
          "texture": "#0"
        }
      }
    },
    {
      "name": "left_wing",
      "from": [
        0.75,
        5.6,
        0.85
      ],
      "to": [
        1.75,
        12.6,
        1.85
      ],
      "rotation": {
        "angle": -45,
        "axis": "x",
        "origin": [
          0.75,
          12.6,
          1.85
        ]
      },
      "faces": {
        "north": {
          "uv": [
            1.75,
            4.25,
            1.625,
            5.125
          ],
          "texture": "#0"
        },
        "east": {
          "uv": [
            1.875,
            4.25,
            1.75,
            5.125
          ],
          "texture": "#0"
        },
        "south": {
          "uv": [
            2,
            4.25,
            1.875,
            5.125
          ],
          "texture": "#0"
        },
        "west": {
          "uv": [
            1.625,
            4.25,
            1.5,
            5.125
          ],
          "texture": "#0"
        },
        "up": {
          "uv": [
            1.625,
            4.25,
            1.75,
            4.125
          ],
          "texture": "#0"
        },
        "down": {
          "uv": [
            1.75,
            4.125,
            1.875,
            4.25
          ],
          "texture": "#0"
        }
      }
    },
    {
      "name": "left_wing",
      "from": [
        2.75,
        13,
        12
      ],
      "to": [
        3.75,
        14,
        17
      ],
      "rotation": {
        "angle": -22.5,
        "axis": "x",
        "origin": [
          3,
          14,
          17
        ]
      },
      "faces": {
        "north": {
          "uv": [
            0.75,
            4.25,
            0.625,
            4.375
          ],
          "texture": "#0"
        },
        "east": {
          "uv": [
            1.375,
            4.25,
            0.75,
            4.375
          ],
          "texture": "#0"
        },
        "south": {
          "uv": [
            1.5,
            4.25,
            1.375,
            4.375
          ],
          "texture": "#0"
        },
        "west": {
          "uv": [
            0.625,
            4.25,
            0,
            4.375
          ],
          "texture": "#0"
        },
        "up": {
          "uv": [
            0.625,
            4.25,
            0.75,
            3.625
          ],
          "texture": "#0"
        },
        "down": {
          "uv": [
            0.75,
            3.625,
            0.875,
            4.25
          ],
          "texture": "#0"
        }
      }
    },
    {
      "name": "left_wing",
      "from": [
        0.75,
        11,
        4
      ],
      "to": [
        1.75,
        14,
        5
      ],
      "rotation": {
        "angle": -45,
        "axis": "x",
        "origin": [
          1,
          14,
          4
        ]
      },
      "faces": {
        "north": {
          "uv": [
            0.125,
            0.125,
            0.25,
            0.5
          ],
          "texture": "#0"
        },
        "east": {
          "uv": [
            0,
            0.125,
            0.125,
            0.5
          ],
          "texture": "#0"
        },
        "south": {
          "uv": [
            0.375,
            0.125,
            0.5,
            0.5
          ],
          "texture": "#0"
        },
        "west": {
          "uv": [
            0.25,
            0.125,
            0.375,
            0.5
          ],
          "texture": "#0"
        },
        "up": {
          "uv": [
            0.25,
            0.125,
            0.125,
            0
          ],
          "texture": "#0"
        },
        "down": {
          "uv": [
            0.375,
            0,
            0.25,
            0.125
          ],
          "texture": "#0"
        }
      }
    },
    {
      "name": "left_wing",
      "from": [
        2.75,
        1,
        14.55
      ],
      "to": [
        3.75,
        7,
        15.55
      ],
      "rotation": {
        "angle": 22.5,
        "axis": "x",
        "origin": [
          2.75,
          7,
          15.55
        ]
      },
      "faces": {
        "north": {
          "uv": [
            0.25,
            2.75,
            0.125,
            3.5
          ],
          "texture": "#0"
        },
        "east": {
          "uv": [
            0.375,
            2.75,
            0.25,
            3.5
          ],
          "texture": "#0"
        },
        "south": {
          "uv": [
            0.5,
            2.75,
            0.375,
            3.5
          ],
          "texture": "#0"
        },
        "west": {
          "uv": [
            0.125,
            2.75,
            0,
            3.5
          ],
          "texture": "#0"
        },
        "up": {
          "uv": [
            0.125,
            2.75,
            0.25,
            2.625
          ],
          "texture": "#0"
        },
        "down": {
          "uv": [
            0.25,
            2.625,
            0.375,
            2.75
          ],
          "texture": "#0"
        }
      }
    },
    {
      "name": "left_wing",
      "from": [
        2.75,
        6.1,
        12.35
      ],
      "to": [
        3.75,
        12.1,
        13.35
      ],
      "rotation": {
        "angle": -22.5,
        "axis": "x",
        "origin": [
          2.75,
          12.1,
          12.35
        ]
      },
      "faces": {
        "north": {
          "uv": [
            1.125,
            2.75,
            1,
            3.5
          ],
          "texture": "#0"
        },
        "east": {
          "uv": [
            1.25,
            2.75,
            1.125,
            3.5
          ],
          "texture": "#0"
        },
        "south": {
          "uv": [
            1.375,
            2.75,
            1.25,
            3.5
          ],
          "texture": "#0"
        },
        "west": {
          "uv": [
            1,
            2.75,
            0.875,
            3.5
          ],
          "texture": "#0"
        },
        "up": {
          "uv": [
            1,
            2.75,
            1.125,
            2.625
          ],
          "texture": "#0"
        },
        "down": {
          "uv": [
            1.125,
            2.625,
            1.25,
            2.75
          ],
          "texture": "#0"
        }
      }
    },
    {
      "name": "left_wing",
      "from": [
        0.75,
        14,
        3
      ],
      "to": [
        3.75,
        16,
        5
      ],
      "faces": {
        "north": {
          "uv": [
            0.625,
            2.375,
            0.25,
            2.625
          ],
          "texture": "#0"
        },
        "east": {
          "uv": [
            0.875,
            2.375,
            0.625,
            2.625
          ],
          "texture": "#0"
        },
        "south": {
          "uv": [
            1.25,
            2.375,
            0.875,
            2.625
          ],
          "texture": "#0"
        },
        "west": {
          "uv": [
            0.25,
            2.375,
            0,
            2.625
          ],
          "texture": "#0"
        },
        "up": {
          "uv": [
            0.25,
            2.375,
            0.625,
            2.125
          ],
          "texture": "#0"
        },
        "down": {
          "uv": [
            0.625,
            2.125,
            1,
            2.375
          ],
          "texture": "#0"
        }
      }
    },
    {
      "name": "right_wing",
      "from": [
        12.25,
        14,
        3
      ],
      "to": [
        15.25,
        16,
        5
      ],
      "rotation": {
        "angle": 0,
        "axis": "y",
        "origin": [
          16,
          0,
          0
        ]
      },
      "faces": {
        "north": {
          "uv": [
            0.25,
            2.375,
            0.625,
            2.625
          ],
          "texture": "#0"
        },
        "east": {
          "uv": [
            0,
            2.375,
            0.25,
            2.625
          ],
          "texture": "#0"
        },
        "south": {
          "uv": [
            0.875,
            2.375,
            1.25,
            2.625
          ],
          "texture": "#0"
        },
        "west": {
          "uv": [
            0.625,
            2.375,
            0.875,
            2.625
          ],
          "texture": "#0"
        },
        "up": {
          "uv": [
            0.625,
            2.375,
            0.25,
            2.125
          ],
          "texture": "#0"
        },
        "down": {
          "uv": [
            1,
            2.125,
            0.625,
            2.375
          ],
          "texture": "#0"
        }
      }
    },
    {
      "name": "right_wing",
      "from": [
        12.25,
        13,
        12
      ],
      "to": [
        13.25,
        14,
        17
      ],
      "rotation": {
        "angle": -22.5,
        "axis": "x",
        "origin": [
          13,
          14,
          17
        ]
      },
      "faces": {
        "north": {
          "uv": [
            0.625,
            4.25,
            0.75,
            4.375
          ],
          "texture": "#0"
        },
        "east": {
          "uv": [
            0,
            4.25,
            0.625,
            4.375
          ],
          "texture": "#0"
        },
        "south": {
          "uv": [
            1.375,
            4.25,
            1.5,
            4.375
          ],
          "texture": "#0"
        },
        "west": {
          "uv": [
            0.75,
            4.25,
            1.375,
            4.375
          ],
          "texture": "#0"
        },
        "up": {
          "uv": [
            0.75,
            4.25,
            0.625,
            3.625
          ],
          "texture": "#0"
        },
        "down": {
          "uv": [
            0.875,
            3.625,
            0.75,
            4.25
          ],
          "texture": "#0"
        }
      }
    },
    {
      "name": "right_wing",
      "from": [
        12.25,
        6.1,
        12.35
      ],
      "to": [
        13.25,
        12.1,
        13.35
      ],
      "rotation": {
        "angle": -22.5,
        "axis": "x",
        "origin": [
          13.25,
          12.1,
          12.35
        ]
      },
      "faces": {
        "north": {
          "uv": [
            1,
            2.75,
            1.125,
            3.5
          ],
          "texture": "#0"
        },
        "east": {
          "uv": [
            0.875,
            2.75,
            1,
            3.5
          ],
          "texture": "#0"
        },
        "south": {
          "uv": [
            1.25,
            2.75,
            1.375,
            3.5
          ],
          "texture": "#0"
        },
        "west": {
          "uv": [
            1.125,
            2.75,
            1.25,
            3.5
          ],
          "texture": "#0"
        },
        "up": {
          "uv": [
            1.125,
            2.75,
            1,
            2.625
          ],
          "texture": "#0"
        },
        "down": {
          "uv": [
            1.25,
            2.625,
            1.125,
            2.75
          ],
          "texture": "#0"
        }
      }
    },
    {
      "name": "right_wing",
      "from": [
        12.25,
        1,
        14.55
      ],
      "to": [
        13.25,
        7,
        15.55
      ],
      "rotation": {
        "angle": 22.5,
        "axis": "x",
        "origin": [
          13.25,
          7,
          15.55
        ]
      },
      "faces": {
        "north": {
          "uv": [
            0.125,
            2.75,
            0.25,
            3.5
          ],
          "texture": "#0"
        },
        "east": {
          "uv": [
            0,
            2.75,
            0.125,
            3.5
          ],
          "texture": "#0"
        },
        "south": {
          "uv": [
            0.375,
            2.75,
            0.5,
            3.5
          ],
          "texture": "#0"
        },
        "west": {
          "uv": [
            0.25,
            2.75,
            0.375,
            3.5
          ],
          "texture": "#0"
        },
        "up": {
          "uv": [
            0.25,
            2.75,
            0.125,
            2.625
          ],
          "texture": "#0"
        },
        "down": {
          "uv": [
            0.375,
            2.625,
            0.25,
            2.75
          ],
          "texture": "#0"
        }
      }
    },
    {
      "name": "right_wing",
      "from": [
        14.25,
        5.6,
        0.85
      ],
      "to": [
        15.25,
        12.6,
        1.85
      ],
      "rotation": {
        "angle": -45,
        "axis": "x",
        "origin": [
          15.25,
          12.6,
          1.85
        ]
      },
      "faces": {
        "north": {
          "uv": [
            1.625,
            4.25,
            1.75,
            5.125
          ],
          "texture": "#0"
        },
        "east": {
          "uv": [
            1.5,
            4.25,
            1.625,
            5.125
          ],
          "texture": "#0"
        },
        "south": {
          "uv": [
            1.875,
            4.25,
            2,
            5.125
          ],
          "texture": "#0"
        },
        "west": {
          "uv": [
            1.75,
            4.25,
            1.875,
            5.125
          ],
          "texture": "#0"
        },
        "up": {
          "uv": [
            1.75,
            4.25,
            1.625,
            4.125
          ],
          "texture": "#0"
        },
        "down": {
          "uv": [
            1.875,
            4.125,
            1.75,
            4.25
          ],
          "texture": "#0"
        }
      }
    },
    {
      "name": "right_wing",
      "from": [
        14.25,
        11,
        4
      ],
      "to": [
        15.25,
        14,
        5
      ],
      "rotation": {
        "angle": -45,
        "axis": "x",
        "origin": [
          15,
          14,
          4
        ]
      },
      "faces": {
        "north": {
          "uv": [
            0.25,
            0.125,
            0.125,
            0.5
          ],
          "texture": "#0"
        },
        "east": {
          "uv": [
            0.375,
            0.125,
            0.25,
            0.5
          ],
          "texture": "#0"
        },
        "south": {
          "uv": [
            0.5,
            0.125,
            0.375,
            0.5
          ],
          "texture": "#0"
        },
        "west": {
          "uv": [
            0.125,
            0.125,
            0,
            0.5
          ],
          "texture": "#0"
        },
        "up": {
          "uv": [
            0.125,
            0.125,
            0.25,
            0
          ],
          "texture": "#0"
        },
        "down": {
          "uv": [
            0.25,
            0,
            0.375,
            0.125
          ],
          "texture": "#0"
        }
      }
    },
    {
      "name": "right_leg",
      "from": [
        11.25,
        1,
        8
      ],
      "to": [
        14.25,
        2,
        13
      ],
      "rotation": {
        "angle": 0,
        "axis": "y",
        "origin": [
          16,
          0,
          0
        ]
      },
      "faces": {
        "north": {
          "uv": [
            1,
            1.875,
            0.625,
            2
          ],
          "texture": "#0"
        },
        "east": {
          "uv": [
            1.625,
            1.875,
            1,
            2
          ],
          "texture": "#0"
        },
        "south": {
          "uv": [
            2,
            1.875,
            1.625,
            2
          ],
          "texture": "#0"
        },
        "west": {
          "uv": [
            0.625,
            1.875,
            0,
            2
          ],
          "texture": "#0"
        },
        "up": {
          "uv": [
            0.625,
            1.875,
            1,
            1.25
          ],
          "texture": "#0"
        },
        "down": {
          "uv": [
            1,
            1.25,
            1.375,
            1.875
          ],
          "texture": "#0"
        }
      }
    },
    {
      "name": "right_wing",
      "from": [
        14.25,
        11.6,
        1.85
      ],
      "to": [
        15.25,
        12.6,
        6.85
      ],
      "rotation": {
        "angle": 0,
        "axis": "y",
        "origin": [
          16,
          0,
          0
        ]
      },
      "faces": {
        "north": {
          "uv": [
            0.75,
            3.5,
            0.625,
            3.625
          ],
          "texture": "#0"
        },
        "east": {
          "uv": [
            1.375,
            3.5,
            0.75,
            3.625
          ],
          "texture": "#0"
        },
        "south": {
          "uv": [
            1.5,
            3.5,
            1.375,
            3.625
          ],
          "texture": "#0"
        },
        "west": {
          "uv": [
            0.625,
            3.5,
            0,
            3.625
          ],
          "texture": "#0"
        },
        "up": {
          "uv": [
            0.625,
            3.5,
            0.75,
            2.875
          ],
          "texture": "#0"
        },
        "down": {
          "uv": [
            0.75,
            2.875,
            0.875,
            3.5
          ],
          "texture": "#0"
        }
      }
    }
  ]
}