{
  "credit": "Made with Blockbench",
  "texture_size": [
    64,
    64
  ],
  "elements": [
    {
      "from": [
        4,
        0,
        2.5
      ],
      "to": [
        12,
        6,
        13.5
      ],
      "rotation": {
        "angle": -22.5,
        "axis": "y",
        "origin": [
          8,
          0,
          8.5
        ]
      },
      "faces": {
        "north": {
          "uv": [
            2.75,
            2.75,
            4.75,
            4.25
          ],
          "texture": "#0"
        },
        "east": {
          "uv": [
            0,
            2.75,
            2.75,
            4.25
          ],
          "texture": "#0"
        },
        "south": {
          "uv": [
            7.5,
            2.75,
            9.5,
            4.25
          ],
          "texture": "#0"
        },
        "west": {
          "uv": [
            4.75,
            2.75,
            7.5,
            4.25
          ],
          "texture": "#0"
        },
        "up": {
          "uv": [
            4.75,
            2.75,
            2.75,
            0
          ],
          "texture": "#0"
        },
        "down": {
          "uv": [
            6.75,
            0,
            4.75,
            2.75
          ],
          "texture": "#0"
        }
      }
    },
    {
      "from": [
        4.5,
        5,
        2
      ],
      "to": [
        12.5,
        5,
        13
      ],
      "rotation": {
        "angle": -45,
        "axis": "y",
        "origin": [
          8.5,
          5,
          8
        ]
      },
      "faces": {
        "north": {
          "uv": [
            6.75,
            2.75,
            8.75,
            2.75
          ],
          "texture": "#0"
        },
        "east": {
          "uv": [
            4,
            2.75,
            6.75,
            2.75
          ],
          "texture": "#0"
        },
        "south": {
          "uv": [
            11.5,
            2.75,
            13.5,
            2.75
          ],
          "texture": "#0"
        },
        "west": {
          "uv": [
            8.75,
            2.75,
            11.5,
            2.75
          ],
          "texture": "#0"
        },
        "up": {
          "uv": [
            8.75,
            2.75,
            6.75,
            0
          ],
          "texture": "#0"
        },
        "down": {
          "uv": [
            10.75,
            0,
            8.75,
            2.75
          ],
          "texture": "#0"
        }
      }
    },
    {
      "from": [
        2.75,
        3,
        3.5
      ],
      "to": [
        10.75,
        3,
        14.5
      ],
      "rotation": {
        "angle": 0,
        "axis": "y",
        "origin": [
          6.75,
          3,
          9.5
        ]
      },
      "faces": {
        "north": {
          "uv": [
            6.75,
            2.75,
            8.75,
            2.75
          ],
          "texture": "#0"
        },
        "east": {
          "uv": [
            4,
            2.75,
            6.75,
            2.75
          ],
          "texture": "#0"
        },
        "south": {
          "uv": [
            11.5,
            2.75,
            13.5,
            2.75
          ],
          "texture": "#0"
        },
        "west": {
          "uv": [
            8.75,
            2.75,
            11.5,
            2.75
          ],
          "texture": "#0"
        },
        "up": {
          "uv": [
            8.75,
            2.75,
            6.75,
            0
          ],
          "texture": "#0"
        },
        "down": {
          "uv": [
            10.75,
            0,
            8.75,
            2.75
          ],
          "texture": "#0"
        }
      }
    },
    {
      "from": [
        4.75,
        1,
        1.25
      ],
      "to": [
        12.75,
        1,
        12.25
      ],
      "rotation": {
        "angle": 22.5,
        "axis": "y",
        "origin": [
          8.75,
          1,
          7.25
        ]
      },
      "faces": {
        "north": {
          "uv": [
            6.75,
            2.75,
            8.75,
            2.75
          ],
          "texture": "#0"
        },
        "east": {
          "uv": [
            4,
            2.75,
            6.75,
            2.75
          ],
          "texture": "#0"
        },
        "south": {
          "uv": [
            11.5,
            2.75,
            13.5,
            2.75
          ],
          "texture": "#0"
        },
        "west": {
          "uv": [
            8.75,
            2.75,
            11.5,
            2.75
          ],
          "texture": "#0"
        },
        "up": {
          "uv": [
            8.75,
            2.75,
            6.75,
            0
          ],
          "texture": "#0"
        },
        "down": {
          "uv": [
            10.75,
            0,
            8.75,
            2.75
          ],
          "texture": "#0"
        }
      }
    }
  ],
  "display": {
    "thirdperson_righthand": {
      "rotation": [
        39.05,
        72.49,
        27.32
      ],
      "translation": [
        -1,
        2.25,
        2.25
      ],
      "scale": [
        0.5,
        0.5,
        0.5
      ]
    },
    "thirdperson_lefthand": {
      "rotation": [
        39.05,
        72.49,
        27.32
      ],
      "translation": [
        -1,
        2.25,
        2.25
      ],
      "scale": [
        0.5,
        0.5,
        0.5
      ]
    },
    "firstperson_righthand": {
      "translation": [
        0,
        5,
        0
      ]
    },
    "firstperson_lefthand": {
      "translation": [
        0,
        5,
        0
      ]
    },
    "ground": {
      "scale": [
        0.5,
        0.5,
        0.5
      ]
    },
    "gui": {
      "rotation": [
        43.5,
        0,
        0
      ],
      "translation": [
        -0.5,
        3.5,
        0
      ]
    },
    "head": {
      "translation": [
        0,
        14.5,
        0
      ]
    },
    "fixed": {
      "rotation": [
        -90,
        0,
        0
      ],
      "translation": [
        0,
        -0.25,
        -5.25
      ]
    }
  }
}