{
  "credit": "Made with Blockbench",
  "texture_size": [
    64,
    64
  ],
  "elements": [
    {
      "name": "bone",
      "from": [
        4,
        0,
        2
      ],
      "to": [
        12,
        1,
        14
      ],
      "rotation": {
        "angle": 0,
        "axis": "x",
        "origin": [
          8,
          0,
          9
        ]
      },
      "faces": {
        "north": {
          "uv": [
            3,
            3,
            5,
            3.25
          ],
          "texture": "#1"
        },
        "east": {
          "uv": [
            0,
            3,
            3,
            3.25
          ],
          "texture": "#1"
        },
        "south": {
          "uv": [
            8,
            3,
            10,
            3.25
          ],
          "texture": "#1"
        },
        "west": {
          "uv": [
            5,
            3,
            8,
            3.25
          ],
          "texture": "#1"
        },
        "up": {
          "uv": [
            5,
            3,
            3,
            0
          ],
          "texture": "#1"
        },
        "down": {
          "uv": [
            7,
            0,
            5,
            3
          ],
          "texture": "#1"
        }
      }
    }
  ],
  "display": {
    "thirdperson_righthand": {
      "rotation": [
        102.82,
        9.76,
        -10.3
      ],
      "translation": [
        -0.75,
        1.5,
        5.25
      ],
      "scale": [
        0.6,
        0.6,
        0.6
      ]
    },
    "thirdperson_lefthand": {
      "rotation": [
        102.82,
        9.76,
        10.3
      ],
      "translation": [
        -0.75,
        1.5,
        5.25
      ],
      "scale": [
        0.6,
        0.6,
        0.6
      ]
    },
    "firstperson_righthand": {
      "rotation": [
        67.8,
        11.36,
        4.6
      ],
      "translation": [
        4.5,
        3.25,
        4.25
      ]
    },
    "firstperson_lefthand": {
      "rotation": [
        67.8,
        11.36,
        4.6
      ],
      "translation": [
        4.5,
        3.25,
        4.25
      ]
    },
    "ground": {
      "translation": [
        0,
        5,
        0
      ],
      "scale": [
        0.6,
        0.6,
        0.6
      ]
    },
    "gui": {
      "rotation": [
        90,
        0,
        0
      ]
    },
    "head": {
      "rotation": [
        -90,
        0,
        0
      ],
      "translation": [
        0,
        0,
        -14.5
      ]
    },
    "fixed": {
      "rotation": [
        -90,
        0,
        0
      ],
      "translation": [
        0,
        0,
        -11
      ],
      "scale": [
        1.5,
        1.5,
        1.5
      ]
    }
  }
}