{
  "credit": "Made with Blockbench",
  "texture_size": [
    64,
    64
  ],
  "elements": [
    {
      "from": [
        2,
        0,
        2
      ],
      "to": [
        14,
        3,
        14
      ],
      "rotation": {
        "angle": 0,
        "axis": "y",
        "origin": [
          8,
          0,
          8
        ]
      },
      "faces": {
        "north": {
          "uv": [
            3,
            3,
            6,
            3.75
          ],
          "texture": "#0"
        },
        "east": {
          "uv": [
            0,
            3,
            3,
            3.75
          ],
          "texture": "#0"
        },
        "south": {
          "uv": [
            9,
            3,
            12,
            3.75
          ],
          "texture": "#0"
        },
        "west": {
          "uv": [
            6,
            3,
            9,
            3.75
          ],
          "texture": "#0"
        },
        "up": {
          "uv": [
            6,
            3,
            3,
            0
          ],
          "texture": "#0"
        },
        "down": {
          "uv": [
            9,
            0,
            6,
            3
          ],
          "texture": "#0"
        }
      }
    },
    {
      "from": [
        4,
        3,
        4
      ],
      "to": [
        12,
        7,
        12
      ],
      "rotation": {
        "angle": 0,
        "axis": "y",
        "origin": [
          8,
          4,
          8
        ]
      },
      "faces": {
        "north": {
          "uv": [
            2,
            8.75,
            4,
            9.75
          ],
          "texture": "#0"
        },
        "east": {
          "uv": [
            0,
            8.75,
            2,
            9.75
          ],
          "texture": "#0"
        },
        "south": {
          "uv": [
            6,
            8.75,
            8,
            9.75
          ],
          "texture": "#0"
        },
        "west": {
          "uv": [
            4,
            8.75,
            6,
            9.75
          ],
          "texture": "#0"
        },
        "up": {
          "uv": [
            4,
            8.75,
            2,
            6.75
          ],
          "texture": "#0"
        },
        "down": {
          "uv": [
            6,
            6.75,
            4,
            8.75
          ],
          "texture": "#0"
        }
      }
    },
    {
      "from": [
        5,
        7,
        5
      ],
      "to": [
        11,
        11,
        11
      ],
      "rotation": {
        "angle": 0,
        "axis": "y",
        "origin": [
          8,
          4,
          8
        ]
      },
      "faces": {
        "north": {
          "uv": [
            10.5,
            1.5,
            12,
            2.5
          ],
          "texture": "#0"
        },
        "east": {
          "uv": [
            9,
            1.5,
            10.5,
            2.5
          ],
          "texture": "#0"
        },
        "south": {
          "uv": [
            13.5,
            1.5,
            15,
            2.5
          ],
          "texture": "#0"
        },
        "west": {
          "uv": [
            12,
            1.5,
            13.5,
            2.5
          ],
          "texture": "#0"
        },
        "up": {
          "uv": [
            12,
            1.5,
            10.5,
            0
          ],
          "texture": "#0"
        },
        "down": {
          "uv": [
            13.5,
            0,
            12,
            1.5
          ],
          "texture": "#0"
        }
      }
    },
    {
      "from": [
        5.5,
        11,
        5.5
      ],
      "to": [
        10.5,
        15,
        10.5
      ],
      "rotation": {
        "angle": 0,
        "axis": "y",
        "origin": [
          8.5,
          11,
          8.5
        ]
      },
      "faces": {
        "north": {
          "uv": [
            7.25,
            11.75,
            8.5,
            12.75
          ],
          "texture": "#0"
        },
        "east": {
          "uv": [
            6,
            11.75,
            7.25,
            12.75
          ],
          "texture": "#0"
        },
        "south": {
          "uv": [
            9.75,
            11.75,
            11,
            12.75
          ],
          "texture": "#0"
        },
        "west": {
          "uv": [
            8.5,
            11.75,
            9.75,
            12.75
          ],
          "texture": "#0"
        },
        "up": {
          "uv": [
            8.5,
            11.75,
            7.25,
            10.5
          ],
          "texture": "#0"
        },
        "down": {
          "uv": [
            9.75,
            10.5,
            8.5,
            11.75
          ],
          "texture": "#0"
        }
      }
    },
    {
      "from": [
        4,
        15,
        4
      ],
      "to": [
        12,
        18,
        12
      ],
      "rotation": {
        "angle": 0,
        "axis": "y",
        "origin": [
          8,
          11,
          8
        ]
      },
      "faces": {
        "north": {
          "uv": [
            8,
            9.75,
            10,
            10.5
          ],
          "texture": "#0"
        },
        "east": {
          "uv": [
            6,
            9.75,
            8,
            10.5
          ],
          "texture": "#0"
        },
        "south": {
          "uv": [
            12,
            9.75,
            14,
            10.5
          ],
          "texture": "#0"
        },
        "west": {
          "uv": [
            10,
            9.75,
            12,
            10.5
          ],
          "texture": "#0"
        },
        "up": {
          "uv": [
            10,
            9.75,
            8,
            7.75
          ],
          "texture": "#0"
        },
        "down": {
          "uv": [
            12,
            7.75,
            10,
            9.75
          ],
          "texture": "#0"
        }
      }
    },
    {
      "from": [
        4,
        10,
        4
      ],
      "to": [
        12,
        15,
        4
      ],
      "rotation": {
        "angle": 0,
        "axis": "y",
        "origin": [
          8,
          11,
          8
        ]
      },
      "faces": {
        "north": {
          "uv": [
            10,
            6,
            12,
            7.25
          ],
          "texture": "#0"
        },
        "east": {
          "uv": [
            10,
            6,
            10,
            7.25
          ],
          "texture": "#0"
        },
        "south": {
          "uv": [
            12,
            6,
            14,
            7.25
          ],
          "texture": "#0"
        },
        "west": {
          "uv": [
            12,
            6,
            12,
            7.25
          ],
          "texture": "#0"
        },
        "up": {
          "uv": [
            12,
            6,
            10,
            6
          ],
          "texture": "#0"
        },
        "down": {
          "uv": [
            14,
            6,
            12,
            6
          ],
          "texture": "#0"
        }
      }
    },
    {
      "from": [
        5,
        18,
        5
      ],
      "to": [
        11,
        22,
        11
      ],
      "rotation": {
        "angle": 0,
        "axis": "y",
        "origin": [
          8,
          11,
          8
        ]
      },
      "faces": {
        "north": {
          "uv": [
            1.5,
            11.25,
            3,
            12.25
          ],
          "texture": "#0"
        },
        "east": {
          "uv": [
            0,
            11.25,
            1.5,
            12.25
          ],
          "texture": "#0"
        },
        "south": {
          "uv": [
            4.5,
            11.25,
            6,
            12.25
          ],
          "texture": "#0"
        },
        "west": {
          "uv": [
            3,
            11.25,
            4.5,
            12.25
          ],
          "texture": "#0"
        },
        "up": {
          "uv": [
            3,
            11.25,
            1.5,
            9.75
          ],
          "texture": "#0"
        },
        "down": {
          "uv": [
            4.5,
            9.75,
            3,
            11.25
          ],
          "texture": "#0"
        }
      }
    },
    {
      "from": [
        3,
        22,
        3
      ],
      "to": [
        13,
        24,
        13
      ],
      "rotation": {
        "angle": 0,
        "axis": "y",
        "origin": [
          8,
          11,
          8
        ]
      },
      "faces": {
        "north": {
          "uv": [
            2.5,
            6.25,
            5,
            6.75
          ],
          "texture": "#0"
        },
        "east": {
          "uv": [
            0,
            6.25,
            2.5,
            6.75
          ],
          "texture": "#0"
        },
        "south": {
          "uv": [
            7.5,
            6.25,
            10,
            6.75
          ],
          "texture": "#0"
        },
        "west": {
          "uv": [
            5,
            6.25,
            7.5,
            6.75
          ],
          "texture": "#0"
        },
        "up": {
          "uv": [
            5,
            6.25,
            2.5,
            3.75
          ],
          "texture": "#0"
        },
        "down": {
          "uv": [
            7.5,
            3.75,
            5,
            6.25
          ],
          "texture": "#0"
        }
      }
    },
    {
      "from": [
        13,
        18,
        7
      ],
      "to": [
        13,
        22,
        12
      ],
      "rotation": {
        "angle": 0,
        "axis": "y",
        "origin": [
          8,
          11,
          7
        ]
      },
      "faces": {
        "north": {
          "uv": [
            1.25,
            1.25,
            1.25,
            2.25
          ],
          "texture": "#0"
        },
        "east": {
          "uv": [
            0,
            1.25,
            1.25,
            2.25
          ],
          "texture": "#0"
        },
        "south": {
          "uv": [
            2.5,
            1.25,
            2.5,
            2.25
          ],
          "texture": "#0"
        },
        "west": {
          "uv": [
            1.25,
            1.25,
            2.5,
            2.25
          ],
          "texture": "#0"
        },
        "up": {
          "uv": [
            1.25,
            1.25,
            1.25,
            0
          ],
          "texture": "#0"
        },
        "down": {
          "uv": [
            1.25,
            0,
            1.25,
            1.25
          ],
          "texture": "#0"
        }
      }
    },
    {
      "from": [
        4,
        24,
        4
      ],
      "to": [
        12,
        25,
        12
      ],
      "rotation": {
        "angle": 0,
        "axis": "y",
        "origin": [
          8,
          12,
          8
        ]
      },
      "faces": {
        "north": {
          "uv": [
            9.5,
            5.75,
            11.5,
            6
          ],
          "texture": "#0"
        },
        "east": {
          "uv": [
            7.5,
            5.75,
            9.5,
            6
          ],
          "texture": "#0"
        },
        "south": {
          "uv": [
            13.5,
            5.75,
            15.5,
            6
          ],
          "texture": "#0"
        },
        "west": {
          "uv": [
            11.5,
            5.75,
            13.5,
            6
          ],
          "texture": "#0"
        },
        "up": {
          "uv": [
            11.5,
            5.75,
            9.5,
            3.75
          ],
          "texture": "#0"
        },
        "down": {
          "uv": [
            13.5,
            3.75,
            11.5,
            5.75
          ],
          "texture": "#0"
        }
      }
    },
    {
      "from": [
        6.5,
        25,
        6.5
      ],
      "to": [
        9.5,
        29,
        9.5
      ],
      "rotation": {
        "angle": 0,
        "axis": "y",
        "origin": [
          7.5,
          13,
          8.5
        ]
      },
      "faces": {
        "north": {
          "uv": [
            11.75,
            11.25,
            12.5,
            12.25
          ],
          "texture": "#0"
        },
        "east": {
          "uv": [
            11,
            11.25,
            11.75,
            12.25
          ],
          "texture": "#0"
        },
        "south": {
          "uv": [
            13.25,
            11.25,
            14,
            12.25
          ],
          "texture": "#0"
        },
        "west": {
          "uv": [
            12.5,
            11.25,
            13.25,
            12.25
          ],
          "texture": "#0"
        },
        "up": {
          "uv": [
            12.5,
            11.25,
            11.75,
            10.5
          ],
          "texture": "#0"
        },
        "down": {
          "uv": [
            13.25,
            10.5,
            12.5,
            11.25
          ],
          "texture": "#0"
        }
      }
    }
  ],
  "display": {}
}