{
  "type": "minecraft:random_patch",
  "config": {
    "tries": 96,
    "xz_spread": 2,
    "y_spread": 1,
    "feature": {
      "feature": {
        "type": "minecraft:simple_block",
        "config": {
          "to_place": {
            "type": "minecraft:simple_state_provider",
            "state": {
              "Name": "minecraft:coarse_dirt"
            }
          }
        }
      },
      "placement": [
        {
          "type": "minecraft:block_predicate_filter",
          "predicate": {
            "type": "minecraft:matching_blocks",
            "blocks": "#minecraft:dirt"
          }
        }
      ]
    }
  }
}
