{
  "feature": "norzeteus:marshland/tree_marshland",
  "placement": [
    {
      "count": {
        "distribution": [
          {
            "data": 7,
            "weight": 9
          }
        ],
        "type": "minecraft:weighted_list"
      },
      "type": "minecraft:count"
    },
    {
      "type": "minecraft:in_square"
    },
    {
      "max_water_depth": 0,
      "type": "minecraft:surface_water_depth_filter"
    },
    {
      "heightmap": "OCEAN_FLOOR",
      "type": "minecraft:heightmap"
    },
    {
      "predicate": {
        "state": {
          "Properties": {
            "stage": "0"
          },
          "Name": "minecraft:oak_sapling"
        },
        "type": "minecraft:would_survive"
      },
      "type": "minecraft:block_predicate_filter"
    },
    {
      "type": "minecraft:biome"
    }
  ]
}