{
    "type": "minecraft:crafting_shaped",
    "pattern": [
        "#O#",
        "GRG",
        "#B#"
    ],
    "key": {
        "#": {
            "item": "minecraft:glowstone"
        },
        "O": {
            "item": "minecraft:observer"
        },
        "G": {
            "item": "minecraft:glowstone_dust"
        },
        "R": {
            "item": "minecraft:redstone_lamp"
        },
        "B": {
            "item": "minecraft:bell"
        }
    },
    "result": {
        "item": "minecraft:knowledge_book",
        "count": 1
    }
}