{
    "type": "minecraft:crafting_shaped",
    "pattern": [
        "#O#",
        "RSR",
        "#O#"
    ],
    "key": {
        "#": {
            "item": "minecraft:redstone_block"
        },
        "O": {
            "item": "minecraft:observer"
        },
        "R": {
            "item": "minecraft:red_stained_glass"
        },
        "S": {
            "item": "minecraft:redstone_lamp"
        }
    },
    "result": {
        "item": "minecraft:knowledge_book",
        "count": 1
    }
}