{
    "type": "minecraft:crafting_shaped",
    "pattern": [
        "#S#",
        "SDS",
        "#E#"
    ],
    "key": {
        "#": {
            "item": "minecraft:echo_shard"
        },
        "S": {
            "item": "minecraft:sculk"
        },
        "D": {
            "item": "minecraft:dispenser"
        },
        "E": {
            "item": "minecraft:diamond_pickaxe"
        }
    },
    "result": {
        "item": "minecraft:knowledge_book",
        "count": 1
    }
}