{
  "feature": "norzeteus:savanna/river_vegetation_patch",
  "placement": [
    {
      "type": "minecraft:noise_based_count",
      "noise_to_count_ratio": 5,
      "noise_factor": 7,
      "noise_offset": 0.5
    },
    {
      "type": "minecraft:in_square"
    },
    {
      "type": "minecraft:height_range",
      "height": {
        "absolute": 62
      }
    },
    {
      "type": "minecraft:block_predicate_filter",
      "predicate": {
        "type": "minecraft:matching_fluids",
        "offset": [
          0,
          0,
          0
        ],
        "fluids": "minecraft:water"
      }
    },
    {
      "type": "minecraft:biome"
    }
  ]
}
