{
	"feature": "norzeteus:savanna/small_path",
	"placement": [
		{
			"type": "minecraft:count",
			"count": 8
		},
		{
			"type": "minecraft:count",
			"count": 12
		},
		{
			"type": "minecraft:in_square"
		},
		{
			"type": "heightmap",
			"heightmap": "WORLD_SURFACE_WG"
		},
		{
			"type": "minecraft:noise_based_count",
			"noise_to_count_ratio": 1,
			"noise_factor": 6,
			"noise_offset": 0.15
		},
		{
			"type": "minecraft:noise_based_count",
			"noise_to_count_ratio": -1,
			"noise_factor": 7,
			"noise_offset": -0.15
		}
	]
}
