{
  "type": "minecraft:random_patch",
  "config": {
    "tries": 256,
    "xz_spread": 3,
    "y_spread": 3,
    "feature": {
      "feature": {
        "type": "minecraft:simple_block",
        "config": {
          "to_place": {
            "type": "minecraft:simple_state_provider",
            "state": {
              "Name": "minecraft:grass_block",
              "Properties": {
                "snowy": "false"
              }
            }
          }
        }
      },
      "placement": [
        {
          "type": "minecraft:block_predicate_filter",
          "predicate": {
            "type": "minecraft:all_of",
            "predicates": [
              {
                "type": "minecraft:matching_blocks",
                "offset": [
                  0,
                  1,
                  0
                ],
                "blocks": "minecraft:air"
              },
              {
                "type": "minecraft:matching_blocks",
                "offset": [
                  0,
                  0,
                  0
                ],
                "blocks": [
                  "minecraft:stone",
                  "minecraft:grass_block"
                ]
              },
              {
                "type": "minecraft:not",
                "predicate": {
                  "type": "minecraft:any_of",
                  "predicates": [
                    {
                      "type": "minecraft:matching_blocks",
                      "offset": [
                        1,
                        -1,
                        0
                      ],
                      "blocks": "minecraft:air"
                    },
                    {
                      "type": "minecraft:matching_blocks",
                      "offset": [
                        -1,
                        -1,
                        0
                      ],
                      "blocks": "minecraft:air"
                    },
                    {
                      "type": "minecraft:matching_blocks",
                      "offset": [
                        0,
                        -1,
                        1
                      ],
                      "blocks": "minecraft:air"
                    },
                    {
                      "type": "minecraft:matching_blocks",
                      "offset": [
                        0,
                        -1,
                        -1
                      ],
                      "blocks": "minecraft:air"
                    }
                  ]
                }
              },
              {
                "type": "minecraft:any_of",
                "predicates": [
                  {
                    "type": "minecraft:all_of",
                    "predicates": [
                      {
                        "type": "minecraft:matching_blocks",
                        "offset": [
                          1,
                          1,
                          0
                        ],
                        "blocks": "minecraft:air"
                      },
                      {
                        "type": "minecraft:matching_blocks",
                        "offset": [
                          1,
                          0,
                          0
                        ],
                        "blocks": [
                          "minecraft:stone",
                          "minecraft:grass_block"
                        ]
                      }
                    ]
                  },
                  {
                    "type": "minecraft:all_of",
                    "predicates": [
                      {
                        "type": "minecraft:matching_blocks",
                        "offset": [
                          -1,
                          1,
                          0
                        ],
                        "blocks": "minecraft:air"
                      },
                      {
                        "type": "minecraft:matching_blocks",
                        "offset": [
                          -1,
                          0,
                          0
                        ],
                        "blocks": [
                          "minecraft:stone",
                          "minecraft:grass_block"
                        ]
                      }
                    ]
                  },
                  {
                    "type": "minecraft:all_of",
                    "predicates": [
                      {
                        "type": "minecraft:matching_blocks",
                        "offset": [
                          0,
                          1,
                          1
                        ],
                        "blocks": "minecraft:air"
                      },
                      {
                        "type": "minecraft:matching_blocks",
                        "offset": [
                          0,
                          0,
                          1
                        ],
                        "blocks": [
                          "minecraft:stone",
                          "minecraft:grass_block"
                        ]
                      }
                    ]
                  },
                  {
                    "type": "minecraft:all_of",
                    "predicates": [
                      {
                        "type": "minecraft:matching_blocks",
                        "offset": [
                          0,
                          1,
                          -1
                        ],
                        "blocks": "minecraft:air"
                      },
                      {
                        "type": "minecraft:matching_blocks",
                        "offset": [
                          0,
                          0,
                          -1
                        ],
                        "blocks": [
                          "minecraft:stone",
                          "minecraft:grass_block"
                        ]
                      }
                    ]
                  }
                ]
              }
            ]
          }
        }
      ]
    }
  }
}
