{
	"feature": "norzeteus:grove/grove_trees",
	"placement": [
		{
			"type": "minecraft:count",
			"count": {
				"type": "minecraft:weighted_list",
				"distribution": [
					{
						"weight": 90,
						"data": 6
					},
					{
						"weight": 10,
						"data": 7
					},
					{
						"weight": 15,
						"data": 5
					}
				]
			}
		},
		{
			"type": "minecraft:in_square"
		},
		{
			"type": "heightmap",
			"heightmap": "WORLD_SURFACE_WG"
		},
		{
			"type": "minecraft:noise_based_count",
			"noise_to_count_ratio": 1,
			"noise_factor": 215,
			"noise_offset": 1
		},
		{
			"type": "minecraft:noise_based_count",
			"noise_to_count_ratio": -1,
			"noise_factor": 215,
			"noise_offset": 0.5
		},
		{
			"type": "minecraft:block_predicate_filter",
			"predicate": {
				"type": "minecraft:all_of",
				"predicates": [
					{
						"type": "minecraft:replaceable"
					},
					{
						"type": "minecraft:matching_blocks",
						"offset": [
							0,
							-1,
							0
						],
						"blocks": [
							"minecraft:dirt",
							"minecraft:snow_block",
							"minecraft:grass_block"
						]
					}
				]
			}
		},
		{
			"type": "minecraft:biome"
		}
	]
}
