{
  "type": "minecraft:flower",
  "config": {
    "tries": 32,
    "xz_spread": 6,
    "y_spread": 2,
    "feature": {
      "feature": {
        "type": "minecraft:simple_block",
        "config": {
          "to_place": {
            "type": "minecraft:dual_noise_provider",
            "seed": 2457,
            "noise": {
              "firstOctave": -4,
              "amplitudes": [
                0.01,
                0.005,
                0.04
              ]
            },
            "scale": 1,
            "variety": {
              "min_inclusive": 1,
              "max_inclusive": 1
            },
            "slow_noise": {
              "firstOctave": -7,
              "amplitudes": [
                1.1,
                0.9,
                1,8,
                2.1
              ]
            },
            "slow_scale": 1,
            "states": [
              {
                "Name": "minecraft:allium"
              },
              {
                "Name": "minecraft:white_tulip"
              },
              {
                "Name": "minecraft:cornflower"
              },
              {
                "Name": "minecraft:blue_orchid"
              }
            ]
          }
        }
      },
      "placement": [
        {
          "type": "minecraft:block_predicate_filter",
          "predicate": {
            "type": "minecraft:matching_blocks",
            "blocks": [
              "minecraft:air"
            ]
          }
        }
      ]
    }
  }
}
