{
	"display": {
		"icon": {
			"item": "minecraft:player_head",
			"nbt": "{SkullOwner:{Id:[I;2101899796,1383483823,-1146027621,1228426601],Name:\"Siamese Cat\",Properties:{textures:[{Value:\"eyJ0ZXh0dXJlcyI6eyJTS0lOIjp7InVybCI6Imh0dHA6Ly90ZXh0dXJlcy5taW5lY3JhZnQubmV0L3RleHR1cmUvZDViM2Y4Y2E0YjNhNTU1Y2NiM2QxOTQ0NDk4MDhiNGM5ZDc4MzMyNzE5NzgwMGQ0ZDY1OTc0Y2M2ODVhZjJlYSJ9fX0=\"}]}}}"
		},
		"title": "Cat Amulets",
		"description": ["",{"text":"Craft amulets for cats to increase your health around them.","color":"aqua"}],
		"show_toast": false,
		"announce_to_chat": false
	},
    "parent": "knize1007:upgrade_mobs_root",
	"criteria": {
		"tick": {
			"trigger": "minecraft:tick"
		}
	}
}
