{
  "feature": "geophilic_reforged:biome_specific/mc/stony_shore/moss",
  "placement": [
    {
      "type": "minecraft:count",
      "count": 7
    },
    {
      "type": "minecraft:in_square"
    },
    {
      "type": "minecraft:heightmap",
      "heightmap": "MOTION_BLOCKING_NO_LEAVES"
    },
    {
      "type": "minecraft:environment_scan",
      "direction_of_search": "up",
      "max_steps": 12,
      "target_condition": {
        "type": "minecraft:true"
      }
    },
    {
      "type": "minecraft:biome"
    }
  ]
}