{
  "pools": [
    {
      "rolls": 1,
      "entries": [
        {
          "type": "minecraft:item",
          "name": "minecraft:experience_bottle",
          "functions": [
            {
              "function": "minecraft:set_nbt",
              "tag": "{ic:clear}"
            }
          ]
        }
      ]
    },
    {
      "rolls": 10,
      "bonus_rolls": 1,
      "entries": [
        {
          "type": "minecraft:item",
          "weight": 2,
          "name": "minecraft:splash_potion",
          "functions": [
            {
              "function": "set_nbt",
              "tag": "{custom_potion_effects:[{id:\"minecraft:instant_health\",amplifier:2b,duration:20},{id:\"minecraft:regeneration\",amplifier:2b,duration:300}],CustomPotionColor:16720161}"
            }
          ]
        },
        {
          "type": "minecraft:item",
          "weight": 3,
          "name": "minecraft:splash_potion",
          "functions": [
            {
              "function": "set_nbt",
              "tag": "{custom_potion_effects:[{id:\"minecraft:slowness\",amplifier:4b,duration:400},{id:\"minecraft:wither\",amplifier:2b,duration:400}],CustomPotionColor:465923620}"
            }
          ]
        },
        {
          "type": "minecraft:item",
          "name": "minecraft:netherite_hoe",
          "functions": [
            {
              "function": "minecraft:set_count",
              "count": 1
            },
            {
              "function": "minecraft:set_nbt",
              "tag": "{HideFlags:2,CustomModelData:1,ic:bastion_piercer,AttributeModifiers:[{AttributeName:\"generic.attack_speed\",Name:\"generic.attack_speed\",Amount:-3,Operation:0,UUID:[I;232069848,20531297,-1339166817,1330268803],Slot:\"mainhand\"},{AttributeName:\"generic.attack_damage\",Name:\"generic.attack_damage\",Amount:11,Operation:0,UUID:[I;319156707,1453736356,-1572244117,1901841866],Slot:\"mainhand\"}]}"
            },
            {
              "function": "minecraft:set_name",
              "name": [
                {
                  "text": "Bastion Piercer",
                  "color": "gold",
                  "italic": false
                }
              ]
            },
            {
              "function": "minecraft:set_lore",
              "lore": [
                {
                  "text": " "
                },
                {
                  "text": "Deals more damage when enemy ",
                  "color": "gray",
                  "italic": false
                },
                {
                  "text": "is 2.75+ blocks away from ",
                  "color": "gray",
                  "italic": false
                },
                {
                  "text": "the user. ",
                  "color": "gray",
                  "italic": false
                },
                {
                  "text": " "
                },
                {
                  "text": "When in Main Hand:",
                  "color": "gray",
                  "italic": false
                },
                {
                  "text": " 12 Attack Damage ",
                  "color": "dark_green",
                  "italic": false
                },
                {
                  "text": " 1 Attack Speed",
                  "color": "dark_green",
                  "italic": false
                }
              ]
            }
          ]
    },
        {
          "type": "minecraft:item",
          "weight": 4,
          "name": "minecraft:experience_bottle",
          "functions": [
            {
              "function": "minecraft:set_count",
              "count": {
                "min": 6,
                "max": 12
              }
            }
          ]
        },
        {
          "type": "minecraft:loot_table",
          "weight": 3,
          "name": "infinity_cave:refs/legendary_gear"
        },
        {
          "type": "minecraft:loot_table",
          "weight": 3,
          "name": "infinity_cave:refs/frozen/legendary"
        }
      ]
    }
  ]
}
