{
	"feature": "norzeteus:old_growth_birch_forest/large_birch",
	"placement": [
		{
			"type": "minecraft:count",
			"count": {
				"type": "minecraft:weighted_list",
				"distribution": [
					{
						"weight": 20,
						"data": 4
					},
					{
						"weight": 30,
						"data": 6
					}
				]
			}
		},
		{
			"type": "minecraft:in_square"
		},
		{
			"type": "heightmap",
			"heightmap": "WORLD_SURFACE"
		},
		{
			"type": "minecraft:block_predicate_filter",
			"predicate": {
				"type": "minecraft:all_of",
				"predicates": [
					{
						"type": "minecraft:replaceable"
					},
					{
						"type": "minecraft:would_survive",
						"state": {
							"Name": "minecraft:fern"
						}
					}
				]
			}
		},
		{
			"type": "minecraft:biome"
		}
	]
}
