{
  "type": "minecraft:tree",
  "config": {
    "ignore_vines": true,
    "force_dirt": true,
    "minimum_size": {
      "type": "minecraft:two_layers_feature_size",
      "limit": 1,
      "lower_size": 0,
      "upper_size": 2
    },
    "dirt_provider": {
      "type": "minecraft:simple_state_provider",
      "state": {
        "Name": "minecraft:stone"
      }
    },
    "trunk_provider": {
      "type": "minecraft:simple_state_provider",
      "state": {
        "Name": "minecraft:stone"
      }
    },
    "foliage_provider": {
      "type": "minecraft:simple_state_provider",
      "state": {
        "Name": "minecraft:air",
        "Properties": {
          "waterlogged": "false",
          "persistent": "false",
          "distance": "7"
        }
      }
    },
    "root_placer": {
      "type": "minecraft:mangrove_root_placer",
      "root_provider": {
        "type": "minecraft:simple_state_provider",
        "state": {
          "Name": "minecraft:stone"
        }
      },
      "trunk_offset_y": {
        "type": "minecraft:uniform",
        "value": {
          "min_inclusive": 2,
          "max_inclusive": 4
        }
      },
      "above_root_placement": {
        "above_root_provider": {
          "type": "minecraft:simple_state_provider",
          "state": {
            "Name": "minecraft:stone"
          }
        },
        "above_root_placement_chance": 0.0
      },
      "mangrove_root_placement": {
        "max_root_width": 3,
        "max_root_length": 10,
        "random_skew_chance": 0.25,
        "can_grow_through": "#minecraft:mangrove_roots_can_grow_through",
        "muddy_roots_in": [
          "minecraft:mud",
          "minecraft:muddy_mangrove_roots"
        ],
        "muddy_roots_provider": {
          "type": "minecraft:simple_state_provider",
          "state": {
            "Name": "minecraft:muddy_mangrove_roots",
            "Properties": {
              "axis": "y"
            }
          }
        }
      }
    },
    "trunk_placer": {
      "type": "minecraft:straight_trunk_placer",
      "base_height": 3,
      "height_rand_a": 1,
      "height_rand_b": 0
    },
    "foliage_placer": {
      "type": "minecraft:fancy_foliage_placer",
      "radius": 0,
      "offset": 0,
      "height": 0
    },
    "decorators": []
  }
}
