{
    "parent": "minecraft:adventure/root",
    "criteria": {
      "used_amethyst_on_a_stick": {
        "conditions": {
          "player": [
            {
              "condition": "minecraft:entity_properties",
              "entity": "this",
              "predicate": {
                "vehicle": {
                  "type": "minecraft:allay"
                }
              }
            },
            {
              "condition": "minecraft:reference",
              "name": "mount_ride:holding_amethyst"
            }
          ]
        },
        "trigger": "minecraft:tick"
      }
    },
    "display": {
      "announce_to_chat": true,
      "description": {
        "translate": "advancements.adventure.ride_allay.description"
      },
      "frame": "task",
      "hidden": false,
      "icon": {
        "item": "minecraft:warped_fungus_on_a_stick",
        "nbt": "{CustomModelData:30201}"
      },
      "show_toast": true,
      "title": {
        "translate": "advancements.adventure.ride_allay.title"
      }
    },
    "requirements": [
      [
        "used_amethyst_on_a_stick"
      ]
    ]
  }