{
    "parent": "mount_ride:adventure/ride_iron_golem",
    "criteria": {
      "mount_allay": { "conditions": { "player": [ { "condition": "minecraft:entity_properties", "entity": "this", "predicate": { "vehicle": { "type": "minecraft:allay" } } } ] }, "trigger": "minecraft:tick" },
      "mount_cat": { "conditions": { "player": [ { "condition": "minecraft:entity_properties", "entity": "this", "predicate": { "vehicle": { "type": "minecraft:cat" } } } ] }, "trigger": "minecraft:tick" },
      "mount_chicken": { "conditions": { "player": [ { "condition": "minecraft:entity_properties", "entity": "this", "predicate": { "vehicle": { "type": "minecraft:chicken" } } } ] }, "trigger": "minecraft:tick" },
      "mount_cow": { "conditions": { "player": [ { "condition": "minecraft:entity_properties", "entity": "this", "predicate": { "vehicle": { "type": "minecraft:cow" } } } ] }, "trigger": "minecraft:tick" },
      "mount_dolphin": { "conditions": { "player": [ { "condition": "minecraft:entity_properties", "entity": "this", "predicate": { "vehicle": { "type": "minecraft:dolphin" } } } ] }, "trigger": "minecraft:tick" },
      "mount_fox": { "conditions": { "player": [ { "condition": "minecraft:entity_properties", "entity": "this", "predicate": { "vehicle": { "type": "minecraft:fox" } } } ] }, "trigger": "minecraft:tick" },
      "mount_glow_squid": { "conditions": { "player": [ { "condition": "minecraft:entity_properties", "entity": "this", "predicate": { "vehicle": { "type": "minecraft:glow_squid" } } } ] }, "trigger": "minecraft:tick" },
      "mount_goat": { "conditions": { "player": [ { "condition": "minecraft:entity_properties", "entity": "this", "predicate": { "vehicle": { "type": "minecraft:goat" } } } ] }, "trigger": "minecraft:tick" },
      "mount_iron_golem": { "conditions": { "player": [ { "condition": "minecraft:entity_properties", "entity": "this", "predicate": { "vehicle": { "type": "minecraft:iron_golem" } } } ] }, "trigger": "minecraft:tick" },
      "mount_mooshroom": { "conditions": { "player": [ { "condition": "minecraft:entity_properties", "entity": "this", "predicate": { "vehicle": { "type": "minecraft:mooshroom" } } } ] }, "trigger": "minecraft:tick" },
      "mount_ocelot": { "conditions": { "player": [ { "condition": "minecraft:entity_properties", "entity": "this", "predicate": { "vehicle": { "type": "minecraft:ocelot" } } } ] }, "trigger": "minecraft:tick" },
      "mount_panda": { "conditions": { "player": [ { "condition": "minecraft:entity_properties", "entity": "this", "predicate": { "vehicle": { "type": "minecraft:panda" } } } ] }, "trigger": "minecraft:tick" },
      "mount_polar_bear": { "conditions": { "player": [ { "condition": "minecraft:entity_properties", "entity": "this", "predicate": { "vehicle": { "type": "minecraft:polar_bear" } } } ] }, "trigger": "minecraft:tick" },
      "mount_sheep": { "conditions": { "player": [ { "condition": "minecraft:entity_properties", "entity": "this", "predicate": { "vehicle": { "type": "minecraft:sheep" } } } ] }, "trigger": "minecraft:tick" },
      "mount_sniffer": { "conditions": { "player": [ { "condition": "minecraft:entity_properties", "entity": "this", "predicate": { "vehicle": { "type": "minecraft:sniffer" } } } ] }, "trigger": "minecraft:tick" },
      "mount_snow_golem": { "conditions": { "player": [ { "condition": "minecraft:entity_properties", "entity": "this", "predicate": { "vehicle": { "type": "minecraft:snow_golem" } } } ] }, "trigger": "minecraft:tick" },
      "mount_squid": { "conditions": { "player": [ { "condition": "minecraft:entity_properties", "entity": "this", "predicate": { "vehicle": { "type": "minecraft:squid" } } } ] }, "trigger": "minecraft:tick" },
      "mount_turtle": { "conditions": { "player": [ { "condition": "minecraft:entity_properties", "entity": "this", "predicate": { "vehicle": { "type": "minecraft:turtle" } } } ] }, "trigger": "minecraft:tick" },
      "mount_wolf": { "conditions": { "player": [ { "condition": "minecraft:entity_properties", "entity": "this", "predicate": { "vehicle": { "type": "minecraft:wolf" } } } ] }, "trigger": "minecraft:tick" },
      "mount_pig": { "conditions": { "player": [ { "condition": "minecraft:entity_properties", "entity": "this", "predicate": { "vehicle": { "type": "minecraft:pig" } } } ] }, "trigger": "minecraft:tick" },
      "mount_strider": { "conditions": { "player": [ { "condition": "minecraft:entity_properties", "entity": "this", "predicate": { "vehicle": { "type": "minecraft:strider" } } } ] }, "trigger": "minecraft:tick" },
      "mount_horse": { "conditions": { "player": [ { "condition": "minecraft:entity_properties", "entity": "this", "predicate": { "vehicle": { "type": "minecraft:horse" } } } ] }, "trigger": "minecraft:tick" },
      "mount_donkey": { "conditions": { "player": [ { "condition": "minecraft:entity_properties", "entity": "this", "predicate": { "vehicle": { "type": "minecraft:donkey" } } } ] }, "trigger": "minecraft:tick" },
      "mount_llama": { "conditions": { "player": [ { "condition": "minecraft:entity_properties", "entity": "this", "predicate": { "vehicle": { "type": "minecraft:llama" } } } ] }, "trigger": "minecraft:tick" },
      "mount_trader_llama": { "conditions": { "player": [ { "condition": "minecraft:entity_properties", "entity": "this", "predicate": { "vehicle": { "type": "minecraft:trader_llama" } } } ] }, "trigger": "minecraft:tick" }
    },
    "display": {
      "announce_to_chat": true,
      "description": {
        "translate": "advancements.adventure.ride_all.description"
      },
      "frame": "challenge",
      "hidden": false,
      "icon": {
        "item": "minecraft:saddle"
      },
      "show_toast": true,
      "title": {
        "translate": "advancements.adventure.ride_all.title"
      }
    },
    "requirements": [
      [ "mount_allay" ],
      [ "mount_cat" ],
      [ "mount_chicken" ],
      [ "mount_cow" ],
      [ "mount_dolphin" ],
      [ "mount_fox" ],
      [ "mount_glow_squid" ],
      [ "mount_goat" ],
      [ "mount_iron_golem" ],
      [ "mount_mooshroom" ],
      [ "mount_ocelot" ],
      [ "mount_panda" ],
      [ "mount_polar_bear" ],
      [ "mount_sheep" ],
      [ "mount_sniffer" ],
      [ "mount_snow_golem" ],
      [ "mount_squid" ],
      [ "mount_turtle" ],
      [ "mount_wolf" ],
      [ "mount_pig" ],
      [ "mount_strider" ],
      [ "mount_horse" ],
      [ "mount_donkey" ],
      [ "mount_llama" ],
      [ "mount_trader_llama" ]
    ],
    "rewards": {
      "experience": 80
    }
  }