{
    "parent": "mount_ride:adventure/ride_allay",
    "criteria": {
      "used_iron_on_a_stick": {
        "conditions": {
          "player": [
            {
              "condition": "minecraft:entity_properties",
              "entity": "this",
              "predicate": {
                "vehicle": {
                  "type": "minecraft:iron_golem"
                }
              }
            },
            {
              "condition": "minecraft:reference",
              "name": "mount_ride:holding_iron"
            }
          ]
        },
        "trigger": "minecraft:tick"
      }
    },
    "display": {
      "announce_to_chat": true,
      "description": {
        "translate": "advancements.adventure.ride_iron_golem.description"
      },
      "frame": "task",
      "hidden": false,
      "icon": {
        "item": "minecraft:warped_fungus_on_a_stick",
        "nbt": "{CustomModelData:30204}"
      },
      "show_toast": true,
      "title": {
        "translate": "advancements.adventure.ride_iron_golem.title"
      }
    },
    "requirements": [
      [
        "used_iron_on_a_stick"
      ]
    ]
  }