[
  {
    "function": "minecraft:enchant_with_levels",
    "levels": 16,
    "conditions": [
      {
        "condition": "minecraft:entity_properties",
        "entity": "this",
        "predicate": {
          "equipment": {
            "offhand": {
              "items": [
                "minecraft:book"
              ],
              "count": 1
            }
          }
        }
      }
    ]
  },
  {
    "function": "minecraft:set_enchantments",
    "enchantments": {
      "minecraft:power": {
        "min": 1,
        "max": 3
      },
      "minecraft:punch": {
        "min": 0,
        "max": {
          "min": 1,
          "max": {
            "min": 2,
            "max": 2
          }
        }
      },
      "minecraft:unbreaking": {
        "min": 1,
        "max": 3
      }
    },
    "conditions": [
      {
        "condition": "minecraft:entity_properties",
        "entity": "this",
        "predicate": {
          "equipment": {
            "offhand": {
              "items": [
                "minecraft:bow"
              ]
            }
          }
        }
      }
    ]
  },
  {
    "function": "minecraft:set_enchantments",
    "enchantments": {
      "minecraft:quick_charge": {
        "min": 1,
        "max": 2
      },
      "minecraft:piercing": {
        "min": 1,
        "max": {
          "min": 2,
          "max": {
            "min": 2,
            "max": 3
          }
        }
      },
      "minecraft:unbreaking": {
        "min": 1,
        "max": 3
      }
    },
    "conditions": [
      {
        "condition": "minecraft:entity_properties",
        "entity": "this",
        "predicate": {
          "equipment": {
            "offhand": {
              "items": [
                "minecraft:crossbow"
              ]
            }
          }
        }
      }
    ]
  },
  {
    "function": "minecraft:set_enchantments",
    "enchantments": {
      "minecraft:protection": {
        "min": 1,
        "max": 3
      },
      "minecraft:unbreaking": {
        "min": 1,
        "max": 3
      }
    },
    "conditions": [
      {
        "condition": "minecraft:entity_properties",
        "entity": "this",
        "predicate": {
          "equipment": {
            "offhand": {
              "tag": "minecraft:trimmable_armor"
            }
          }
        }
      }
    ]
  },
  {
    "function": "minecraft:set_enchantments",
    "enchantments": {
      "minecraft:sharpness": {
        "min": 1,
        "max": 3
      },
      "minecraft:smite": {
        "min": 0,
        "max": {
          "min": 1,
          "max": {
            "min": 1,
            "max": 2
          }
        }
      },
      "minecraft:bane_of_arthropods": {
        "min": 0,
        "max": {
          "min": 1,
          "max": {
            "min": 1,
            "max": 2
          }
        }
      },
      "minecraft:looting": {
        "min": 0,
        "max": {
          "min": 1,
          "max": {
            "min": 0,
            "max": 2
          }
        }
      },
      "minecraft:unbreaking": {
        "min": 1,
        "max": 3
      }
    },
    "conditions": [
      {
        "condition": "minecraft:entity_properties",
        "entity": "this",
        "predicate": {
          "equipment": {
            "offhand": {
              "tag": "infinity_cave:sharpness"
            }
          }
        }
      }
    ]
  },
  {
    "function": "minecraft:set_enchantments",
    "enchantments": {
      "minecraft:efficiency": {
        "min": 1,
        "max": 3
      },
      "minecraft:fortune": {
        "min": 0,
        "max": {
          "min": 1,
          "max": {
            "min": 1,
            "max": 2
          }
        }
      },
      "minecraft:unbreaking": {
        "min": 1,
        "max": 3
      }
    },
    "conditions": [
      {
        "condition": "minecraft:entity_properties",
        "entity": "this",
        "predicate": {
          "equipment": {
            "offhand": {
              "tag": "infinity_cave:tools"
            }
          }
        }
      }
    ]
  }
]
