{
  "pools": [
    {
      "rolls": 7,
      "bonus_rolls": 1,
      "entries": [
        {
          "type": "minecraft:item",
          "weight": 2,
          "name": "minecraft:splash_potion",
          "functions": [
            {
              "function": "set_nbt",
              "tag": "{custom_potion_effects:[{id:\"minecraft:instant_health\",amplifier:2b,duration:20},{id:\"minecraft:regeneration\",amplifier:2b,duration:100}],CustomPotionColor:16720161}"
            }
          ]
        },
        {
          "type": "minecraft:item",
          "weight": 3,
          "name": "minecraft:splash_potion",
          "functions": [
            {
              "function": "set_nbt",
              "tag": "{custom_potion_effects:[{id:\"minecraft:resistance\",amplifier:1b,duration:450},{id:\"minecraft:jump_boost\",amplifier:3b,duration:450}],CustomPotionColor:6024065}"
            }
          ]
        },

        {
          "type": "minecraft:item",
          "weight": 4,
          "name": "minecraft:experience_bottle",
          "functions": [
            {
              "function": "minecraft:set_count",
              "count": {
                "min": 6,
                "max": 12
              }
            }
          ]
        },
        {
          "type": "minecraft:loot_table",
          "weight": 3,
          "name": "infinity_cave:refs/epic_gear"
        },
        {
          "type": "minecraft:loot_table",
          "weight": 3,
          "name": "infinity_cave:refs/deeprock/epic"
        }
      ]
    }
  ]
}
