{
  "pools": [
    {
      "rolls": 7,
      "bonus_rolls": 1,
      "entries": [
        {
          "type": "minecraft:item",
          "weight": 2,
          "name": "minecraft:splash_potion",
          "functions": [
            {
              "function": "minecraft:set_nbt",
              "tag": "{custom_potion_effects:[{id:\"minecraft:instant_health\",amplifier:2b,duration:20},{id:\"minecraft:regeneration\",amplifier:2b,duration:100}],CustomPotionColor:16720161}"
            }
          ]
        },
        {
          "type": "item",
          "weight": 3,
          "name": "minecraft:cooked_porkchop",
          "functions": [
            {
              "function": "set_count",
              "count": 3
            },
            {
              "function": "set_nbt",
              "tag": "{ic:piglin_meat}"
            },
            {
              "function": "set_name",
              "name": [
                {
                  "text": "Piglin Meat",
                  "color": "aqua",
                  "italic": false
                }
              ]
            },
            {
              "function": "set_lore",
              "lore": [
                {
                  "text": "Applies Strength and",
                  "color": "gray",
                  "italic": false
                },
                {
                  "text": "Absorpion II for 10",
                  "color": "gray",
                  "italic": false
                },
                {
                  "text": "seconds",
                  "color": "gray",
                  "italic": false
                }
              ]
            }
          ]
        },
        {
          "type": "minecraft:item",
          "weight": 4,
          "name": "minecraft:experience_bottle",
          "functions": [
            {
              "function": "minecraft:set_count",
              "count": {
                "min": 6,
                "max": 12
              }
            }
          ]
        },
        {
          "type": "minecraft:loot_table",
          "weight": 3,
          "name": "infinity_cave:refs/epic_gear"
        },
        {
          "type": "minecraft:loot_table",
          "weight": 3,
          "name": "infinity_cave:refs/molten/epic"
        }
      ]
    }
  ]
}
