{
    "display": {
      "icon": {
        "item": "minecraft:netherite_hoe",
        "nbt": "{CustomModelData:1}"
      },
      "title": "Pokey Pokey!",
      "description": [
        {
          "text": "Dropped from a Legendary Alchemist\n\nObtain the Bastion Piercer"
        }
      ],
      "show_toast": true,
      "announce_to_chat": true,
      "hidden": false
    },
    "parent": "infinity_cave:display/kills/legendary",
    "criteria": {
      "requirement": {
        "trigger": "minecraft:inventory_changed",
        "conditions": {
          "items": [
            {
              "items": [
                "minecraft:netherite_hoe"
              ],
              "nbt": "{ic:bastion_piercer}"
            }
          ]
        }
      }
    }
  }
  