{
    "display": {
      "icon": {
        "item": "minecraft:ender_eye",
        "nbt": "{CustomModelData:6}"
      },
      "title": "Fire With a Ball",
      "description": [
        {
          "text": "Obtain a Fireball"
        }
      ],
      "show_toast": true,
      "announce_to_chat": true,
      "hidden": false
    },
    "parent": "infinity_cave:display/kills/rare",
    "criteria": {
      "requirement": {
        "trigger": "minecraft:inventory_changed",
        "conditions": {
          "items": [
            {
              "items": [
                "minecraft:ender_eye"
              ],
              "nbt": "{rc:fireball}"
            }
          ]
        }
      }
    }
  }
  