{
    "display": {
      "icon": {
        "item": "minecraft:crossbow",
        "nbt": "{CustomModelData:1}"
      },
      "title": "The Battlebox Experience",
      "description": [
        {
          "text": "Dropped from a Legendary Pillager/Skeleton in Frozen Caves\n\nObtain the Icicle Crossbow"
        }
      ],
      "show_toast": true,
      "announce_to_chat": true,
      "hidden": false
    },
    "parent": "infinity_cave:display/kills/legendary",
    "criteria": {
      "requirement": {
        "trigger": "minecraft:inventory_changed",
        "conditions": {
          "items": [
            {
              "items": [
                "minecraft:crossbow"
              ],
              "nbt": "{ic:icicle_crossbow}"
            }
          ]
        }
      }
    }
  }
  