{
    "display": {
      "icon": {
        "item": "minecraft:brush",
        "nbt": "{CustomModelData:1}"
      },
      "title": "Stop, Hammertime!",
      "description": [
        {
          "text": "Dropped from a Legendary Iron Golem/Ravager\n\nObtain the Molten Hammer"
        }
      ],
      "show_toast": true,
      "announce_to_chat": true,
      "hidden": false
    },
    "parent": "infinity_cave:display/kills/legendary",
    "criteria": {
      "requirement": {
        "trigger": "minecraft:inventory_changed",
        "conditions": {
          "items": [
            {
              "items": [
                "minecraft:brush"
              ],
              "nbt": "{ic:molten_hammer}"
            }
          ]
        }
      }
    }
  }
  