[
    {
      "condition": "minecraft:any_of",
      "terms": [
        {
          "condition": "minecraft:entity_properties",
          "entity": "this",
          "predicate": {
            "vehicle": {
              "type": "#minecraft:ride_stick/fish"
            },
            "equipment": {
              "offhand": {
                "items": [
                  "minecraft:warped_fungus_on_a_stick"
                ],
                "nbt": "{CustomModelData:30203}"
              }
            }
          }
        },
        {
          "condition": "minecraft:entity_properties",
          "entity": "this",
          "predicate": {
            "vehicle": {
              "type": "#minecraft:ride_stick/fish"
            },
            "equipment": {
              "mainhand": {
                "items": [
                  "minecraft:warped_fungus_on_a_stick"
                ],
                "nbt": "{CustomModelData:30203}"
              }
            }
          }
        }
      ]
    }
]